domain,sample_id,true_label,band,typicality,source,source_tier,label_mismatch,agreement,n_methods,lf_sim_pred,lf_sim_correct,lf_sim_faithful,lf_onom_pred,lf_onom_correct,lf_onom_faithful,fused_sim_pred,fused_sim_correct,fused_sim_faithful,fused_onom_pred,fused_onom_correct,fused_onom_faithful,rexnet_pred,rexnet_correct,proto_pred,proto_correct,audio,sample_path,annot_quality_ok,annot_label_agrees,annot_best_explanation,annot_notes
lung,sprsound_40985693_3.4_0_p2_8627_2,Crackle,ambiguous,-2.235,sprsound,1,False,0,21,Normal,False,0.0,Normal,False,0.0,Normal,False,0.0,Normal,False,0.0,Normal,False,Normal,False,https://simile-xai-audio.s3.ap-southeast-2.amazonaws.com/data_v1/lung/audio/sprsound_40985693_3.4_0_p2_8627_2.wav,data/processed/UnifiedLungSymptomDataset/audio/sprsound_40985693_3.4_0_p2_8627_2.wav,,,,
lung,hflung_steth_20190809_12_03_44_22,Crackle,ambiguous,-2.1808,hflung,3,True,0,21,Wheeze,False,0.0,Wheeze,False,0.0,Wheeze,False,0.0,Wheeze,False,0.0,Wheeze,False,Wheeze,False,https://simile-xai-audio.s3.ap-southeast-2.amazonaws.com/data_v1/lung/audio/hflung_steth_20190809_12_03_44_22.wav,data/processed/UnifiedLungSymptomDataset/audio/hflung_steth_20190809_12_03_44_22.wav,,,,
lung,icbhi_180_1b4_Ar_mc_AKGC417L_5,Crackle,ambiguous,-2.1696,icbhi,1,False,0,21,Wheeze,False,0.0,Wheeze,False,0.0,Wheeze,False,0.0,Wheeze,False,0.0,Wheeze,False,Wheeze,False,https://simile-xai-audio.s3.ap-southeast-2.amazonaws.com/data_v1/lung/audio/icbhi_180_1b4_Ar_mc_AKGC417L_5.wav,data/processed/UnifiedLungSymptomDataset/audio/icbhi_180_1b4_Ar_mc_AKGC417L_5.wav,,,,
lung,fraiwan_2,Crackle,ambiguous,-1.5399,fraiwan,2,True,7,21,Normal,False,0.2,Normal,False,0.0,Normal,False,0.2,Normal,False,0.6,Normal,False,Normal,False,https://simile-xai-audio.s3.ap-southeast-2.amazonaws.com/data_v1/lung/audio/fraiwan_2.wav,data/processed/UnifiedLungSymptomDataset/audio/fraiwan_2.wav,,,,
lung,sprsound_40985693_3.4_0_p2_8627_3,Crackle,ambiguous,-2.2095,sprsound,1,False,0,21,Normal,False,0.0,Normal,False,0.0,Normal,False,0.0,Normal,False,0.0,Normal,False,Normal,False,https://simile-xai-audio.s3.ap-southeast-2.amazonaws.com/data_v1/lung/audio/sprsound_40985693_3.4_0_p2_8627_3.wav,data/processed/UnifiedLungSymptomDataset/audio/sprsound_40985693_3.4_0_p2_8627_3.wav,,,,
lung,hflung_steth_20190711_13_43_08_1,Crackle,ambiguous,-2.1071,hflung,3,True,0,21,Wheeze,False,0.0,Wheeze,False,0.0,Wheeze,False,0.0,Wheeze,False,0.0,Wheeze,False,Stridor,False,https://simile-xai-audio.s3.ap-southeast-2.amazonaws.com/data_v1/lung/audio/hflung_steth_20190711_13_43_08_1.wav,data/processed/UnifiedLungSymptomDataset/audio/hflung_steth_20190711_13_43_08_1.wav,,,,
lung,icbhi_156_8b3_Ar_mc_AKGC417L_0,Crackle,ambiguous,-2.165,icbhi,1,False,0,21,Normal,False,0.0,Normal,False,0.0,Normal,False,0.0,Normal,False,0.0,Normal,False,Normal,False,https://simile-xai-audio.s3.ap-southeast-2.amazonaws.com/data_v1/lung/audio/icbhi_156_8b3_Ar_mc_AKGC417L_0.wav,data/processed/UnifiedLungSymptomDataset/audio/icbhi_156_8b3_Ar_mc_AKGC417L_0.wav,,,,
lung,fraiwan_287,Crackle,ambiguous,-1.3876,fraiwan,2,True,13,21,Crackle,True,0.2,Crackle,True,1.0,Crackle,True,0.2,Crackle,True,0.4,Crackle,True,Crackle,True,https://simile-xai-audio.s3.ap-southeast-2.amazonaws.com/data_v1/lung/audio/fraiwan_287.wav,data/processed/UnifiedLungSymptomDataset/audio/fraiwan_287.wav,,,,
lung,sprsound_40985693_3.4_0_p2_8627_1,Crackle,ambiguous,-2.1921,sprsound,1,False,1,21,Normal,False,0.0,Normal,False,0.0,Normal,False,0.0,Normal,False,0.0,Crackle,True,Normal,False,https://simile-xai-audio.s3.ap-southeast-2.amazonaws.com/data_v1/lung/audio/sprsound_40985693_3.4_0_p2_8627_1.wav,data/processed/UnifiedLungSymptomDataset/audio/sprsound_40985693_3.4_0_p2_8627_1.wav,,,,
lung,hflung_steth_20190711_13_43_08_7,Crackle,ambiguous,-2.0188,hflung,3,True,1,21,Wheeze,False,0.0,Stridor,False,0.0,Wheeze,False,0.0,Stridor,False,0.0,Crackle,True,Wheeze,False,https://simile-xai-audio.s3.ap-southeast-2.amazonaws.com/data_v1/lung/audio/hflung_steth_20190711_13_43_08_7.wav,data/processed/UnifiedLungSymptomDataset/audio/hflung_steth_20190711_13_43_08_7.wav,,,,
lung,icbhi_207_2b3_Al_mc_AKGC417L_1,Crackle,ambiguous,-1.923,icbhi,1,False,8,21,Crackle,True,0.0,Normal,False,0.0,Crackle,True,0.2,Crackle,True,0.2,Normal,False,Normal,False,https://simile-xai-audio.s3.ap-southeast-2.amazonaws.com/data_v1/lung/audio/icbhi_207_2b3_Al_mc_AKGC417L_1.wav,data/processed/UnifiedLungSymptomDataset/audio/icbhi_207_2b3_Al_mc_AKGC417L_1.wav,,,,
lung,fraiwan_277,Crackle,ambiguous,-1.2706,fraiwan,2,True,13,21,Crackle,True,0.0,Crackle,True,0.2,Crackle,True,0.2,Crackle,True,0.4,Crackle,True,Normal,False,https://simile-xai-audio.s3.ap-southeast-2.amazonaws.com/data_v1/lung/audio/fraiwan_277.wav,data/processed/UnifiedLungSymptomDataset/audio/fraiwan_277.wav,,,,
lung,sprsound_41263533_6.8_1_p4_884_2,Crackle,ambiguous,-2.1442,sprsound,1,False,3,21,Normal,False,0.0,Normal,False,0.0,Normal,False,0.0,Normal,False,0.0,Normal,False,Crackle,True,https://simile-xai-audio.s3.ap-southeast-2.amazonaws.com/data_v1/lung/audio/sprsound_41263533_6.8_1_p4_884_2.wav,data/processed/UnifiedLungSymptomDataset/audio/sprsound_41263533_6.8_1_p4_884_2.wav,,,,
lung,hflung_steth_20190616_14_35_27_6,Crackle,ambiguous,-1.9982,hflung,3,True,5,21,Wheeze,False,0.0,Wheeze,False,0.0,Wheeze,False,0.0,Crackle,True,0.0,Crackle,True,Crackle,True,https://simile-xai-audio.s3.ap-southeast-2.amazonaws.com/data_v1/lung/audio/hflung_steth_20190616_14_35_27_6.wav,data/processed/UnifiedLungSymptomDataset/audio/hflung_steth_20190616_14_35_27_6.wav,,,,
lung,icbhi_156_8b3_Pl_mc_AKGC417L_5,Crackle,ambiguous,-1.9141,icbhi,1,False,0,21,Wheeze,False,0.0,Wheeze,False,0.0,Wheeze,False,0.0,Wheeze,False,0.0,Normal,False,Normal,False,https://simile-xai-audio.s3.ap-southeast-2.amazonaws.com/data_v1/lung/audio/icbhi_156_8b3_Pl_mc_AKGC417L_5.wav,data/processed/UnifiedLungSymptomDataset/audio/icbhi_156_8b3_Pl_mc_AKGC417L_5.wav,,,,
lung,sprsound_41186340_6.6_0_p2_2701_3,Crackle,borderline,-0.305,sprsound,1,False,20,21,Crackle,True,0.8,Crackle,True,1.0,Crackle,True,0.8,Crackle,True,0.8,Crackle,True,Normal,False,https://simile-xai-audio.s3.ap-southeast-2.amazonaws.com/data_v1/lung/audio/sprsound_41186340_6.6_0_p2_2701_3.wav,data/processed/UnifiedLungSymptomDataset/audio/sprsound_41186340_6.6_0_p2_2701_3.wav,,,,
lung,hflung_trunc_2019-06-23-10-32-54-L1_0_6,Crackle,borderline,-0.305,hflung,3,True,16,21,Crackle,True,0.4,Crackle,True,0.8,Crackle,True,0.2,Crackle,True,0.4,Crackle,True,Wheeze,False,https://simile-xai-audio.s3.ap-southeast-2.amazonaws.com/data_v1/lung/audio/hflung_trunc_2019-06-23-10-32-54-L1_0_6.wav,data/processed/UnifiedLungSymptomDataset/audio/hflung_trunc_2019-06-23-10-32-54-L1_0_6.wav,,,,
lung,icbhi_156_2b3_Pr_mc_AKGC417L_3,Crackle,borderline,-0.3001,icbhi,1,False,7,21,Wheeze,False,0.4,Wheeze,False,0.8,Crackle,True,0.2,Crackle,True,0.6,Wheeze,False,Wheeze,False,https://simile-xai-audio.s3.ap-southeast-2.amazonaws.com/data_v1/lung/audio/icbhi_156_2b3_Pr_mc_AKGC417L_3.wav,data/processed/UnifiedLungSymptomDataset/audio/icbhi_156_2b3_Pr_mc_AKGC417L_3.wav,,,,
lung,fraiwan_218,Crackle,borderline,-0.2989,fraiwan,2,True,20,21,Crackle,True,0.2,Crackle,True,0.6,Crackle,True,0.4,Crackle,True,0.6,Crackle,True,Crackle,True,https://simile-xai-audio.s3.ap-southeast-2.amazonaws.com/data_v1/lung/audio/fraiwan_218.wav,data/processed/UnifiedLungSymptomDataset/audio/fraiwan_218.wav,,,,
lung,sprsound_41186340_6.6_0_p2_2701_4,Crackle,borderline,-0.305,sprsound,1,False,20,21,Crackle,True,0.8,Crackle,True,1.0,Crackle,True,0.8,Crackle,True,0.8,Crackle,True,Normal,False,https://simile-xai-audio.s3.ap-southeast-2.amazonaws.com/data_v1/lung/audio/sprsound_41186340_6.6_0_p2_2701_4.wav,data/processed/UnifiedLungSymptomDataset/audio/sprsound_41186340_6.6_0_p2_2701_4.wav,,,,
lung,hflung_steth_20190423_14_35_59_16,Crackle,borderline,-0.3043,hflung,3,True,21,21,Crackle,True,1.0,Crackle,True,1.0,Crackle,True,1.0,Crackle,True,1.0,Crackle,True,Crackle,True,https://simile-xai-audio.s3.ap-southeast-2.amazonaws.com/data_v1/lung/audio/hflung_steth_20190423_14_35_59_16.wav,data/processed/UnifiedLungSymptomDataset/audio/hflung_steth_20190423_14_35_59_16.wav,,,,
lung,icbhi_166_1p1_Pl_sc_Meditron_23,Crackle,borderline,-0.3,icbhi,1,False,20,21,Crackle,True,0.8,Crackle,True,0.8,Crackle,True,0.8,Crackle,True,1.0,Crackle,True,Normal,False,https://simile-xai-audio.s3.ap-southeast-2.amazonaws.com/data_v1/lung/audio/icbhi_166_1p1_Pl_sc_Meditron_23.wav,data/processed/UnifiedLungSymptomDataset/audio/icbhi_166_1p1_Pl_sc_Meditron_23.wav,,,,
lung,sprsound_41161556_1.7_0_p3_2345_2,Crackle,borderline,-0.2978,sprsound,1,False,21,21,Crackle,True,0.4,Crackle,True,0.8,Crackle,True,0.6,Crackle,True,0.8,Crackle,True,Crackle,True,https://simile-xai-audio.s3.ap-southeast-2.amazonaws.com/data_v1/lung/audio/sprsound_41161556_1.7_0_p3_2345_2.wav,data/processed/UnifiedLungSymptomDataset/audio/sprsound_41161556_1.7_0_p3_2345_2.wav,,,,
lung,hflung_steth_20181031_13_42_35_6,Crackle,borderline,-0.2988,hflung,3,True,11,21,Crackle,True,0.0,Crackle,True,0.8,Wheeze,False,0.2,Wheeze,False,0.4,Wheeze,False,Crackle,True,https://simile-xai-audio.s3.ap-southeast-2.amazonaws.com/data_v1/lung/audio/hflung_steth_20181031_13_42_35_6.wav,data/processed/UnifiedLungSymptomDataset/audio/hflung_steth_20181031_13_42_35_6.wav,,,,
lung,icbhi_156_5b3_Ll_mc_AKGC417L_7,Crackle,borderline,-0.2757,icbhi,1,False,9,21,Normal,False,0.4,Crackle,True,0.0,Normal,False,0.2,Normal,False,0.6,Crackle,True,Normal,False,https://simile-xai-audio.s3.ap-southeast-2.amazonaws.com/data_v1/lung/audio/icbhi_156_5b3_Ll_mc_AKGC417L_7.wav,data/processed/UnifiedLungSymptomDataset/audio/icbhi_156_5b3_Ll_mc_AKGC417L_7.wav,,,,
lung,sprsound_41161556_1.7_0_p3_2345_0,Crackle,borderline,-0.2886,sprsound,1,False,21,21,Crackle,True,0.4,Crackle,True,0.8,Crackle,True,0.4,Crackle,True,0.8,Crackle,True,Crackle,True,https://simile-xai-audio.s3.ap-southeast-2.amazonaws.com/data_v1/lung/audio/sprsound_41161556_1.7_0_p3_2345_0.wav,data/processed/UnifiedLungSymptomDataset/audio/sprsound_41161556_1.7_0_p3_2345_0.wav,,,,
lung,hflung_trunc_2019-05-07-14-16-16-L6_4_2,Crackle,borderline,-0.2979,hflung,3,True,10,21,Crackle,True,0.0,Crackle,True,0.2,Crackle,True,0.0,Crackle,True,0.0,Crackle,True,Crackle,True,https://simile-xai-audio.s3.ap-southeast-2.amazonaws.com/data_v1/lung/audio/hflung_trunc_2019-05-07-14-16-16-L6_4_2.wav,data/processed/UnifiedLungSymptomDataset/audio/hflung_trunc_2019-05-07-14-16-16-L6_4_2.wav,,,,
lung,icbhi_166_1p1_Ll_sc_Meditron_5,Crackle,borderline,-0.2432,icbhi,1,False,20,21,Crackle,True,0.6,Crackle,True,1.0,Crackle,True,0.6,Crackle,True,0.8,Crackle,True,Crackle,True,https://simile-xai-audio.s3.ap-southeast-2.amazonaws.com/data_v1/lung/audio/icbhi_166_1p1_Ll_sc_Meditron_5.wav,data/processed/UnifiedLungSymptomDataset/audio/icbhi_166_1p1_Ll_sc_Meditron_5.wav,,,,
lung,sprsound_41187871_3.8_1_p2_3257_3,Crackle,borderline,-0.2883,sprsound,1,False,21,21,Crackle,True,1.0,Crackle,True,1.0,Crackle,True,0.8,Crackle,True,1.0,Crackle,True,Crackle,True,https://simile-xai-audio.s3.ap-southeast-2.amazonaws.com/data_v1/lung/audio/sprsound_41187871_3.8_1_p2_3257_3.wav,data/processed/UnifiedLungSymptomDataset/audio/sprsound_41187871_3.8_1_p2_3257_3.wav,,,,
lung,hflung_steth_20181114_09_19_52_6,Crackle,borderline,-0.2978,hflung,3,True,16,21,Crackle,True,0.0,Crackle,True,0.8,Crackle,True,0.4,Crackle,True,0.8,Crackle,True,Crackle,True,https://simile-xai-audio.s3.ap-southeast-2.amazonaws.com/data_v1/lung/audio/hflung_steth_20181114_09_19_52_6.wav,data/processed/UnifiedLungSymptomDataset/audio/hflung_steth_20181114_09_19_52_6.wav,,,,
lung,hflung_steth_20190811_10_30_47_7,Crackle,clear,1.103,hflung,3,True,21,21,Crackle,True,1.0,Crackle,True,1.0,Crackle,True,1.0,Crackle,True,1.0,Crackle,True,Crackle,True,https://simile-xai-audio.s3.ap-southeast-2.amazonaws.com/data_v1/lung/audio/hflung_steth_20190811_10_30_47_7.wav,data/processed/UnifiedLungSymptomDataset/audio/hflung_steth_20190811_10_30_47_7.wav,,,,
lung,sprsound_41161556_1.7_0_p4_3098_3,Crackle,clear,0.79,sprsound,1,False,21,21,Crackle,True,0.8,Crackle,True,1.0,Crackle,True,0.8,Crackle,True,1.0,Crackle,True,Crackle,True,https://simile-xai-audio.s3.ap-southeast-2.amazonaws.com/data_v1/lung/audio/sprsound_41161556_1.7_0_p4_3098_3.wav,data/processed/UnifiedLungSymptomDataset/audio/sprsound_41161556_1.7_0_p4_3098_3.wav,,,,
lung,icbhi_166_1p1_Pl_sc_Meditron_19,Crackle,clear,0.6247,icbhi,1,False,20,21,Crackle,True,0.8,Crackle,True,1.0,Crackle,True,0.8,Crackle,True,1.0,Crackle,True,Normal,False,https://simile-xai-audio.s3.ap-southeast-2.amazonaws.com/data_v1/lung/audio/icbhi_166_1p1_Pl_sc_Meditron_19.wav,data/processed/UnifiedLungSymptomDataset/audio/icbhi_166_1p1_Pl_sc_Meditron_19.wav,,,,
lung,fraiwan_11,Crackle,clear,0.5393,fraiwan,2,True,15,21,Crackle,True,0.6,Crackle,True,1.0,Wheeze,False,0.8,Crackle,True,0.8,Crackle,True,Crackle,True,https://simile-xai-audio.s3.ap-southeast-2.amazonaws.com/data_v1/lung/audio/fraiwan_11.wav,data/processed/UnifiedLungSymptomDataset/audio/fraiwan_11.wav,,,,
lung,hflung_trunc_2019-05-07-16-03-02-L2_10_1,Crackle,clear,1.0396,hflung,3,True,21,21,Crackle,True,1.0,Crackle,True,1.0,Crackle,True,1.0,Crackle,True,0.8,Crackle,True,Crackle,True,https://simile-xai-audio.s3.ap-southeast-2.amazonaws.com/data_v1/lung/audio/hflung_trunc_2019-05-07-16-03-02-L2_10_1.wav,data/processed/UnifiedLungSymptomDataset/audio/hflung_trunc_2019-05-07-16-03-02-L2_10_1.wav,,,,
lung,sprsound_41091768_7.7_0_p1_853_2,Crackle,clear,0.6477,sprsound,1,False,21,21,Crackle,True,0.4,Crackle,True,0.2,Crackle,True,0.4,Crackle,True,0.2,Crackle,True,Crackle,True,https://simile-xai-audio.s3.ap-southeast-2.amazonaws.com/data_v1/lung/audio/sprsound_41091768_7.7_0_p1_853_2.wav,data/processed/UnifiedLungSymptomDataset/audio/sprsound_41091768_7.7_0_p1_853_2.wav,,,,
lung,icbhi_166_1p1_Al_sc_Meditron_13,Crackle,clear,0.5249,icbhi,1,False,15,21,Normal,False,0.2,Crackle,True,0.0,Normal,False,0.2,Normal,False,0.6,Normal,False,Normal,False,https://simile-xai-audio.s3.ap-southeast-2.amazonaws.com/data_v1/lung/audio/icbhi_166_1p1_Al_sc_Meditron_13.wav,data/processed/UnifiedLungSymptomDataset/audio/icbhi_166_1p1_Al_sc_Meditron_13.wav,,,,
lung,hflung_trunc_2019-05-07-16-03-02-L2_10_3,Crackle,clear,1.0396,hflung,3,True,21,21,Crackle,True,1.0,Crackle,True,1.0,Crackle,True,1.0,Crackle,True,0.8,Crackle,True,Crackle,True,https://simile-xai-audio.s3.ap-southeast-2.amazonaws.com/data_v1/lung/audio/hflung_trunc_2019-05-07-16-03-02-L2_10_3.wav,data/processed/UnifiedLungSymptomDataset/audio/hflung_trunc_2019-05-07-16-03-02-L2_10_3.wav,,,,
lung,sprsound_41263355_3.4_0_p4_972_1,Crackle,clear,0.6057,sprsound,1,False,21,21,Crackle,True,1.0,Crackle,True,1.0,Crackle,True,0.8,Crackle,True,1.0,Crackle,True,Crackle,True,https://simile-xai-audio.s3.ap-southeast-2.amazonaws.com/data_v1/lung/audio/sprsound_41263355_3.4_0_p4_972_1.wav,data/processed/UnifiedLungSymptomDataset/audio/sprsound_41263355_3.4_0_p4_972_1.wav,,,,
lung,icbhi_156_5b3_Ll_mc_AKGC417L_6,Crackle,clear,0.3382,icbhi,1,False,5,21,Normal,False,0.0,Normal,False,0.0,Normal,False,0.2,Normal,False,0.4,Normal,False,Normal,False,https://simile-xai-audio.s3.ap-southeast-2.amazonaws.com/data_v1/lung/audio/icbhi_156_5b3_Ll_mc_AKGC417L_6.wav,data/processed/UnifiedLungSymptomDataset/audio/icbhi_156_5b3_Ll_mc_AKGC417L_6.wav,,,,
lung,hflung_trunc_2019-07-17-11-06-06-L2_9_17,Crackle,clear,1.0176,hflung,3,True,21,21,Crackle,True,0.8,Crackle,True,0.8,Crackle,True,0.4,Crackle,True,0.4,Crackle,True,Crackle,True,https://simile-xai-audio.s3.ap-southeast-2.amazonaws.com/data_v1/lung/audio/hflung_trunc_2019-07-17-11-06-06-L2_9_17.wav,data/processed/UnifiedLungSymptomDataset/audio/hflung_trunc_2019-07-17-11-06-06-L2_9_17.wav,,,,
lung,sprsound_41267028_0.3_0_p2_2642_1,Crackle,clear,0.5779,sprsound,1,False,21,21,Crackle,True,0.8,Crackle,True,1.0,Crackle,True,0.4,Crackle,True,0.8,Crackle,True,Crackle,True,https://simile-xai-audio.s3.ap-southeast-2.amazonaws.com/data_v1/lung/audio/sprsound_41267028_0.3_0_p2_2642_1.wav,data/processed/UnifiedLungSymptomDataset/audio/sprsound_41267028_0.3_0_p2_2642_1.wav,,,,
lung,hflung_trunc_2019-07-17-11-06-06-L2_9_15,Crackle,clear,1.0176,hflung,3,True,21,21,Crackle,True,0.8,Crackle,True,0.8,Crackle,True,0.4,Crackle,True,0.4,Crackle,True,Crackle,True,https://simile-xai-audio.s3.ap-southeast-2.amazonaws.com/data_v1/lung/audio/hflung_trunc_2019-07-17-11-06-06-L2_9_15.wav,data/processed/UnifiedLungSymptomDataset/audio/hflung_trunc_2019-07-17-11-06-06-L2_9_15.wav,,,,
lung,sprsound_41161556_1.7_0_p4_3098_5,Crackle,clear,0.5686,sprsound,1,False,18,21,Crackle,True,0.6,Crackle,True,0.0,Crackle,True,0.4,Crackle,True,0.0,Crackle,True,Crackle,True,https://simile-xai-audio.s3.ap-southeast-2.amazonaws.com/data_v1/lung/audio/sprsound_41161556_1.7_0_p4_3098_5.wav,data/processed/UnifiedLungSymptomDataset/audio/sprsound_41161556_1.7_0_p4_3098_5.wav,,,,
lung,hflung_trunc_2019-05-07-16-03-02-L2_10_5,Crackle,clear,1.0131,hflung,3,True,21,21,Crackle,True,1.0,Crackle,True,0.8,Crackle,True,1.0,Crackle,True,0.6,Crackle,True,Crackle,True,https://simile-xai-audio.s3.ap-southeast-2.amazonaws.com/data_v1/lung/audio/hflung_trunc_2019-05-07-16-03-02-L2_10_5.wav,data/processed/UnifiedLungSymptomDataset/audio/hflung_trunc_2019-05-07-16-03-02-L2_10_5.wav,,,,
lung,icbhi_166_1p1_Ll_sc_Meditron_24,Normal,ambiguous,-2.1386,icbhi,1,False,12,21,Normal,True,1.0,Normal,True,0.8,Normal,True,0.8,Crackle,False,0.8,Normal,True,Normal,True,https://simile-xai-audio.s3.ap-southeast-2.amazonaws.com/data_v1/lung/audio/icbhi_166_1p1_Ll_sc_Meditron_24.wav,data/processed/UnifiedLungSymptomDataset/audio/icbhi_166_1p1_Ll_sc_Meditron_24.wav,,,,
lung,sprsound_65106469_0.7_0_p4_4253_0,Normal,ambiguous,-1.5419,sprsound,1,False,3,21,Crackle,False,0.0,Crackle,False,0.2,Crackle,False,0.0,Crackle,False,0.0,Normal,True,Normal,True,https://simile-xai-audio.s3.ap-southeast-2.amazonaws.com/data_v1/lung/audio/sprsound_65106469_0.7_0_p4_4253_0.wav,data/processed/UnifiedLungSymptomDataset/audio/sprsound_65106469_0.7_0_p4_4253_0.wav,,,,
lung,fraiwan_219,Normal,ambiguous,-1.3887,fraiwan,2,True,3,21,Crackle,False,0.2,Crackle,False,0.0,Crackle,False,0.2,Crackle,False,0.0,Crackle,False,Normal,True,https://simile-xai-audio.s3.ap-southeast-2.amazonaws.com/data_v1/lung/audio/fraiwan_219.wav,data/processed/UnifiedLungSymptomDataset/audio/fraiwan_219.wav,,,,
lung,icbhi_166_1p1_Ar_sc_Meditron_15,Normal,ambiguous,-2.0099,icbhi,1,False,6,21,Normal,True,0.6,Crackle,False,0.6,Wheeze,False,0.4,Wheeze,False,0.6,Crackle,False,Normal,True,https://simile-xai-audio.s3.ap-southeast-2.amazonaws.com/data_v1/lung/audio/icbhi_166_1p1_Ar_sc_Meditron_15.wav,data/processed/UnifiedLungSymptomDataset/audio/icbhi_166_1p1_Ar_sc_Meditron_15.wav,,,,
lung,sprsound_64743918_7.0_0_p1_2518_0,Normal,ambiguous,-1.5159,sprsound,1,False,1,21,Wheeze,False,0.0,Wheeze,False,0.2,Wheeze,False,0.2,Crackle,False,0.0,Wheeze,False,Crackle,False,https://simile-xai-audio.s3.ap-southeast-2.amazonaws.com/data_v1/lung/audio/sprsound_64743918_7.0_0_p1_2518_0.wav,data/processed/UnifiedLungSymptomDataset/audio/sprsound_64743918_7.0_0_p1_2518_0.wav,,,,
lung,fraiwan_332,Normal,ambiguous,-1.2274,fraiwan,2,True,2,21,Crackle,False,0.0,Crackle,False,0.0,Crackle,False,0.0,Crackle,False,0.0,Normal,True,Normal,True,https://simile-xai-audio.s3.ap-southeast-2.amazonaws.com/data_v1/lung/audio/fraiwan_332.wav,data/processed/UnifiedLungSymptomDataset/audio/fraiwan_332.wav,,,,
lung,icbhi_166_1p1_Al_sc_Meditron_12,Normal,ambiguous,-1.9246,icbhi,1,False,7,21,Crackle,False,0.4,Crackle,False,0.8,Crackle,False,0.4,Crackle,False,0.6,Normal,True,Normal,True,https://simile-xai-audio.s3.ap-southeast-2.amazonaws.com/data_v1/lung/audio/icbhi_166_1p1_Al_sc_Meditron_12.wav,data/processed/UnifiedLungSymptomDataset/audio/icbhi_166_1p1_Al_sc_Meditron_12.wav,,,,
lung,sprsound_64783073_1.3_0_p3_3282_4,Normal,ambiguous,-1.3286,sprsound,1,False,4,21,Crackle,False,0.0,Crackle,False,0.2,Crackle,False,0.2,Crackle,False,0.0,Crackle,False,Stridor,False,https://simile-xai-audio.s3.ap-southeast-2.amazonaws.com/data_v1/lung/audio/sprsound_64783073_1.3_0_p3_3282_4.wav,data/processed/UnifiedLungSymptomDataset/audio/sprsound_64783073_1.3_0_p3_3282_4.wav,,,,
lung,fraiwan_56,Normal,ambiguous,-1.0319,fraiwan,2,True,18,21,Normal,True,0.4,Normal,True,1.0,Normal,True,0.2,Normal,True,0.4,Normal,True,Normal,True,https://simile-xai-audio.s3.ap-southeast-2.amazonaws.com/data_v1/lung/audio/fraiwan_56.wav,data/processed/UnifiedLungSymptomDataset/audio/fraiwan_56.wav,,,,
lung,icbhi_166_1p1_Ll_sc_Meditron_23,Normal,ambiguous,-1.8699,icbhi,1,False,8,21,Normal,True,0.8,Normal,True,0.8,Normal,True,0.8,Crackle,False,0.8,Normal,True,Crackle,False,https://simile-xai-audio.s3.ap-southeast-2.amazonaws.com/data_v1/lung/audio/icbhi_166_1p1_Ll_sc_Meditron_23.wav,data/processed/UnifiedLungSymptomDataset/audio/icbhi_166_1p1_Ll_sc_Meditron_23.wav,,,,
lung,sprsound_64743918_7.0_0_p2_2566_0,Normal,ambiguous,-1.3054,sprsound,1,False,3,21,Wheeze,False,0.2,Wheeze,False,0.8,Wheeze,False,0.6,Wheeze,False,0.6,Normal,True,Wheeze,False,https://simile-xai-audio.s3.ap-southeast-2.amazonaws.com/data_v1/lung/audio/sprsound_64743918_7.0_0_p2_2566_0.wav,data/processed/UnifiedLungSymptomDataset/audio/sprsound_64743918_7.0_0_p2_2566_0.wav,,,,
lung,fraiwan_313,Normal,ambiguous,-0.7567,fraiwan,2,True,13,21,Normal,True,0.2,Normal,True,0.4,Normal,True,0.2,Normal,True,0.2,Normal,True,Normal,True,https://simile-xai-audio.s3.ap-southeast-2.amazonaws.com/data_v1/lung/audio/fraiwan_313.wav,data/processed/UnifiedLungSymptomDataset/audio/fraiwan_313.wav,,,,
lung,icbhi_208_1b1_Ll_sc_Meditron_7,Normal,ambiguous,-1.8307,icbhi,1,False,16,21,Normal,True,0.8,Normal,True,0.8,Normal,True,0.4,Normal,True,0.4,Normal,True,Normal,True,https://simile-xai-audio.s3.ap-southeast-2.amazonaws.com/data_v1/lung/audio/icbhi_208_1b1_Ll_sc_Meditron_7.wav,data/processed/UnifiedLungSymptomDataset/audio/icbhi_208_1b1_Ll_sc_Meditron_7.wav,,,,
lung,sprsound_65066035_1.7_0_p2_1768_1,Normal,ambiguous,-1.0187,sprsound,1,False,2,21,Wheeze,False,0.0,Wheeze,False,0.2,Wheeze,False,0.2,Wheeze,False,0.0,Normal,True,Wheeze,False,https://simile-xai-audio.s3.ap-southeast-2.amazonaws.com/data_v1/lung/audio/sprsound_65066035_1.7_0_p2_1768_1.wav,data/processed/UnifiedLungSymptomDataset/audio/sprsound_65066035_1.7_0_p2_1768_1.wav,,,,
lung,fraiwan_53,Normal,ambiguous,-0.6897,fraiwan,2,True,0,21,Wheeze,False,0.0,Wheeze,False,0.6,Wheeze,False,0.2,Wheeze,False,0.0,Wheeze,False,Wheeze,False,https://simile-xai-audio.s3.ap-southeast-2.amazonaws.com/data_v1/lung/audio/fraiwan_53.wav,data/processed/UnifiedLungSymptomDataset/audio/fraiwan_53.wav,,,,
lung,sprsound_64070366_5.0_1_p4_5371_5,Normal,borderline,0.7477,sprsound,1,False,18,21,Normal,True,0.8,Normal,True,1.0,Normal,True,1.0,Normal,True,1.0,Normal,True,Normal,True,https://simile-xai-audio.s3.ap-southeast-2.amazonaws.com/data_v1/lung/audio/sprsound_64070366_5.0_1_p4_5371_5.wav,data/processed/UnifiedLungSymptomDataset/audio/sprsound_64070366_5.0_1_p4_5371_5.wav,,,,
lung,icbhi_187_1b1_Ll_sc_Meditron_13,Normal,borderline,0.7592,icbhi,1,False,21,21,Normal,True,0.8,Normal,True,0.8,Normal,True,0.6,Normal,True,0.6,Normal,True,Normal,True,https://simile-xai-audio.s3.ap-southeast-2.amazonaws.com/data_v1/lung/audio/icbhi_187_1b1_Ll_sc_Meditron_13.wav,data/processed/UnifiedLungSymptomDataset/audio/icbhi_187_1b1_Ll_sc_Meditron_13.wav,,,,
lung,fraiwan_146,Normal,borderline,0.8542,fraiwan,2,True,14,21,Normal,True,1.0,Normal,True,0.8,Normal,True,0.8,Normal,True,0.8,Normal,True,Crackle,False,https://simile-xai-audio.s3.ap-southeast-2.amazonaws.com/data_v1/lung/audio/fraiwan_146.wav,data/processed/UnifiedLungSymptomDataset/audio/fraiwan_146.wav,,,,
lung,sprsound_65106469_0.7_0_p3_4251_2,Normal,borderline,0.7483,sprsound,1,False,17,21,Normal,True,1.0,Normal,True,1.0,Normal,True,1.0,Normal,True,1.0,Normal,True,Normal,True,https://simile-xai-audio.s3.ap-southeast-2.amazonaws.com/data_v1/lung/audio/sprsound_65106469_0.7_0_p3_4251_2.wav,data/processed/UnifiedLungSymptomDataset/audio/sprsound_65106469_0.7_0_p3_4251_2.wav,,,,
lung,icbhi_115_1b1_Ar_sc_Meditron_8,Normal,borderline,0.7694,icbhi,1,False,21,21,Normal,True,1.0,Normal,True,1.0,Normal,True,0.6,Normal,True,0.8,Normal,True,Normal,True,https://simile-xai-audio.s3.ap-southeast-2.amazonaws.com/data_v1/lung/audio/icbhi_115_1b1_Ar_sc_Meditron_8.wav,data/processed/UnifiedLungSymptomDataset/audio/icbhi_115_1b1_Ar_sc_Meditron_8.wav,,,,
lung,sprsound_41187871_3.8_1_p4_3255_4,Normal,borderline,0.749,sprsound,1,False,20,21,Normal,True,0.8,Normal,True,0.8,Normal,True,1.0,Normal,True,1.0,Normal,True,Normal,True,https://simile-xai-audio.s3.ap-southeast-2.amazonaws.com/data_v1/lung/audio/sprsound_41187871_3.8_1_p4_3255_4.wav,data/processed/UnifiedLungSymptomDataset/audio/sprsound_41187871_3.8_1_p4_3255_4.wav,,,,
lung,icbhi_187_1b1_Ll_sc_Meditron_10,Normal,borderline,0.777,icbhi,1,False,20,21,Normal,True,1.0,Normal,True,1.0,Normal,True,0.8,Normal,True,0.8,Normal,True,Crackle,False,https://simile-xai-audio.s3.ap-southeast-2.amazonaws.com/data_v1/lung/audio/icbhi_187_1b1_Ll_sc_Meditron_10.wav,data/processed/UnifiedLungSymptomDataset/audio/icbhi_187_1b1_Ll_sc_Meditron_10.wav,,,,
lung,sprsound_66336391_3.3_0_p2_7968_2,Normal,borderline,0.7494,sprsound,1,False,19,21,Normal,True,1.0,Normal,True,1.0,Normal,True,1.0,Normal,True,1.0,Normal,True,Normal,True,https://simile-xai-audio.s3.ap-southeast-2.amazonaws.com/data_v1/lung/audio/sprsound_66336391_3.3_0_p2_7968_2.wav,data/processed/UnifiedLungSymptomDataset/audio/sprsound_66336391_3.3_0_p2_7968_2.wav,,,,
lung,icbhi_115_1b1_Ar_sc_Meditron_3,Normal,borderline,0.7882,icbhi,1,False,21,21,Normal,True,1.0,Normal,True,1.0,Normal,True,0.6,Normal,True,0.8,Normal,True,Normal,True,https://simile-xai-audio.s3.ap-southeast-2.amazonaws.com/data_v1/lung/audio/icbhi_115_1b1_Ar_sc_Meditron_3.wav,data/processed/UnifiedLungSymptomDataset/audio/icbhi_115_1b1_Ar_sc_Meditron_3.wav,,,,
lung,sprsound_41200159_7.3_0_p1_11462_2,Normal,borderline,0.7521,sprsound,1,False,12,21,Crackle,False,0.8,Normal,True,0.8,Crackle,False,0.8,Crackle,False,0.4,Normal,True,Normal,True,https://simile-xai-audio.s3.ap-southeast-2.amazonaws.com/data_v1/lung/audio/sprsound_41200159_7.3_0_p1_11462_2.wav,data/processed/UnifiedLungSymptomDataset/audio/sprsound_41200159_7.3_0_p1_11462_2.wav,,,,
lung,icbhi_115_1b1_Ar_sc_Meditron_10,Normal,borderline,0.8076,icbhi,1,False,16,21,Normal,True,0.4,Normal,True,0.4,Wheeze,False,0.0,Normal,True,0.6,Normal,True,Normal,True,https://simile-xai-audio.s3.ap-southeast-2.amazonaws.com/data_v1/lung/audio/icbhi_115_1b1_Ar_sc_Meditron_10.wav,data/processed/UnifiedLungSymptomDataset/audio/icbhi_115_1b1_Ar_sc_Meditron_10.wav,,,,
lung,sprsound_40638274_9.7_1_p3_1708_2,Normal,borderline,0.7528,sprsound,1,False,21,21,Normal,True,1.0,Normal,True,0.8,Normal,True,1.0,Normal,True,1.0,Normal,True,Normal,True,https://simile-xai-audio.s3.ap-southeast-2.amazonaws.com/data_v1/lung/audio/sprsound_40638274_9.7_1_p3_1708_2.wav,data/processed/UnifiedLungSymptomDataset/audio/sprsound_40638274_9.7_1_p3_1708_2.wav,,,,
lung,icbhi_115_1b1_Ar_sc_Meditron_5,Normal,borderline,0.8081,icbhi,1,False,21,21,Normal,True,1.0,Normal,True,0.8,Normal,True,0.6,Normal,True,0.8,Normal,True,Normal,True,https://simile-xai-audio.s3.ap-southeast-2.amazonaws.com/data_v1/lung/audio/icbhi_115_1b1_Ar_sc_Meditron_5.wav,data/processed/UnifiedLungSymptomDataset/audio/icbhi_115_1b1_Ar_sc_Meditron_5.wav,,,,
lung,sprsound_40638274_9.7_1_p3_1708_1,Normal,borderline,0.7528,sprsound,1,False,21,21,Normal,True,1.0,Normal,True,0.8,Normal,True,1.0,Normal,True,1.0,Normal,True,Normal,True,https://simile-xai-audio.s3.ap-southeast-2.amazonaws.com/data_v1/lung/audio/sprsound_40638274_9.7_1_p3_1708_1.wav,data/processed/UnifiedLungSymptomDataset/audio/sprsound_40638274_9.7_1_p3_1708_1.wav,,,,
lung,icbhi_187_1b1_Ll_sc_Meditron_15,Normal,borderline,0.8409,icbhi,1,False,18,21,Normal,True,0.8,Normal,True,1.0,Normal,True,0.6,Normal,True,0.8,Normal,True,Normal,True,https://simile-xai-audio.s3.ap-southeast-2.amazonaws.com/data_v1/lung/audio/icbhi_187_1b1_Ll_sc_Meditron_15.wav,data/processed/UnifiedLungSymptomDataset/audio/icbhi_187_1b1_Ll_sc_Meditron_15.wav,,,,
lung,sprsound_66329061_9.9_0_p3_6593_5,Normal,clear,1.3455,sprsound,1,False,21,21,Normal,True,1.0,Normal,True,0.6,Normal,True,1.0,Normal,True,1.0,Normal,True,Normal,True,https://simile-xai-audio.s3.ap-southeast-2.amazonaws.com/data_v1/lung/audio/sprsound_66329061_9.9_0_p3_6593_5.wav,data/processed/UnifiedLungSymptomDataset/audio/sprsound_66329061_9.9_0_p3_6593_5.wav,,,,
lung,icbhi_116_1b2_Pl_sc_Meditron_3,Normal,clear,1.1384,icbhi,1,False,21,21,Normal,True,1.0,Normal,True,0.8,Normal,True,0.6,Normal,True,0.8,Normal,True,Normal,True,https://simile-xai-audio.s3.ap-southeast-2.amazonaws.com/data_v1/lung/audio/icbhi_116_1b2_Pl_sc_Meditron_3.wav,data/processed/UnifiedLungSymptomDataset/audio/icbhi_116_1b2_Pl_sc_Meditron_3.wav,,,,
lung,sprsound_66329061_9.9_0_p3_6593_4,Normal,clear,1.3446,sprsound,1,False,21,21,Normal,True,1.0,Normal,True,0.6,Normal,True,1.0,Normal,True,1.0,Normal,True,Normal,True,https://simile-xai-audio.s3.ap-southeast-2.amazonaws.com/data_v1/lung/audio/sprsound_66329061_9.9_0_p3_6593_4.wav,data/processed/UnifiedLungSymptomDataset/audio/sprsound_66329061_9.9_0_p3_6593_4.wav,,,,
lung,sprsound_66329061_9.9_0_p3_6593_0,Normal,clear,1.3443,sprsound,1,False,21,21,Normal,True,1.0,Normal,True,0.6,Normal,True,1.0,Normal,True,1.0,Normal,True,Normal,True,https://simile-xai-audio.s3.ap-southeast-2.amazonaws.com/data_v1/lung/audio/sprsound_66329061_9.9_0_p3_6593_0.wav,data/processed/UnifiedLungSymptomDataset/audio/sprsound_66329061_9.9_0_p3_6593_0.wav,,,,
lung,sprsound_66434708_4.9_1_p4_12932_1,Normal,clear,1.3416,sprsound,1,False,21,21,Normal,True,1.0,Normal,True,1.0,Normal,True,1.0,Normal,True,1.0,Normal,True,Normal,True,https://simile-xai-audio.s3.ap-southeast-2.amazonaws.com/data_v1/lung/audio/sprsound_66434708_4.9_1_p4_12932_1.wav,data/processed/UnifiedLungSymptomDataset/audio/sprsound_66434708_4.9_1_p4_12932_1.wav,,,,
lung,sprsound_66403300_4.7_1_p2_11851_5,Normal,clear,1.3413,sprsound,1,False,21,21,Normal,True,1.0,Normal,True,0.6,Normal,True,1.0,Normal,True,1.0,Normal,True,Normal,True,https://simile-xai-audio.s3.ap-southeast-2.amazonaws.com/data_v1/lung/audio/sprsound_66403300_4.7_1_p2_11851_5.wav,data/processed/UnifiedLungSymptomDataset/audio/sprsound_66403300_4.7_1_p2_11851_5.wav,,,,
lung,sprsound_66328498_4.3_0_p4_6602_1,Normal,clear,1.3389,sprsound,1,False,21,21,Normal,True,1.0,Normal,True,0.8,Normal,True,1.0,Normal,True,1.0,Normal,True,Normal,True,https://simile-xai-audio.s3.ap-southeast-2.amazonaws.com/data_v1/lung/audio/sprsound_66328498_4.3_0_p4_6602_1.wav,data/processed/UnifiedLungSymptomDataset/audio/sprsound_66328498_4.3_0_p4_6602_1.wav,,,,
lung,sprsound_66419188_4.9_1_p2_12572_1,Normal,clear,1.3356,sprsound,1,False,21,21,Normal,True,1.0,Normal,True,0.6,Normal,True,1.0,Normal,True,1.0,Normal,True,Normal,True,https://simile-xai-audio.s3.ap-southeast-2.amazonaws.com/data_v1/lung/audio/sprsound_66419188_4.9_1_p2_12572_1.wav,data/processed/UnifiedLungSymptomDataset/audio/sprsound_66419188_4.9_1_p2_12572_1.wav,,,,
lung,sprsound_41279516_4.0_0_p1_5186_4,Normal,clear,1.333,sprsound,1,False,21,21,Normal,True,1.0,Normal,True,0.4,Normal,True,1.0,Normal,True,1.0,Normal,True,Normal,True,https://simile-xai-audio.s3.ap-southeast-2.amazonaws.com/data_v1/lung/audio/sprsound_41279516_4.0_0_p1_5186_4.wav,data/processed/UnifiedLungSymptomDataset/audio/sprsound_41279516_4.0_0_p1_5186_4.wav,,,,
lung,sprsound_41042359_9.0_1_p2_21901_1,Normal,clear,1.3269,sprsound,1,False,21,21,Normal,True,1.0,Normal,True,0.8,Normal,True,1.0,Normal,True,1.0,Normal,True,Normal,True,https://simile-xai-audio.s3.ap-southeast-2.amazonaws.com/data_v1/lung/audio/sprsound_41042359_9.0_1_p2_21901_1.wav,data/processed/UnifiedLungSymptomDataset/audio/sprsound_41042359_9.0_1_p2_21901_1.wav,,,,
lung,sprsound_64007452_4.6_0_p4_3034_2,Normal,clear,1.3223,sprsound,1,False,19,21,Normal,True,1.0,Normal,True,0.6,Normal,True,1.0,Normal,True,1.0,Normal,True,Normal,True,https://simile-xai-audio.s3.ap-southeast-2.amazonaws.com/data_v1/lung/audio/sprsound_64007452_4.6_0_p4_3034_2.wav,data/processed/UnifiedLungSymptomDataset/audio/sprsound_64007452_4.6_0_p4_3034_2.wav,,,,
lung,sprsound_41255551_4.5_0_p2_11683_2,Normal,clear,1.3222,sprsound,1,False,21,21,Normal,True,1.0,Normal,True,0.6,Normal,True,1.0,Normal,True,1.0,Normal,True,Normal,True,https://simile-xai-audio.s3.ap-southeast-2.amazonaws.com/data_v1/lung/audio/sprsound_41255551_4.5_0_p2_11683_2.wav,data/processed/UnifiedLungSymptomDataset/audio/sprsound_41255551_4.5_0_p2_11683_2.wav,,,,
lung,sprsound_66316273_0.9_1_p2_5705_0,Normal,clear,1.3214,sprsound,1,False,21,21,Normal,True,1.0,Normal,True,0.8,Normal,True,1.0,Normal,True,1.0,Normal,True,Normal,True,https://simile-xai-audio.s3.ap-southeast-2.amazonaws.com/data_v1/lung/audio/sprsound_66316273_0.9_1_p2_5705_0.wav,data/processed/UnifiedLungSymptomDataset/audio/sprsound_66316273_0.9_1_p2_5705_0.wav,,,,
lung,sprsound_40822278_5.7_1_p2_5688_6,Normal,clear,1.3201,sprsound,1,False,21,21,Normal,True,1.0,Normal,True,0.8,Normal,True,1.0,Normal,True,1.0,Normal,True,Normal,True,https://simile-xai-audio.s3.ap-southeast-2.amazonaws.com/data_v1/lung/audio/sprsound_40822278_5.7_1_p2_5688_6.wav,data/processed/UnifiedLungSymptomDataset/audio/sprsound_40822278_5.7_1_p2_5688_6.wav,,,,
lung,sprsound_41115029_8.3_0_p3_6110_2,Normal,clear,1.3187,sprsound,1,False,21,21,Normal,True,1.0,Normal,True,0.6,Normal,True,1.0,Normal,True,1.0,Normal,True,Normal,True,https://simile-xai-audio.s3.ap-southeast-2.amazonaws.com/data_v1/lung/audio/sprsound_41115029_8.3_0_p3_6110_2.wav,data/processed/UnifiedLungSymptomDataset/audio/sprsound_41115029_8.3_0_p3_6110_2.wav,,,,
lung,hflung_trunc_2019-08-08-11-08-00-L4_10_5,Rhonchi,ambiguous,-2.6612,hflung,3,False,1,21,Wheeze,False,0.2,Wheeze,False,0.0,Wheeze,False,0.4,Wheeze,False,0.0,Wheeze,False,Wheeze,False,https://simile-xai-audio.s3.ap-southeast-2.amazonaws.com/data_v1/lung/audio/hflung_trunc_2019-08-08-11-08-00-L4_10_5.wav,data/processed/UnifiedLungSymptomDataset/audio/hflung_trunc_2019-08-08-11-08-00-L4_10_5.wav,,,,
lung,sprsound_65045423_5.2_1_p2_2870_3,Rhonchi,ambiguous,-2.155,sprsound,1,False,1,21,Normal,False,0.0,Normal,False,0.0,Normal,False,0.0,Normal,False,0.0,Normal,False,Normal,False,https://simile-xai-audio.s3.ap-southeast-2.amazonaws.com/data_v1/lung/audio/sprsound_65045423_5.2_1_p2_2870_3.wav,data/processed/UnifiedLungSymptomDataset/audio/sprsound_65045423_5.2_1_p2_2870_3.wav,,,,
lung,hflung_steth_20190807_10_44_45_5,Rhonchi,ambiguous,-2.622,hflung,3,False,1,21,Crackle,False,0.6,Crackle,False,0.0,Crackle,False,0.2,Crackle,False,0.0,Crackle,False,Wheeze,False,https://simile-xai-audio.s3.ap-southeast-2.amazonaws.com/data_v1/lung/audio/hflung_steth_20190807_10_44_45_5.wav,data/processed/UnifiedLungSymptomDataset/audio/hflung_steth_20190807_10_44_45_5.wav,,,,
lung,sprsound_66252562_11.7_1_p1_4561_2,Rhonchi,ambiguous,-2.0393,sprsound,1,False,0,21,Crackle,False,0.0,Crackle,False,0.0,Crackle,False,0.0,Crackle,False,0.0,Normal,False,Normal,False,https://simile-xai-audio.s3.ap-southeast-2.amazonaws.com/data_v1/lung/audio/sprsound_66252562_11.7_1_p1_4561_2.wav,data/processed/UnifiedLungSymptomDataset/audio/sprsound_66252562_11.7_1_p1_4561_2.wav,,,,
lung,hflung_trunc_2019-08-08-11-08-00-L4_10_9,Rhonchi,ambiguous,-2.608,hflung,3,False,0,21,Wheeze,False,0.0,Wheeze,False,0.0,Wheeze,False,0.0,Wheeze,False,0.0,Wheeze,False,Wheeze,False,https://simile-xai-audio.s3.ap-southeast-2.amazonaws.com/data_v1/lung/audio/hflung_trunc_2019-08-08-11-08-00-L4_10_9.wav,data/processed/UnifiedLungSymptomDataset/audio/hflung_trunc_2019-08-08-11-08-00-L4_10_9.wav,,,,
lung,sprsound_65043263_2.0_0_p3_319_4,Rhonchi,ambiguous,-1.891,sprsound,1,False,8,21,Wheeze,False,0.2,Rhonchi,True,0.6,Rhonchi,True,0.8,Rhonchi,True,0.6,Crackle,False,Wheeze,False,https://simile-xai-audio.s3.ap-southeast-2.amazonaws.com/data_v1/lung/audio/sprsound_65043263_2.0_0_p3_319_4.wav,data/processed/UnifiedLungSymptomDataset/audio/sprsound_65043263_2.0_0_p3_319_4.wav,,,,
lung,hflung_trunc_2019-08-08-11-08-00-L4_10_1,Rhonchi,ambiguous,-2.592,hflung,3,False,0,21,Wheeze,False,0.4,Wheeze,False,0.0,Wheeze,False,0.2,Wheeze,False,0.2,Wheeze,False,Wheeze,False,https://simile-xai-audio.s3.ap-southeast-2.amazonaws.com/data_v1/lung/audio/hflung_trunc_2019-08-08-11-08-00-L4_10_1.wav,data/processed/UnifiedLungSymptomDataset/audio/hflung_trunc_2019-08-08-11-08-00-L4_10_1.wav,,,,
lung,sprsound_66252562_11.7_1_p1_4561_0,Rhonchi,ambiguous,-1.8881,sprsound,1,False,4,21,Wheeze,False,0.2,Wheeze,False,0.2,Wheeze,False,0.4,Wheeze,False,0.6,Normal,False,Rhonchi,True,https://simile-xai-audio.s3.ap-southeast-2.amazonaws.com/data_v1/lung/audio/sprsound_66252562_11.7_1_p1_4561_0.wav,data/processed/UnifiedLungSymptomDataset/audio/sprsound_66252562_11.7_1_p1_4561_0.wav,,,,
lung,hflung_trunc_2019-08-08-11-08-00-L4_10_7,Rhonchi,ambiguous,-2.5868,hflung,3,False,1,21,Wheeze,False,0.2,Wheeze,False,0.0,Wheeze,False,0.0,Wheeze,False,0.0,Wheeze,False,Wheeze,False,https://simile-xai-audio.s3.ap-southeast-2.amazonaws.com/data_v1/lung/audio/hflung_trunc_2019-08-08-11-08-00-L4_10_7.wav,data/processed/UnifiedLungSymptomDataset/audio/hflung_trunc_2019-08-08-11-08-00-L4_10_7.wav,,,,
lung,sprsound_65043263_2.0_0_p3_319_3,Rhonchi,ambiguous,-1.8434,sprsound,1,False,0,21,Crackle,False,0.0,Crackle,False,0.0,Crackle,False,0.0,Wheeze,False,0.0,Crackle,False,Crackle,False,https://simile-xai-audio.s3.ap-southeast-2.amazonaws.com/data_v1/lung/audio/sprsound_65043263_2.0_0_p3_319_3.wav,data/processed/UnifiedLungSymptomDataset/audio/sprsound_65043263_2.0_0_p3_319_3.wav,,,,
lung,hflung_trunc_2019-08-08-11-08-00-L4_10_3,Rhonchi,ambiguous,-2.5162,hflung,3,False,0,21,Wheeze,False,0.4,Wheeze,False,0.2,Wheeze,False,0.8,Wheeze,False,0.4,Wheeze,False,Wheeze,False,https://simile-xai-audio.s3.ap-southeast-2.amazonaws.com/data_v1/lung/audio/hflung_trunc_2019-08-08-11-08-00-L4_10_3.wav,data/processed/UnifiedLungSymptomDataset/audio/hflung_trunc_2019-08-08-11-08-00-L4_10_3.wav,,,,
lung,sprsound_65045423_5.2_1_p2_2870_2,Rhonchi,ambiguous,-1.6379,sprsound,1,False,3,21,Wheeze,False,0.2,Wheeze,False,0.4,Wheeze,False,0.2,Wheeze,False,0.6,Rhonchi,True,Rhonchi,True,https://simile-xai-audio.s3.ap-southeast-2.amazonaws.com/data_v1/lung/audio/sprsound_65045423_5.2_1_p2_2870_2.wav,data/processed/UnifiedLungSymptomDataset/audio/sprsound_65045423_5.2_1_p2_2870_2.wav,,,,
lung,hflung_steth_20190807_10_44_45_2,Rhonchi,ambiguous,-2.4783,hflung,3,False,5,21,Crackle,False,0.8,Crackle,False,0.4,Rhonchi,True,0.8,Rhonchi,True,0.4,Crackle,False,Crackle,False,https://simile-xai-audio.s3.ap-southeast-2.amazonaws.com/data_v1/lung/audio/hflung_steth_20190807_10_44_45_2.wav,data/processed/UnifiedLungSymptomDataset/audio/hflung_steth_20190807_10_44_45_2.wav,,,,
lung,sprsound_41132911_3.0_0_p2_6066_4,Rhonchi,ambiguous,-1.3562,sprsound,1,False,19,21,Rhonchi,True,1.0,Rhonchi,True,0.8,Rhonchi,True,0.8,Rhonchi,True,1.0,Rhonchi,True,Rhonchi,True,https://simile-xai-audio.s3.ap-southeast-2.amazonaws.com/data_v1/lung/audio/sprsound_41132911_3.0_0_p2_6066_4.wav,data/processed/UnifiedLungSymptomDataset/audio/sprsound_41132911_3.0_0_p2_6066_4.wav,,,,
lung,hflung_steth_20190817_15_55_46_7,Rhonchi,ambiguous,-2.4567,hflung,3,False,15,21,Rhonchi,True,0.6,Rhonchi,True,0.6,Rhonchi,True,1.0,Rhonchi,True,0.8,Rhonchi,True,Rhonchi,True,https://simile-xai-audio.s3.ap-southeast-2.amazonaws.com/data_v1/lung/audio/hflung_steth_20190817_15_55_46_7.wav,data/processed/UnifiedLungSymptomDataset/audio/hflung_steth_20190817_15_55_46_7.wav,,,,
lung,hflung_steth_20190423_16_03_48_5,Rhonchi,borderline,-1.2474,hflung,3,False,9,21,Rhonchi,True,0.4,Rhonchi,True,0.2,Crackle,False,0.8,Crackle,False,0.4,Crackle,False,Rhonchi,True,https://simile-xai-audio.s3.ap-southeast-2.amazonaws.com/data_v1/lung/audio/hflung_steth_20190423_16_03_48_5.wav,data/processed/UnifiedLungSymptomDataset/audio/hflung_steth_20190423_16_03_48_5.wav,,,,
lung,sprsound_41213916_3.1_1_p2_5627_0,Rhonchi,borderline,-1.0529,sprsound,1,False,16,21,Rhonchi,True,0.6,Rhonchi,True,0.8,Rhonchi,True,1.0,Rhonchi,True,1.0,Normal,False,Rhonchi,True,https://simile-xai-audio.s3.ap-southeast-2.amazonaws.com/data_v1/lung/audio/sprsound_41213916_3.1_1_p2_5627_0.wav,data/processed/UnifiedLungSymptomDataset/audio/sprsound_41213916_3.1_1_p2_5627_0.wav,,,,
lung,hflung_steth_20180921_15_14_00_3,Rhonchi,borderline,-1.2468,hflung,3,False,10,21,Crackle,False,1.0,Crackle,False,0.4,Crackle,False,1.0,Rhonchi,True,0.8,Crackle,False,Crackle,False,https://simile-xai-audio.s3.ap-southeast-2.amazonaws.com/data_v1/lung/audio/hflung_steth_20180921_15_14_00_3.wav,data/processed/UnifiedLungSymptomDataset/audio/hflung_steth_20180921_15_14_00_3.wav,,,,
lung,sprsound_41132911_3.0_0_p2_6066_3,Rhonchi,borderline,-1.0467,sprsound,1,False,18,21,Rhonchi,True,1.0,Rhonchi,True,0.8,Rhonchi,True,1.0,Rhonchi,True,1.0,Rhonchi,True,Rhonchi,True,https://simile-xai-audio.s3.ap-southeast-2.amazonaws.com/data_v1/lung/audio/sprsound_41132911_3.0_0_p2_6066_3.wav,data/processed/UnifiedLungSymptomDataset/audio/sprsound_41132911_3.0_0_p2_6066_3.wav,,,,
lung,hflung_steth_20181017_12_43_58_18,Rhonchi,borderline,-1.2446,hflung,3,False,0,21,Wheeze,False,0.2,Wheeze,False,0.0,Wheeze,False,0.2,Wheeze,False,0.0,Wheeze,False,Wheeze,False,https://simile-xai-audio.s3.ap-southeast-2.amazonaws.com/data_v1/lung/audio/hflung_steth_20181017_12_43_58_18.wav,data/processed/UnifiedLungSymptomDataset/audio/hflung_steth_20181017_12_43_58_18.wav,,,,
lung,sprsound_41213916_3.1_1_p2_5627_1,Rhonchi,borderline,-1.0268,sprsound,1,False,14,21,Rhonchi,True,0.6,Rhonchi,True,0.6,Rhonchi,True,0.8,Rhonchi,True,0.8,Crackle,False,Rhonchi,True,https://simile-xai-audio.s3.ap-southeast-2.amazonaws.com/data_v1/lung/audio/sprsound_41213916_3.1_1_p2_5627_1.wav,data/processed/UnifiedLungSymptomDataset/audio/sprsound_41213916_3.1_1_p2_5627_1.wav,,,,
lung,hflung_steth_20190308_12_09_58_1,Rhonchi,borderline,-1.241,hflung,3,False,3,21,Wheeze,False,0.2,Wheeze,False,0.0,Wheeze,False,0.2,Wheeze,False,0.4,Crackle,False,Wheeze,False,https://simile-xai-audio.s3.ap-southeast-2.amazonaws.com/data_v1/lung/audio/hflung_steth_20190308_12_09_58_1.wav,data/processed/UnifiedLungSymptomDataset/audio/hflung_steth_20190308_12_09_58_1.wav,,,,
lung,sprsound_41132911_3.0_0_p2_6066_2,Rhonchi,borderline,-0.8855,sprsound,1,False,20,21,Rhonchi,True,1.0,Rhonchi,True,0.8,Rhonchi,True,1.0,Rhonchi,True,1.0,Rhonchi,True,Rhonchi,True,https://simile-xai-audio.s3.ap-southeast-2.amazonaws.com/data_v1/lung/audio/sprsound_41132911_3.0_0_p2_6066_2.wav,data/processed/UnifiedLungSymptomDataset/audio/sprsound_41132911_3.0_0_p2_6066_2.wav,,,,
lung,hflung_steth_20181017_12_43_58_13,Rhonchi,borderline,-1.224,hflung,3,False,1,21,Wheeze,False,0.2,Wheeze,False,0.0,Wheeze,False,0.2,Wheeze,False,0.0,Rhonchi,True,Wheeze,False,https://simile-xai-audio.s3.ap-southeast-2.amazonaws.com/data_v1/lung/audio/hflung_steth_20181017_12_43_58_13.wav,data/processed/UnifiedLungSymptomDataset/audio/hflung_steth_20181017_12_43_58_13.wav,,,,
lung,sprsound_41213916_3.1_1_p2_5627_2,Rhonchi,borderline,-0.8816,sprsound,1,False,7,21,Rhonchi,True,0.0,Rhonchi,True,0.4,Wheeze,False,0.8,Rhonchi,True,0.6,Crackle,False,Rhonchi,True,https://simile-xai-audio.s3.ap-southeast-2.amazonaws.com/data_v1/lung/audio/sprsound_41213916_3.1_1_p2_5627_2.wav,data/processed/UnifiedLungSymptomDataset/audio/sprsound_41213916_3.1_1_p2_5627_2.wav,,,,
lung,hflung_steth_20190118_09_56_38_10,Rhonchi,borderline,-1.2227,hflung,3,False,18,21,Wheeze,False,0.6,Rhonchi,True,0.6,Rhonchi,True,1.0,Rhonchi,True,0.8,Wheeze,False,Rhonchi,True,https://simile-xai-audio.s3.ap-southeast-2.amazonaws.com/data_v1/lung/audio/hflung_steth_20190118_09_56_38_10.wav,data/processed/UnifiedLungSymptomDataset/audio/hflung_steth_20190118_09_56_38_10.wav,,,,
lung,sprsound_41132911_3.0_0_p2_6066_1,Rhonchi,borderline,-0.6677,sprsound,1,False,20,21,Rhonchi,True,0.8,Rhonchi,True,0.8,Rhonchi,True,1.0,Rhonchi,True,0.8,Rhonchi,True,Rhonchi,True,https://simile-xai-audio.s3.ap-southeast-2.amazonaws.com/data_v1/lung/audio/sprsound_41132911_3.0_0_p2_6066_1.wav,data/processed/UnifiedLungSymptomDataset/audio/sprsound_41132911_3.0_0_p2_6066_1.wav,,,,
lung,hflung_steth_20190113_14_45_21_3,Rhonchi,borderline,-1.2176,hflung,3,False,4,21,Wheeze,False,0.0,Wheeze,False,0.0,Wheeze,False,0.2,Wheeze,False,0.0,Rhonchi,True,Wheeze,False,https://simile-xai-audio.s3.ap-southeast-2.amazonaws.com/data_v1/lung/audio/hflung_steth_20190113_14_45_21_3.wav,data/processed/UnifiedLungSymptomDataset/audio/hflung_steth_20190113_14_45_21_3.wav,,,,
lung,sprsound_64739121_2.0_0_p3_7742_0,Rhonchi,borderline,-0.6339,sprsound,1,False,16,21,Rhonchi,True,0.6,Rhonchi,True,0.4,Rhonchi,True,0.8,Rhonchi,True,0.6,Rhonchi,True,Rhonchi,True,https://simile-xai-audio.s3.ap-southeast-2.amazonaws.com/data_v1/lung/audio/sprsound_64739121_2.0_0_p3_7742_0.wav,data/processed/UnifiedLungSymptomDataset/audio/sprsound_64739121_2.0_0_p3_7742_0.wav,,,,
lung,hflung_trunc_2019-07-16-11-46-52-L2_7_3,Rhonchi,borderline,-1.2109,hflung,3,False,20,21,Rhonchi,True,0.8,Rhonchi,True,1.0,Rhonchi,True,1.0,Rhonchi,True,1.0,Rhonchi,True,Rhonchi,True,https://simile-xai-audio.s3.ap-southeast-2.amazonaws.com/data_v1/lung/audio/hflung_trunc_2019-07-16-11-46-52-L2_7_3.wav,data/processed/UnifiedLungSymptomDataset/audio/hflung_trunc_2019-07-16-11-46-52-L2_7_3.wav,,,,
lung,hflung_trunc_2019-07-16-10-41-27-L4_10_5,Rhonchi,clear,0.8498,hflung,3,False,21,21,Rhonchi,True,0.8,Rhonchi,True,0.8,Rhonchi,True,1.0,Rhonchi,True,0.8,Rhonchi,True,Rhonchi,True,https://simile-xai-audio.s3.ap-southeast-2.amazonaws.com/data_v1/lung/audio/hflung_trunc_2019-07-16-10-41-27-L4_10_5.wav,data/processed/UnifiedLungSymptomDataset/audio/hflung_trunc_2019-07-16-10-41-27-L4_10_5.wav,,,,
lung,sprsound_64739121_2.0_0_p3_7742_4,Rhonchi,clear,0.5943,sprsound,1,False,17,21,Rhonchi,True,0.4,Rhonchi,True,0.6,Rhonchi,True,0.8,Rhonchi,True,0.6,Rhonchi,True,Rhonchi,True,https://simile-xai-audio.s3.ap-southeast-2.amazonaws.com/data_v1/lung/audio/sprsound_64739121_2.0_0_p3_7742_4.wav,data/processed/UnifiedLungSymptomDataset/audio/sprsound_64739121_2.0_0_p3_7742_4.wav,,,,
lung,hflung_trunc_2019-07-16-11-46-52-L5_11_18,Rhonchi,clear,0.8482,hflung,3,False,21,21,Rhonchi,True,1.0,Rhonchi,True,0.8,Rhonchi,True,1.0,Rhonchi,True,0.8,Rhonchi,True,Rhonchi,True,https://simile-xai-audio.s3.ap-southeast-2.amazonaws.com/data_v1/lung/audio/hflung_trunc_2019-07-16-11-46-52-L5_11_18.wav,data/processed/UnifiedLungSymptomDataset/audio/hflung_trunc_2019-07-16-11-46-52-L5_11_18.wav,,,,
lung,sprsound_64739121_2.0_0_p3_7742_3,Rhonchi,clear,0.3706,sprsound,1,False,16,21,Rhonchi,True,0.4,Rhonchi,True,0.6,Rhonchi,True,0.6,Rhonchi,True,0.6,Rhonchi,True,Rhonchi,True,https://simile-xai-audio.s3.ap-southeast-2.amazonaws.com/data_v1/lung/audio/sprsound_64739121_2.0_0_p3_7742_3.wav,data/processed/UnifiedLungSymptomDataset/audio/sprsound_64739121_2.0_0_p3_7742_3.wav,,,,
lung,hflung_trunc_2019-07-16-10-41-27-L4_10_13,Rhonchi,clear,0.8436,hflung,3,False,21,21,Rhonchi,True,0.8,Rhonchi,True,1.0,Rhonchi,True,1.0,Rhonchi,True,0.8,Rhonchi,True,Rhonchi,True,https://simile-xai-audio.s3.ap-southeast-2.amazonaws.com/data_v1/lung/audio/hflung_trunc_2019-07-16-10-41-27-L4_10_13.wav,data/processed/UnifiedLungSymptomDataset/audio/hflung_trunc_2019-07-16-10-41-27-L4_10_13.wav,,,,
lung,sprsound_64739121_2.0_0_p3_7742_1,Rhonchi,clear,0.3674,sprsound,1,False,17,21,Rhonchi,True,0.6,Rhonchi,True,0.6,Rhonchi,True,0.4,Rhonchi,True,0.6,Rhonchi,True,Rhonchi,True,https://simile-xai-audio.s3.ap-southeast-2.amazonaws.com/data_v1/lung/audio/sprsound_64739121_2.0_0_p3_7742_1.wav,data/processed/UnifiedLungSymptomDataset/audio/sprsound_64739121_2.0_0_p3_7742_1.wav,,,,
lung,hflung_trunc_2019-07-16-10-41-27-L6_9_9,Rhonchi,clear,0.8416,hflung,3,False,21,21,Rhonchi,True,1.0,Rhonchi,True,1.0,Rhonchi,True,1.0,Rhonchi,True,1.0,Rhonchi,True,Rhonchi,True,https://simile-xai-audio.s3.ap-southeast-2.amazonaws.com/data_v1/lung/audio/hflung_trunc_2019-07-16-10-41-27-L6_9_9.wav,data/processed/UnifiedLungSymptomDataset/audio/hflung_trunc_2019-07-16-10-41-27-L6_9_9.wav,,,,
lung,sprsound_64739121_2.0_0_p3_7742_5,Rhonchi,clear,0.3426,sprsound,1,False,17,21,Rhonchi,True,0.6,Rhonchi,True,0.6,Rhonchi,True,0.8,Rhonchi,True,0.8,Rhonchi,True,Rhonchi,True,https://simile-xai-audio.s3.ap-southeast-2.amazonaws.com/data_v1/lung/audio/sprsound_64739121_2.0_0_p3_7742_5.wav,data/processed/UnifiedLungSymptomDataset/audio/sprsound_64739121_2.0_0_p3_7742_5.wav,,,,
lung,hflung_trunc_2019-07-16-10-41-27-L4_10_1,Rhonchi,clear,0.8274,hflung,3,False,21,21,Rhonchi,True,0.8,Rhonchi,True,0.8,Rhonchi,True,1.0,Rhonchi,True,0.8,Rhonchi,True,Rhonchi,True,https://simile-xai-audio.s3.ap-southeast-2.amazonaws.com/data_v1/lung/audio/hflung_trunc_2019-07-16-10-41-27-L4_10_1.wav,data/processed/UnifiedLungSymptomDataset/audio/hflung_trunc_2019-07-16-10-41-27-L4_10_1.wav,,,,
lung,sprsound_64739121_2.0_0_p3_7742_2,Rhonchi,clear,0.2656,sprsound,1,False,15,21,Rhonchi,True,0.0,Rhonchi,True,0.6,Rhonchi,True,0.2,Rhonchi,True,0.6,Rhonchi,True,Rhonchi,True,https://simile-xai-audio.s3.ap-southeast-2.amazonaws.com/data_v1/lung/audio/sprsound_64739121_2.0_0_p3_7742_2.wav,data/processed/UnifiedLungSymptomDataset/audio/sprsound_64739121_2.0_0_p3_7742_2.wav,,,,
lung,hflung_trunc_2019-07-16-10-41-27-L6_9_3,Rhonchi,clear,0.82,hflung,3,False,21,21,Rhonchi,True,1.0,Rhonchi,True,1.0,Rhonchi,True,1.0,Rhonchi,True,0.8,Rhonchi,True,Rhonchi,True,https://simile-xai-audio.s3.ap-southeast-2.amazonaws.com/data_v1/lung/audio/hflung_trunc_2019-07-16-10-41-27-L6_9_3.wav,data/processed/UnifiedLungSymptomDataset/audio/hflung_trunc_2019-07-16-10-41-27-L6_9_3.wav,,,,
lung,sprsound_41213916_3.1_1_p2_5627_6,Rhonchi,clear,0.2037,sprsound,1,False,19,21,Rhonchi,True,0.6,Rhonchi,True,0.6,Rhonchi,True,1.0,Rhonchi,True,0.8,Rhonchi,True,Rhonchi,True,https://simile-xai-audio.s3.ap-southeast-2.amazonaws.com/data_v1/lung/audio/sprsound_41213916_3.1_1_p2_5627_6.wav,data/processed/UnifiedLungSymptomDataset/audio/sprsound_41213916_3.1_1_p2_5627_6.wav,,,,
lung,hflung_trunc_2019-07-16-10-41-27-L5_11_17,Rhonchi,clear,0.7675,hflung,3,False,21,21,Rhonchi,True,1.0,Rhonchi,True,1.0,Rhonchi,True,1.0,Rhonchi,True,1.0,Rhonchi,True,Rhonchi,True,https://simile-xai-audio.s3.ap-southeast-2.amazonaws.com/data_v1/lung/audio/hflung_trunc_2019-07-16-10-41-27-L5_11_17.wav,data/processed/UnifiedLungSymptomDataset/audio/hflung_trunc_2019-07-16-10-41-27-L5_11_17.wav,,,,
lung,sprsound_41213916_3.1_1_p2_5627_5,Rhonchi,clear,-0.3872,sprsound,1,False,20,21,Rhonchi,True,0.4,Rhonchi,True,0.6,Rhonchi,True,1.0,Rhonchi,True,0.6,Rhonchi,True,Rhonchi,True,https://simile-xai-audio.s3.ap-southeast-2.amazonaws.com/data_v1/lung/audio/sprsound_41213916_3.1_1_p2_5627_5.wav,data/processed/UnifiedLungSymptomDataset/audio/sprsound_41213916_3.1_1_p2_5627_5.wav,,,,
lung,hflung_trunc_2019-07-16-10-41-27-L5_11_11,Rhonchi,clear,0.7625,hflung,3,False,21,21,Rhonchi,True,1.0,Rhonchi,True,0.8,Rhonchi,True,1.0,Rhonchi,True,0.8,Rhonchi,True,Rhonchi,True,https://simile-xai-audio.s3.ap-southeast-2.amazonaws.com/data_v1/lung/audio/hflung_trunc_2019-07-16-10-41-27-L5_11_11.wav,data/processed/UnifiedLungSymptomDataset/audio/hflung_trunc_2019-07-16-10-41-27-L5_11_11.wav,,,,
lung,hflung_trunc_2019-06-23-11-02-58-L8_3_5,Stridor,ambiguous,-2.5014,hflung,3,False,5,21,Wheeze,False,0.6,Wheeze,False,0.6,Crackle,False,1.0,Crackle,False,0.8,Crackle,False,Wheeze,False,https://simile-xai-audio.s3.ap-southeast-2.amazonaws.com/data_v1/lung/audio/hflung_trunc_2019-06-23-11-02-58-L8_3_5.wav,data/processed/UnifiedLungSymptomDataset/audio/hflung_trunc_2019-06-23-11-02-58-L8_3_5.wav,,,,
lung,hflung_trunc_2019-06-23-11-02-58-L8_3_0,Stridor,ambiguous,-2.5012,hflung,3,False,2,21,Wheeze,False,0.2,Wheeze,False,0.2,Wheeze,False,0.4,Wheeze,False,0.4,Wheeze,False,Crackle,False,https://simile-xai-audio.s3.ap-southeast-2.amazonaws.com/data_v1/lung/audio/hflung_trunc_2019-06-23-11-02-58-L8_3_0.wav,data/processed/UnifiedLungSymptomDataset/audio/hflung_trunc_2019-06-23-11-02-58-L8_3_0.wav,,,,
lung,hflung_trunc_2019-06-23-11-02-58-L8_3_2,Stridor,ambiguous,-2.4883,hflung,3,False,3,21,Wheeze,False,0.0,Wheeze,False,0.4,Wheeze,False,0.2,Wheeze,False,0.4,Wheeze,False,Wheeze,False,https://simile-xai-audio.s3.ap-southeast-2.amazonaws.com/data_v1/lung/audio/hflung_trunc_2019-06-23-11-02-58-L8_3_2.wav,data/processed/UnifiedLungSymptomDataset/audio/hflung_trunc_2019-06-23-11-02-58-L8_3_2.wav,,,,
lung,hflung_trunc_2019-07-17-11-06-06-L2_2_5,Stridor,ambiguous,-2.2757,hflung,3,False,0,21,Crackle,False,0.2,Crackle,False,0.4,Crackle,False,0.4,Crackle,False,0.6,Crackle,False,Crackle,False,https://simile-xai-audio.s3.ap-southeast-2.amazonaws.com/data_v1/lung/audio/hflung_trunc_2019-07-17-11-06-06-L2_2_5.wav,data/processed/UnifiedLungSymptomDataset/audio/hflung_trunc_2019-07-17-11-06-06-L2_2_5.wav,,,,
lung,hflung_trunc_2019-07-17-11-06-06-L2_2_1,Stridor,ambiguous,-2.2757,hflung,3,False,0,21,Crackle,False,0.2,Crackle,False,0.4,Crackle,False,0.4,Crackle,False,0.6,Crackle,False,Crackle,False,https://simile-xai-audio.s3.ap-southeast-2.amazonaws.com/data_v1/lung/audio/hflung_trunc_2019-07-17-11-06-06-L2_2_1.wav,data/processed/UnifiedLungSymptomDataset/audio/hflung_trunc_2019-07-17-11-06-06-L2_2_1.wav,,,,
lung,hflung_steth_20181022_09_55_05_4,Stridor,ambiguous,-2.1803,hflung,3,False,0,21,Wheeze,False,0.2,Wheeze,False,0.0,Wheeze,False,0.2,Wheeze,False,0.2,Wheeze,False,Wheeze,False,https://simile-xai-audio.s3.ap-southeast-2.amazonaws.com/data_v1/lung/audio/hflung_steth_20181022_09_55_05_4.wav,data/processed/UnifiedLungSymptomDataset/audio/hflung_steth_20181022_09_55_05_4.wav,,,,
lung,hflung_steth_20190102_10_27_06_4,Stridor,ambiguous,-2.1662,hflung,3,False,1,21,Wheeze,False,0.4,Wheeze,False,0.4,Wheeze,False,0.8,Wheeze,False,1.0,Wheeze,False,Wheeze,False,https://simile-xai-audio.s3.ap-southeast-2.amazonaws.com/data_v1/lung/audio/hflung_steth_20190102_10_27_06_4.wav,data/processed/UnifiedLungSymptomDataset/audio/hflung_steth_20190102_10_27_06_4.wav,,,,
lung,hflung_steth_20180901_10_19_28_3,Stridor,ambiguous,-2.138,hflung,3,False,0,21,Wheeze,False,0.4,Wheeze,False,0.2,Wheeze,False,0.4,Wheeze,False,0.8,Wheeze,False,Wheeze,False,https://simile-xai-audio.s3.ap-southeast-2.amazonaws.com/data_v1/lung/audio/hflung_steth_20180901_10_19_28_3.wav,data/processed/UnifiedLungSymptomDataset/audio/hflung_steth_20180901_10_19_28_3.wav,,,,
lung,hflung_steth_20190102_10_27_06_2,Stridor,ambiguous,-2.1303,hflung,3,False,3,21,Wheeze,False,0.4,Wheeze,False,0.6,Wheeze,False,0.8,Stridor,True,1.0,Wheeze,False,Wheeze,False,https://simile-xai-audio.s3.ap-southeast-2.amazonaws.com/data_v1/lung/audio/hflung_steth_20190102_10_27_06_2.wav,data/processed/UnifiedLungSymptomDataset/audio/hflung_steth_20190102_10_27_06_2.wav,,,,
lung,hflung_steth_20180901_10_19_28_5,Stridor,ambiguous,-2.1178,hflung,3,False,1,21,Rhonchi,False,0.2,Wheeze,False,0.0,Rhonchi,False,0.2,Wheeze,False,0.4,Wheeze,False,Crackle,False,https://simile-xai-audio.s3.ap-southeast-2.amazonaws.com/data_v1/lung/audio/hflung_steth_20180901_10_19_28_5.wav,data/processed/UnifiedLungSymptomDataset/audio/hflung_steth_20180901_10_19_28_5.wav,,,,
lung,hflung_steth_20191027_10_38_34_1,Stridor,ambiguous,-2.0656,hflung,3,False,0,21,Crackle,False,0.0,Rhonchi,False,0.0,Rhonchi,False,0.0,Rhonchi,False,0.0,Crackle,False,Rhonchi,False,https://simile-xai-audio.s3.ap-southeast-2.amazonaws.com/data_v1/lung/audio/hflung_steth_20191027_10_38_34_1.wav,data/processed/UnifiedLungSymptomDataset/audio/hflung_steth_20191027_10_38_34_1.wav,,,,
lung,hflung_trunc_2019-07-17-11-06-06-L2_2_7,Stridor,ambiguous,-2.062,hflung,3,False,0,21,Crackle,False,0.2,Crackle,False,0.2,Crackle,False,0.0,Crackle,False,0.0,Crackle,False,Crackle,False,https://simile-xai-audio.s3.ap-southeast-2.amazonaws.com/data_v1/lung/audio/hflung_trunc_2019-07-17-11-06-06-L2_2_7.wav,data/processed/UnifiedLungSymptomDataset/audio/hflung_trunc_2019-07-17-11-06-06-L2_2_7.wav,,,,
lung,hflung_steth_20181022_09_55_05_9,Stridor,ambiguous,-2.0525,hflung,3,False,0,21,Wheeze,False,0.2,Wheeze,False,0.0,Wheeze,False,0.0,Wheeze,False,0.2,Wheeze,False,Wheeze,False,https://simile-xai-audio.s3.ap-southeast-2.amazonaws.com/data_v1/lung/audio/hflung_steth_20181022_09_55_05_9.wav,data/processed/UnifiedLungSymptomDataset/audio/hflung_steth_20181022_09_55_05_9.wav,,,,
lung,hflung_steth_20190308_12_13_38_3,Stridor,ambiguous,-2.0291,hflung,3,False,3,21,Wheeze,False,0.4,Stridor,True,0.6,Wheeze,False,1.0,Wheeze,False,1.0,Crackle,False,Wheeze,False,https://simile-xai-audio.s3.ap-southeast-2.amazonaws.com/data_v1/lung/audio/hflung_steth_20190308_12_13_38_3.wav,data/processed/UnifiedLungSymptomDataset/audio/hflung_steth_20190308_12_13_38_3.wav,,,,
lung,hflung_trunc_2019-06-23-10-02-49-L1_10_0,Stridor,ambiguous,-2.0241,hflung,3,False,3,21,Wheeze,False,0.0,Wheeze,False,0.2,Wheeze,False,0.0,Crackle,False,0.2,Crackle,False,Wheeze,False,https://simile-xai-audio.s3.ap-southeast-2.amazonaws.com/data_v1/lung/audio/hflung_trunc_2019-06-23-10-02-49-L1_10_0.wav,data/processed/UnifiedLungSymptomDataset/audio/hflung_trunc_2019-06-23-10-02-49-L1_10_0.wav,,,,
lung,hflung_steth_20180816_11_06_45_6,Stridor,borderline,-1.7823,hflung,3,False,3,21,Wheeze,False,0.4,Wheeze,False,0.2,Wheeze,False,0.6,Wheeze,False,0.8,Rhonchi,False,Crackle,False,https://simile-xai-audio.s3.ap-southeast-2.amazonaws.com/data_v1/lung/audio/hflung_steth_20180816_11_06_45_6.wav,data/processed/UnifiedLungSymptomDataset/audio/hflung_steth_20180816_11_06_45_6.wav,,,,
lung,sprsound_66293753_1.3_0_p1_4837_0,Stridor,borderline,-1.7036,sprsound,1,False,4,21,Wheeze,False,0.2,Wheeze,False,0.0,Wheeze,False,0.2,Wheeze,False,0.0,Wheeze,False,Wheeze,False,https://simile-xai-audio.s3.ap-southeast-2.amazonaws.com/data_v1/lung/audio/sprsound_66293753_1.3_0_p1_4837_0.wav,data/processed/UnifiedLungSymptomDataset/audio/sprsound_66293753_1.3_0_p1_4837_0.wav,,,,
lung,hflung_steth_20181022_09_55_05_13,Stridor,borderline,-1.7697,hflung,3,False,0,21,Wheeze,False,0.2,Wheeze,False,0.6,Wheeze,False,0.4,Wheeze,False,0.4,Wheeze,False,Wheeze,False,https://simile-xai-audio.s3.ap-southeast-2.amazonaws.com/data_v1/lung/audio/hflung_steth_20181022_09_55_05_13.wav,data/processed/UnifiedLungSymptomDataset/audio/hflung_steth_20181022_09_55_05_13.wav,,,,
lung,sprsound_66293753_1.3_0_p4_4843_1,Stridor,borderline,-1.6023,sprsound,1,False,5,21,Rhonchi,False,0.2,Rhonchi,False,0.0,Stridor,True,0.4,Stridor,True,0.8,Wheeze,False,Rhonchi,False,https://simile-xai-audio.s3.ap-southeast-2.amazonaws.com/data_v1/lung/audio/sprsound_66293753_1.3_0_p4_4843_1.wav,data/processed/UnifiedLungSymptomDataset/audio/sprsound_66293753_1.3_0_p4_4843_1.wav,,,,
lung,hflung_steth_20181022_09_55_05_0,Stridor,borderline,-1.735,hflung,3,False,0,21,Wheeze,False,0.2,Wheeze,False,0.2,Wheeze,False,0.2,Wheeze,False,0.4,Wheeze,False,Wheeze,False,https://simile-xai-audio.s3.ap-southeast-2.amazonaws.com/data_v1/lung/audio/hflung_steth_20181022_09_55_05_0.wav,data/processed/UnifiedLungSymptomDataset/audio/hflung_steth_20181022_09_55_05_0.wav,,,,
lung,sprsound_66293753_1.3_0_p4_4843_0,Stridor,borderline,-1.5609,sprsound,1,False,4,21,Rhonchi,False,0.4,Rhonchi,False,0.4,Rhonchi,False,0.6,Rhonchi,False,0.4,Rhonchi,False,Rhonchi,False,https://simile-xai-audio.s3.ap-southeast-2.amazonaws.com/data_v1/lung/audio/sprsound_66293753_1.3_0_p4_4843_0.wav,data/processed/UnifiedLungSymptomDataset/audio/sprsound_66293753_1.3_0_p4_4843_0.wav,,,,
lung,hflung_trunc_2019-05-28-14-07-13-L6_1_5,Stridor,borderline,-1.7222,hflung,3,False,17,21,Crackle,False,0.8,Stridor,True,0.8,Stridor,True,1.0,Stridor,True,1.0,Stridor,True,Stridor,True,https://simile-xai-audio.s3.ap-southeast-2.amazonaws.com/data_v1/lung/audio/hflung_trunc_2019-05-28-14-07-13-L6_1_5.wav,data/processed/UnifiedLungSymptomDataset/audio/hflung_trunc_2019-05-28-14-07-13-L6_1_5.wav,,,,
lung,hflung_trunc_2019-05-31-14-07-30-L5_0_1,Stridor,borderline,-1.7004,hflung,3,False,1,21,Wheeze,False,0.4,Wheeze,False,0.2,Wheeze,False,0.8,Wheeze,False,1.0,Wheeze,False,Stridor,True,https://simile-xai-audio.s3.ap-southeast-2.amazonaws.com/data_v1/lung/audio/hflung_trunc_2019-05-31-14-07-30-L5_0_1.wav,data/processed/UnifiedLungSymptomDataset/audio/hflung_trunc_2019-05-31-14-07-30-L5_0_1.wav,,,,
lung,hflung_trunc_2019-05-31-14-07-30-L5_0_3,Stridor,borderline,-1.6953,hflung,3,False,4,21,Wheeze,False,0.4,Wheeze,False,0.4,Stridor,True,0.8,Wheeze,False,1.0,Wheeze,False,Wheeze,False,https://simile-xai-audio.s3.ap-southeast-2.amazonaws.com/data_v1/lung/audio/hflung_trunc_2019-05-31-14-07-30-L5_0_3.wav,data/processed/UnifiedLungSymptomDataset/audio/hflung_trunc_2019-05-31-14-07-30-L5_0_3.wav,,,,
lung,hflung_trunc_2019-07-17-10-38-33-L2_5_0,Stridor,borderline,-1.6221,hflung,3,False,17,21,Stridor,True,1.0,Stridor,True,0.8,Stridor,True,1.0,Stridor,True,1.0,Stridor,True,Stridor,True,https://simile-xai-audio.s3.ap-southeast-2.amazonaws.com/data_v1/lung/audio/hflung_trunc_2019-07-17-10-38-33-L2_5_0.wav,data/processed/UnifiedLungSymptomDataset/audio/hflung_trunc_2019-07-17-10-38-33-L2_5_0.wav,,,,
lung,hflung_trunc_2019-07-17-10-38-33-L2_5_4,Stridor,borderline,-1.6,hflung,3,False,19,21,Stridor,True,1.0,Stridor,True,0.8,Stridor,True,1.0,Stridor,True,1.0,Stridor,True,Stridor,True,https://simile-xai-audio.s3.ap-southeast-2.amazonaws.com/data_v1/lung/audio/hflung_trunc_2019-07-17-10-38-33-L2_5_4.wav,data/processed/UnifiedLungSymptomDataset/audio/hflung_trunc_2019-07-17-10-38-33-L2_5_4.wav,,,,
lung,hflung_trunc_2019-05-31-14-07-30-L5_0_5,Stridor,borderline,-1.5506,hflung,3,False,12,21,Wheeze,False,0.6,Wheeze,False,0.4,Wheeze,False,1.0,Wheeze,False,1.0,Crackle,False,Stridor,True,https://simile-xai-audio.s3.ap-southeast-2.amazonaws.com/data_v1/lung/audio/hflung_trunc_2019-05-31-14-07-30-L5_0_5.wav,data/processed/UnifiedLungSymptomDataset/audio/hflung_trunc_2019-05-31-14-07-30-L5_0_5.wav,,,,
lung,hflung_trunc_2019-05-28-14-44-45-L6_0_3,Stridor,borderline,-1.5364,hflung,3,False,17,21,Stridor,True,1.0,Stridor,True,0.8,Stridor,True,1.0,Stridor,True,1.0,Stridor,True,Stridor,True,https://simile-xai-audio.s3.ap-southeast-2.amazonaws.com/data_v1/lung/audio/hflung_trunc_2019-05-28-14-44-45-L6_0_3.wav,data/processed/UnifiedLungSymptomDataset/audio/hflung_trunc_2019-05-28-14-44-45-L6_0_3.wav,,,,
lung,hflung_trunc_2019-05-28-14-07-13-L8_8_3,Stridor,borderline,-1.5189,hflung,3,False,16,21,Stridor,True,0.6,Stridor,True,0.8,Stridor,True,1.0,Stridor,True,1.0,Stridor,True,Wheeze,False,https://simile-xai-audio.s3.ap-southeast-2.amazonaws.com/data_v1/lung/audio/hflung_trunc_2019-05-28-14-07-13-L8_8_3.wav,data/processed/UnifiedLungSymptomDataset/audio/hflung_trunc_2019-05-28-14-07-13-L8_8_3.wav,,,,
lung,hflung_trunc_2019-05-28-15-46-01-L1_7_10,Stridor,borderline,-1.5167,hflung,3,False,13,21,Stridor,True,1.0,Stridor,True,1.0,Stridor,True,1.0,Stridor,True,1.0,Crackle,False,Stridor,True,https://simile-xai-audio.s3.ap-southeast-2.amazonaws.com/data_v1/lung/audio/hflung_trunc_2019-05-28-15-46-01-L1_7_10.wav,data/processed/UnifiedLungSymptomDataset/audio/hflung_trunc_2019-05-28-15-46-01-L1_7_10.wav,,,,
lung,hflung_trunc_2019-06-26-12-04-27-L2_7_6,Stridor,clear,0.0372,hflung,3,False,16,21,Stridor,True,0.4,Rhonchi,False,0.8,Stridor,True,0.8,Stridor,True,1.0,Wheeze,False,Wheeze,False,https://simile-xai-audio.s3.ap-southeast-2.amazonaws.com/data_v1/lung/audio/hflung_trunc_2019-06-26-12-04-27-L2_7_6.wav,data/processed/UnifiedLungSymptomDataset/audio/hflung_trunc_2019-06-26-12-04-27-L2_7_6.wav,,,,
lung,hflung_trunc_2019-06-26-12-04-27-L2_7_16,Stridor,clear,-0.2309,hflung,3,False,17,21,Stridor,True,0.6,Stridor,True,0.8,Stridor,True,1.0,Stridor,True,1.0,Stridor,True,Wheeze,False,https://simile-xai-audio.s3.ap-southeast-2.amazonaws.com/data_v1/lung/audio/hflung_trunc_2019-06-26-12-04-27-L2_7_16.wav,data/processed/UnifiedLungSymptomDataset/audio/hflung_trunc_2019-06-26-12-04-27-L2_7_16.wav,,,,
lung,hflung_trunc_2019-06-26-12-04-27-L2_7_20,Stridor,clear,-0.2322,hflung,3,False,17,21,Stridor,True,0.4,Stridor,True,0.8,Stridor,True,1.0,Stridor,True,0.8,Stridor,True,Wheeze,False,https://simile-xai-audio.s3.ap-southeast-2.amazonaws.com/data_v1/lung/audio/hflung_trunc_2019-06-26-12-04-27-L2_7_20.wav,data/processed/UnifiedLungSymptomDataset/audio/hflung_trunc_2019-06-26-12-04-27-L2_7_20.wav,,,,
lung,hflung_trunc_2019-06-26-12-04-27-L2_7_17,Stridor,clear,-0.2322,hflung,3,False,17,21,Stridor,True,0.4,Stridor,True,0.8,Stridor,True,1.0,Stridor,True,0.8,Stridor,True,Wheeze,False,https://simile-xai-audio.s3.ap-southeast-2.amazonaws.com/data_v1/lung/audio/hflung_trunc_2019-06-26-12-04-27-L2_7_17.wav,data/processed/UnifiedLungSymptomDataset/audio/hflung_trunc_2019-06-26-12-04-27-L2_7_17.wav,,,,
lung,hflung_trunc_2019-06-26-12-04-27-L2_7_14,Stridor,clear,-0.4692,hflung,3,False,16,21,Stridor,True,0.4,Stridor,True,0.8,Stridor,True,1.0,Stridor,True,0.8,Wheeze,False,Wheeze,False,https://simile-xai-audio.s3.ap-southeast-2.amazonaws.com/data_v1/lung/audio/hflung_trunc_2019-06-26-12-04-27-L2_7_14.wav,data/processed/UnifiedLungSymptomDataset/audio/hflung_trunc_2019-06-26-12-04-27-L2_7_14.wav,,,,
lung,hflung_trunc_2019-05-28-14-07-13-L5_5_2,Stridor,clear,-0.576,hflung,3,False,18,21,Stridor,True,1.0,Stridor,True,0.6,Crackle,False,1.0,Stridor,True,1.0,Wheeze,False,Stridor,True,https://simile-xai-audio.s3.ap-southeast-2.amazonaws.com/data_v1/lung/audio/hflung_trunc_2019-05-28-14-07-13-L5_5_2.wav,data/processed/UnifiedLungSymptomDataset/audio/hflung_trunc_2019-05-28-14-07-13-L5_5_2.wav,,,,
lung,hflung_trunc_2019-06-26-12-04-27-L2_7_9,Stridor,clear,-0.6221,hflung,3,False,19,21,Stridor,True,1.0,Stridor,True,1.0,Stridor,True,1.0,Stridor,True,1.0,Stridor,True,Wheeze,False,https://simile-xai-audio.s3.ap-southeast-2.amazonaws.com/data_v1/lung/audio/hflung_trunc_2019-06-26-12-04-27-L2_7_9.wav,data/processed/UnifiedLungSymptomDataset/audio/hflung_trunc_2019-06-26-12-04-27-L2_7_9.wav,,,,
lung,hflung_trunc_2019-06-26-12-04-27-L2_7_12,Stridor,clear,-0.6816,hflung,3,False,18,21,Stridor,True,0.4,Stridor,True,0.8,Stridor,True,1.0,Stridor,True,1.0,Stridor,True,Wheeze,False,https://simile-xai-audio.s3.ap-southeast-2.amazonaws.com/data_v1/lung/audio/hflung_trunc_2019-06-26-12-04-27-L2_7_12.wav,data/processed/UnifiedLungSymptomDataset/audio/hflung_trunc_2019-06-26-12-04-27-L2_7_12.wav,,,,
lung,hflung_trunc_2019-05-28-14-07-13-L5_5_12,Stridor,clear,-0.8657,hflung,3,False,19,21,Stridor,True,1.0,Stridor,True,0.8,Stridor,True,1.0,Stridor,True,1.0,Stridor,True,Stridor,True,https://simile-xai-audio.s3.ap-southeast-2.amazonaws.com/data_v1/lung/audio/hflung_trunc_2019-05-28-14-07-13-L5_5_12.wav,data/processed/UnifiedLungSymptomDataset/audio/hflung_trunc_2019-05-28-14-07-13-L5_5_12.wav,,,,
lung,hflung_trunc_2019-05-28-14-44-45-L5_5_11,Stridor,clear,-0.9537,hflung,3,False,5,21,Crackle,False,0.0,Crackle,False,0.4,Crackle,False,0.8,Crackle,False,0.8,Crackle,False,Stridor,True,https://simile-xai-audio.s3.ap-southeast-2.amazonaws.com/data_v1/lung/audio/hflung_trunc_2019-05-28-14-44-45-L5_5_11.wav,data/processed/UnifiedLungSymptomDataset/audio/hflung_trunc_2019-05-28-14-44-45-L5_5_11.wav,,,,
lung,hflung_trunc_2019-05-28-14-44-45-L4_7_4,Stridor,clear,-0.9994,hflung,3,False,17,21,Stridor,True,0.8,Stridor,True,0.8,Stridor,True,1.0,Stridor,True,1.0,Stridor,True,Stridor,True,https://simile-xai-audio.s3.ap-southeast-2.amazonaws.com/data_v1/lung/audio/hflung_trunc_2019-05-28-14-44-45-L4_7_4.wav,data/processed/UnifiedLungSymptomDataset/audio/hflung_trunc_2019-05-28-14-44-45-L4_7_4.wav,,,,
lung,hflung_trunc_2019-05-28-14-07-13-L6_1_1,Stridor,clear,-1.0494,hflung,3,False,18,21,Stridor,True,0.6,Stridor,True,0.8,Stridor,True,1.0,Stridor,True,1.0,Stridor,True,Wheeze,False,https://simile-xai-audio.s3.ap-southeast-2.amazonaws.com/data_v1/lung/audio/hflung_trunc_2019-05-28-14-07-13-L6_1_1.wav,data/processed/UnifiedLungSymptomDataset/audio/hflung_trunc_2019-05-28-14-07-13-L6_1_1.wav,,,,
lung,hflung_trunc_2019-05-28-14-44-45-L5_5_12,Stridor,clear,-1.1481,hflung,3,False,6,21,Crackle,False,0.4,Crackle,False,0.2,Stridor,True,1.0,Crackle,False,0.8,Stridor,True,Stridor,True,https://simile-xai-audio.s3.ap-southeast-2.amazonaws.com/data_v1/lung/audio/hflung_trunc_2019-05-28-14-44-45-L5_5_12.wav,data/processed/UnifiedLungSymptomDataset/audio/hflung_trunc_2019-05-28-14-44-45-L5_5_12.wav,,,,
lung,hflung_trunc_2019-05-28-14-07-13-L5_5_10,Stridor,clear,-1.1678,hflung,3,False,19,21,Stridor,True,1.0,Stridor,True,0.8,Stridor,True,1.0,Stridor,True,1.0,Wheeze,False,Stridor,True,https://simile-xai-audio.s3.ap-southeast-2.amazonaws.com/data_v1/lung/audio/hflung_trunc_2019-05-28-14-07-13-L5_5_10.wav,data/processed/UnifiedLungSymptomDataset/audio/hflung_trunc_2019-05-28-14-07-13-L5_5_10.wav,,,,
lung,hflung_trunc_2019-05-28-14-44-45-L6_0_2,Stridor,clear,-1.1944,hflung,3,False,20,21,Stridor,True,1.0,Stridor,True,0.8,Stridor,True,1.0,Stridor,True,1.0,Stridor,True,Stridor,True,https://simile-xai-audio.s3.ap-southeast-2.amazonaws.com/data_v1/lung/audio/hflung_trunc_2019-05-28-14-44-45-L6_0_2.wav,data/processed/UnifiedLungSymptomDataset/audio/hflung_trunc_2019-05-28-14-44-45-L6_0_2.wav,,,,
lung,hflung_trunc_2019-05-16-14-23-13-L5_8_14,Wheeze,ambiguous,-2.7184,hflung,3,False,0,21,Rhonchi,False,0.0,Rhonchi,False,0.0,Rhonchi,False,0.0,Rhonchi,False,0.2,Crackle,False,Crackle,False,https://simile-xai-audio.s3.ap-southeast-2.amazonaws.com/data_v1/lung/audio/hflung_trunc_2019-05-16-14-23-13-L5_8_14.wav,data/processed/UnifiedLungSymptomDataset/audio/hflung_trunc_2019-05-16-14-23-13-L5_8_14.wav,,,,
lung,sprsound_65099422_0.5_0_p2_2760_2,Wheeze,ambiguous,-2.2772,sprsound,1,False,6,21,Wheeze,True,0.0,Crackle,False,0.0,Wheeze,True,0.2,Wheeze,True,0.0,Normal,False,Crackle,False,https://simile-xai-audio.s3.ap-southeast-2.amazonaws.com/data_v1/lung/audio/sprsound_65099422_0.5_0_p2_2760_2.wav,data/processed/UnifiedLungSymptomDataset/audio/sprsound_65099422_0.5_0_p2_2760_2.wav,,,,
lung,icbhi_118_1b1_Pr_sc_Litt3200_1,Wheeze,ambiguous,-2.1789,icbhi,1,False,1,21,Normal,False,0.4,Normal,False,0.0,Normal,False,0.2,Normal,False,0.2,Normal,False,Normal,False,https://simile-xai-audio.s3.ap-southeast-2.amazonaws.com/data_v1/lung/audio/icbhi_118_1b1_Pr_sc_Litt3200_1.wav,data/processed/UnifiedLungSymptomDataset/audio/icbhi_118_1b1_Pr_sc_Litt3200_1.wav,,,,
lung,fraiwan_257,Wheeze,ambiguous,-1.8214,fraiwan,2,True,1,21,Crackle,False,0.2,Crackle,False,0.0,Crackle,False,0.2,Crackle,False,0.2,Normal,False,Normal,False,https://simile-xai-audio.s3.ap-southeast-2.amazonaws.com/data_v1/lung/audio/fraiwan_257.wav,data/processed/UnifiedLungSymptomDataset/audio/fraiwan_257.wav,,,,
lung,hflung_trunc_2019-05-16-14-23-13-L5_8_15,Wheeze,ambiguous,-2.6431,hflung,3,False,0,21,Crackle,False,0.2,Crackle,False,0.0,Crackle,False,0.0,Crackle,False,0.2,Crackle,False,Crackle,False,https://simile-xai-audio.s3.ap-southeast-2.amazonaws.com/data_v1/lung/audio/hflung_trunc_2019-05-16-14-23-13-L5_8_15.wav,data/processed/UnifiedLungSymptomDataset/audio/hflung_trunc_2019-05-16-14-23-13-L5_8_15.wav,,,,
lung,sprsound_65099422_0.5_0_p2_2760_6,Wheeze,ambiguous,-2.1765,sprsound,1,False,1,21,Crackle,False,0.0,Crackle,False,0.0,Crackle,False,0.2,Crackle,False,0.0,Crackle,False,Crackle,False,https://simile-xai-audio.s3.ap-southeast-2.amazonaws.com/data_v1/lung/audio/sprsound_65099422_0.5_0_p2_2760_6.wav,data/processed/UnifiedLungSymptomDataset/audio/sprsound_65099422_0.5_0_p2_2760_6.wav,,,,
lung,icbhi_118_1b1_Al_sc_Litt3200_4,Wheeze,ambiguous,-2.0951,icbhi,1,False,12,21,Wheeze,True,0.6,Wheeze,True,0.2,Normal,False,0.6,Wheeze,True,0.4,Normal,False,Normal,False,https://simile-xai-audio.s3.ap-southeast-2.amazonaws.com/data_v1/lung/audio/icbhi_118_1b1_Al_sc_Litt3200_4.wav,data/processed/UnifiedLungSymptomDataset/audio/icbhi_118_1b1_Al_sc_Litt3200_4.wav,,,,
lung,fraiwan_196,Wheeze,ambiguous,-1.6694,fraiwan,2,True,0,21,Crackle,False,0.0,Crackle,False,0.0,Crackle,False,0.0,Crackle,False,0.0,Crackle,False,Normal,False,https://simile-xai-audio.s3.ap-southeast-2.amazonaws.com/data_v1/lung/audio/fraiwan_196.wav,data/processed/UnifiedLungSymptomDataset/audio/fraiwan_196.wav,,,,
lung,hflung_trunc_2019-07-16-10-11-12-L1_13_10,Wheeze,ambiguous,-2.5696,hflung,3,False,0,21,Crackle,False,0.0,Rhonchi,False,0.0,Crackle,False,0.0,Rhonchi,False,0.0,Crackle,False,Rhonchi,False,https://simile-xai-audio.s3.ap-southeast-2.amazonaws.com/data_v1/lung/audio/hflung_trunc_2019-07-16-10-11-12-L1_13_10.wav,data/processed/UnifiedLungSymptomDataset/audio/hflung_trunc_2019-07-16-10-11-12-L1_13_10.wav,,,,
lung,sprsound_65099422_0.5_0_p2_2760_0,Wheeze,ambiguous,-2.1765,sprsound,1,False,1,21,Crackle,False,0.0,Crackle,False,0.0,Crackle,False,0.2,Crackle,False,0.0,Crackle,False,Crackle,False,https://simile-xai-audio.s3.ap-southeast-2.amazonaws.com/data_v1/lung/audio/sprsound_65099422_0.5_0_p2_2760_0.wav,data/processed/UnifiedLungSymptomDataset/audio/sprsound_65099422_0.5_0_p2_2760_0.wav,,,,
lung,icbhi_106_2b1_Pr_mc_LittC2SE_1,Wheeze,ambiguous,-2.0917,icbhi,1,False,0,21,Normal,False,0.0,Normal,False,0.0,Normal,False,0.0,Normal,False,0.0,Normal,False,Crackle,False,https://simile-xai-audio.s3.ap-southeast-2.amazonaws.com/data_v1/lung/audio/icbhi_106_2b1_Pr_mc_LittC2SE_1.wav,data/processed/UnifiedLungSymptomDataset/audio/icbhi_106_2b1_Pr_mc_LittC2SE_1.wav,,,,
lung,fraiwan_271,Wheeze,ambiguous,-1.3922,fraiwan,2,True,3,21,Crackle,False,0.0,Crackle,False,0.0,Crackle,False,0.2,Wheeze,True,0.0,Wheeze,True,Crackle,False,https://simile-xai-audio.s3.ap-southeast-2.amazonaws.com/data_v1/lung/audio/fraiwan_271.wav,data/processed/UnifiedLungSymptomDataset/audio/fraiwan_271.wav,,,,
lung,hflung_trunc_2019-05-16-14-23-13-L5_8_12,Wheeze,ambiguous,-2.43,hflung,3,False,12,21,Wheeze,True,0.6,Wheeze,True,0.8,Wheeze,True,0.8,Wheeze,True,0.8,Wheeze,True,Crackle,False,https://simile-xai-audio.s3.ap-southeast-2.amazonaws.com/data_v1/lung/audio/hflung_trunc_2019-05-16-14-23-13-L5_8_12.wav,data/processed/UnifiedLungSymptomDataset/audio/hflung_trunc_2019-05-16-14-23-13-L5_8_12.wav,,,,
lung,sprsound_66366234_3.8_1_p4_9759_0,Wheeze,ambiguous,-2.1542,sprsound,1,False,0,21,Normal,False,0.0,Normal,False,0.0,Normal,False,0.0,Normal,False,0.0,Normal,False,Normal,False,https://simile-xai-audio.s3.ap-southeast-2.amazonaws.com/data_v1/lung/audio/sprsound_66366234_3.8_1_p4_9759_0.wav,data/processed/UnifiedLungSymptomDataset/audio/sprsound_66366234_3.8_1_p4_9759_0.wav,,,,
lung,icbhi_166_1p1_Pr_sc_Meditron_4,Wheeze,ambiguous,-2.0807,icbhi,1,False,0,21,Crackle,False,0.0,Crackle,False,0.0,Crackle,False,0.0,Crackle,False,0.0,Normal,False,Normal,False,https://simile-xai-audio.s3.ap-southeast-2.amazonaws.com/data_v1/lung/audio/icbhi_166_1p1_Pr_sc_Meditron_4.wav,data/processed/UnifiedLungSymptomDataset/audio/icbhi_166_1p1_Pr_sc_Meditron_4.wav,,,,
lung,hflung_steth_20190808_10_02_09_8,Wheeze,borderline,-1.1575,hflung,3,False,20,21,Wheeze,True,0.4,Wheeze,True,0.8,Wheeze,True,0.6,Wheeze,True,0.2,Wheeze,True,Wheeze,True,https://simile-xai-audio.s3.ap-southeast-2.amazonaws.com/data_v1/lung/audio/hflung_steth_20190808_10_02_09_8.wav,data/processed/UnifiedLungSymptomDataset/audio/hflung_steth_20190808_10_02_09_8.wav,,,,
lung,fraiwan_62,Wheeze,borderline,-1.1528,fraiwan,2,True,15,21,Wheeze,True,1.0,Wheeze,True,0.8,Wheeze,True,0.4,Wheeze,True,0.6,Rhonchi,False,Wheeze,True,https://simile-xai-audio.s3.ap-southeast-2.amazonaws.com/data_v1/lung/audio/fraiwan_62.wav,data/processed/UnifiedLungSymptomDataset/audio/fraiwan_62.wav,,,,
lung,sprsound_41228434_2.2_1_p4_21474_0,Wheeze,borderline,-1.1325,sprsound,1,False,12,21,Crackle,False,0.8,Wheeze,True,0.6,Crackle,False,0.8,Crackle,False,0.8,Wheeze,True,Crackle,False,https://simile-xai-audio.s3.ap-southeast-2.amazonaws.com/data_v1/lung/audio/sprsound_41228434_2.2_1_p4_21474_0.wav,data/processed/UnifiedLungSymptomDataset/audio/sprsound_41228434_2.2_1_p4_21474_0.wav,,,,
lung,icbhi_156_8b3_Pl_mc_AKGC417L_1,Wheeze,borderline,-0.8844,icbhi,1,False,18,21,Wheeze,True,1.0,Wheeze,True,0.8,Wheeze,True,1.0,Wheeze,True,0.8,Normal,False,Normal,False,https://simile-xai-audio.s3.ap-southeast-2.amazonaws.com/data_v1/lung/audio/icbhi_156_8b3_Pl_mc_AKGC417L_1.wav,data/processed/UnifiedLungSymptomDataset/audio/icbhi_156_8b3_Pl_mc_AKGC417L_1.wav,,,,
lung,hflung_steth_20190113_14_44_44_0,Wheeze,borderline,-1.1527,hflung,3,False,13,21,Wheeze,True,0.4,Wheeze,True,0.4,Wheeze,True,0.2,Rhonchi,False,0.4,Rhonchi,False,Wheeze,True,https://simile-xai-audio.s3.ap-southeast-2.amazonaws.com/data_v1/lung/audio/hflung_steth_20190113_14_44_44_0.wav,data/processed/UnifiedLungSymptomDataset/audio/hflung_steth_20190113_14_44_44_0.wav,,,,
lung,fraiwan_220,Wheeze,borderline,-0.8915,fraiwan,2,True,12,21,Normal,False,0.8,Normal,False,0.4,Wheeze,True,0.8,Normal,False,0.8,Normal,False,Normal,False,https://simile-xai-audio.s3.ap-southeast-2.amazonaws.com/data_v1/lung/audio/fraiwan_220.wav,data/processed/UnifiedLungSymptomDataset/audio/fraiwan_220.wav,,,,
lung,sprsound_41228434_2.2_1_p4_21474_1,Wheeze,borderline,-1.1325,sprsound,1,False,12,21,Crackle,False,0.8,Wheeze,True,0.6,Crackle,False,0.8,Crackle,False,0.8,Wheeze,True,Crackle,False,https://simile-xai-audio.s3.ap-southeast-2.amazonaws.com/data_v1/lung/audio/sprsound_41228434_2.2_1_p4_21474_1.wav,data/processed/UnifiedLungSymptomDataset/audio/sprsound_41228434_2.2_1_p4_21474_1.wav,,,,
lung,icbhi_180_1b4_Al_mc_AKGC417L_5,Wheeze,borderline,-0.7835,icbhi,1,False,16,21,Normal,False,0.4,Wheeze,True,0.6,Normal,False,0.6,Wheeze,True,0.4,Normal,False,Wheeze,True,https://simile-xai-audio.s3.ap-southeast-2.amazonaws.com/data_v1/lung/audio/icbhi_180_1b4_Al_mc_AKGC417L_5.wav,data/processed/UnifiedLungSymptomDataset/audio/icbhi_180_1b4_Al_mc_AKGC417L_5.wav,,,,
lung,hflung_trunc_2019-06-30-10-08-35-L8_0_3,Wheeze,borderline,-1.1512,hflung,3,False,8,21,Crackle,False,0.4,Crackle,False,0.2,Crackle,False,0.2,Crackle,False,0.2,Wheeze,True,Wheeze,True,https://simile-xai-audio.s3.ap-southeast-2.amazonaws.com/data_v1/lung/audio/hflung_trunc_2019-06-30-10-08-35-L8_0_3.wav,data/processed/UnifiedLungSymptomDataset/audio/hflung_trunc_2019-06-30-10-08-35-L8_0_3.wav,,,,
lung,fraiwan_33,Wheeze,borderline,-0.5925,fraiwan,2,True,21,21,Wheeze,True,0.6,Wheeze,True,0.8,Wheeze,True,0.8,Wheeze,True,0.6,Wheeze,True,Wheeze,True,https://simile-xai-audio.s3.ap-southeast-2.amazonaws.com/data_v1/lung/audio/fraiwan_33.wav,data/processed/UnifiedLungSymptomDataset/audio/fraiwan_33.wav,,,,
lung,sprsound_66239166_9.6_1_p4_4334_8,Wheeze,borderline,-1.1254,sprsound,1,False,18,21,Wheeze,True,0.8,Wheeze,True,0.4,Wheeze,True,0.2,Wheeze,True,0.2,Wheeze,True,Wheeze,True,https://simile-xai-audio.s3.ap-southeast-2.amazonaws.com/data_v1/lung/audio/sprsound_66239166_9.6_1_p4_4334_8.wav,data/processed/UnifiedLungSymptomDataset/audio/sprsound_66239166_9.6_1_p4_4334_8.wav,,,,
lung,hflung_steth_20190808_10_02_09_6,Wheeze,borderline,-1.1486,hflung,3,False,21,21,Wheeze,True,0.6,Wheeze,True,0.2,Wheeze,True,0.6,Wheeze,True,0.4,Wheeze,True,Wheeze,True,https://simile-xai-audio.s3.ap-southeast-2.amazonaws.com/data_v1/lung/audio/hflung_steth_20190808_10_02_09_6.wav,data/processed/UnifiedLungSymptomDataset/audio/hflung_steth_20190808_10_02_09_6.wav,,,,
lung,sprsound_41173389_4.1_1_p3_1554_7,Wheeze,borderline,-1.1146,sprsound,1,False,21,21,Wheeze,True,0.8,Wheeze,True,0.8,Wheeze,True,1.0,Wheeze,True,1.0,Wheeze,True,Wheeze,True,https://simile-xai-audio.s3.ap-southeast-2.amazonaws.com/data_v1/lung/audio/sprsound_41173389_4.1_1_p3_1554_7.wav,data/processed/UnifiedLungSymptomDataset/audio/sprsound_41173389_4.1_1_p3_1554_7.wav,,,,
lung,hflung_trunc_2019-07-16-10-11-12-L4_1_3,Wheeze,borderline,-1.1467,hflung,3,False,14,21,Wheeze,True,0.2,Wheeze,True,0.4,Wheeze,True,0.2,Wheeze,True,0.4,Wheeze,True,Wheeze,True,https://simile-xai-audio.s3.ap-southeast-2.amazonaws.com/data_v1/lung/audio/hflung_trunc_2019-07-16-10-11-12-L4_1_3.wav,data/processed/UnifiedLungSymptomDataset/audio/hflung_trunc_2019-07-16-10-11-12-L4_1_3.wav,,,,
lung,sprsound_41223618_1.0_0_p1_3607_1,Wheeze,borderline,-1.1142,sprsound,1,False,14,21,Wheeze,True,0.2,Wheeze,True,0.2,Wheeze,True,0.0,Wheeze,True,0.2,Normal,False,Normal,False,https://simile-xai-audio.s3.ap-southeast-2.amazonaws.com/data_v1/lung/audio/sprsound_41223618_1.0_0_p1_3607_1.wav,data/processed/UnifiedLungSymptomDataset/audio/sprsound_41223618_1.0_0_p1_3607_1.wav,,,,
lung,hflung_trunc_2019-08-08-10-07-05-L2_10_1,Wheeze,clear,0.8774,hflung,3,False,21,21,Wheeze,True,0.6,Wheeze,True,1.0,Wheeze,True,1.0,Wheeze,True,1.0,Wheeze,True,Wheeze,True,https://simile-xai-audio.s3.ap-southeast-2.amazonaws.com/data_v1/lung/audio/hflung_trunc_2019-08-08-10-07-05-L2_10_1.wav,data/processed/UnifiedLungSymptomDataset/audio/hflung_trunc_2019-08-08-10-07-05-L2_10_1.wav,,,,
lung,fraiwan_65,Wheeze,clear,0.0232,fraiwan,2,True,18,21,Wheeze,True,0.8,Wheeze,True,0.6,Wheeze,True,1.0,Wheeze,True,1.0,Wheeze,True,Wheeze,True,https://simile-xai-audio.s3.ap-southeast-2.amazonaws.com/data_v1/lung/audio/fraiwan_65.wav,data/processed/UnifiedLungSymptomDataset/audio/fraiwan_65.wav,,,,
lung,sprsound_64779933_1.3_0_p2_3810_2,Wheeze,clear,-0.2005,sprsound,1,False,17,21,Crackle,False,0.8,Wheeze,True,0.8,Wheeze,True,0.8,Wheeze,True,1.0,Wheeze,True,Normal,False,https://simile-xai-audio.s3.ap-southeast-2.amazonaws.com/data_v1/lung/audio/sprsound_64779933_1.3_0_p2_3810_2.wav,data/processed/UnifiedLungSymptomDataset/audio/sprsound_64779933_1.3_0_p2_3810_2.wav,,,,
lung,icbhi_156_5b3_Ar_mc_AKGC417L_3,Wheeze,clear,-0.2904,icbhi,1,False,19,21,Wheeze,True,0.8,Wheeze,True,0.8,Wheeze,True,0.8,Wheeze,True,0.8,Wheeze,True,Normal,False,https://simile-xai-audio.s3.ap-southeast-2.amazonaws.com/data_v1/lung/audio/icbhi_156_5b3_Ar_mc_AKGC417L_3.wav,data/processed/UnifiedLungSymptomDataset/audio/icbhi_156_5b3_Ar_mc_AKGC417L_3.wav,,,,
lung,hflung_trunc_2019-08-08-09-36-47-L6_4_11,Wheeze,clear,0.8311,hflung,3,False,21,21,Wheeze,True,1.0,Wheeze,True,1.0,Wheeze,True,1.0,Wheeze,True,1.0,Wheeze,True,Wheeze,True,https://simile-xai-audio.s3.ap-southeast-2.amazonaws.com/data_v1/lung/audio/hflung_trunc_2019-08-08-09-36-47-L6_4_11.wav,data/processed/UnifiedLungSymptomDataset/audio/hflung_trunc_2019-08-08-09-36-47-L6_4_11.wav,,,,
lung,fraiwan_140,Wheeze,clear,-0.037,fraiwan,2,True,18,21,Wheeze,True,0.8,Wheeze,True,1.0,Wheeze,True,1.0,Wheeze,True,0.8,Wheeze,True,Wheeze,True,https://simile-xai-audio.s3.ap-southeast-2.amazonaws.com/data_v1/lung/audio/fraiwan_140.wav,data/processed/UnifiedLungSymptomDataset/audio/fraiwan_140.wav,,,,
lung,sprsound_41184079_6.2_0_p3_5761_0,Wheeze,clear,-0.2079,sprsound,1,False,20,21,Wheeze,True,0.8,Wheeze,True,0.8,Wheeze,True,0.6,Wheeze,True,1.0,Wheeze,True,Wheeze,True,https://simile-xai-audio.s3.ap-southeast-2.amazonaws.com/data_v1/lung/audio/sprsound_41184079_6.2_0_p3_5761_0.wav,data/processed/UnifiedLungSymptomDataset/audio/sprsound_41184079_6.2_0_p3_5761_0.wav,,,,
lung,hflung_trunc_2019-08-08-09-36-47-L6_4_12,Wheeze,clear,0.8311,hflung,3,False,21,21,Wheeze,True,1.0,Wheeze,True,1.0,Wheeze,True,1.0,Wheeze,True,1.0,Wheeze,True,Wheeze,True,https://simile-xai-audio.s3.ap-southeast-2.amazonaws.com/data_v1/lung/audio/hflung_trunc_2019-08-08-09-36-47-L6_4_12.wav,data/processed/UnifiedLungSymptomDataset/audio/hflung_trunc_2019-08-08-09-36-47-L6_4_12.wav,,,,
lung,fraiwan_55,Wheeze,clear,-0.2028,fraiwan,2,True,21,21,Wheeze,True,1.0,Wheeze,True,1.0,Wheeze,True,1.0,Wheeze,True,1.0,Wheeze,True,Wheeze,True,https://simile-xai-audio.s3.ap-southeast-2.amazonaws.com/data_v1/lung/audio/fraiwan_55.wav,data/processed/UnifiedLungSymptomDataset/audio/fraiwan_55.wav,,,,
lung,sprsound_66366234_3.8_1_p3_9762_7,Wheeze,clear,-0.2828,sprsound,1,False,20,21,Wheeze,True,0.8,Wheeze,True,0.0,Wheeze,True,0.2,Wheeze,True,0.4,Wheeze,True,Normal,False,https://simile-xai-audio.s3.ap-southeast-2.amazonaws.com/data_v1/lung/audio/sprsound_66366234_3.8_1_p3_9762_7.wav,data/processed/UnifiedLungSymptomDataset/audio/sprsound_66366234_3.8_1_p3_9762_7.wav,,,,
lung,hflung_trunc_2019-08-08-09-36-47-L5_13_9,Wheeze,clear,0.8051,hflung,3,False,21,21,Wheeze,True,0.4,Wheeze,True,0.8,Wheeze,True,1.0,Wheeze,True,1.0,Wheeze,True,Wheeze,True,https://simile-xai-audio.s3.ap-southeast-2.amazonaws.com/data_v1/lung/audio/hflung_trunc_2019-08-08-09-36-47-L5_13_9.wav,data/processed/UnifiedLungSymptomDataset/audio/hflung_trunc_2019-08-08-09-36-47-L5_13_9.wav,,,,
lung,fraiwan_297,Wheeze,clear,-0.2525,fraiwan,2,True,21,21,Wheeze,True,0.8,Wheeze,True,0.8,Wheeze,True,1.0,Wheeze,True,1.0,Wheeze,True,Wheeze,True,https://simile-xai-audio.s3.ap-southeast-2.amazonaws.com/data_v1/lung/audio/fraiwan_297.wav,data/processed/UnifiedLungSymptomDataset/audio/fraiwan_297.wav,,,,
lung,sprsound_66366234_3.8_1_p3_9762_5,Wheeze,clear,-0.3032,sprsound,1,False,21,21,Wheeze,True,1.0,Wheeze,True,0.8,Wheeze,True,0.4,Wheeze,True,1.0,Wheeze,True,Wheeze,True,https://simile-xai-audio.s3.ap-southeast-2.amazonaws.com/data_v1/lung/audio/sprsound_66366234_3.8_1_p3_9762_5.wav,data/processed/UnifiedLungSymptomDataset/audio/sprsound_66366234_3.8_1_p3_9762_5.wav,,,,
lung,hflung_trunc_2019-08-08-09-36-47-L6_0_14,Wheeze,clear,0.7644,hflung,3,False,21,21,Wheeze,True,0.8,Wheeze,True,1.0,Wheeze,True,1.0,Wheeze,True,1.0,Wheeze,True,Wheeze,True,https://simile-xai-audio.s3.ap-southeast-2.amazonaws.com/data_v1/lung/audio/hflung_trunc_2019-08-08-09-36-47-L6_0_14.wav,data/processed/UnifiedLungSymptomDataset/audio/hflung_trunc_2019-08-08-09-36-47-L6_0_14.wav,,,,
lung,fraiwan_25,Wheeze,clear,-0.3636,fraiwan,2,True,21,21,Wheeze,True,1.0,Wheeze,True,0.8,Wheeze,True,1.0,Wheeze,True,1.0,Wheeze,True,Wheeze,True,https://simile-xai-audio.s3.ap-southeast-2.amazonaws.com/data_v1/lung/audio/fraiwan_25.wav,data/processed/UnifiedLungSymptomDataset/audio/fraiwan_25.wav,,,,
bird,bird_Recording_1_Recording_1_Segment_28_32,Black-capped Chickadee,ambiguous,-1.9683,all,0,False,9,10,Black-capped Chickadee,True,0.2,Black-capped Chickadee,True,0.6,Black-capped Chickadee,True,0.6,Black-capped Chickadee,True,0.6,Ovenbird,False,Ovenbird,False,https://simile-xai-audio.s3.ap-southeast-2.amazonaws.com/data_v1/bird/audio/bird_Recording_1_Recording_1_Segment_28_32.wav,data/processed/BirdSoundsDataset/audio/bird_Recording_1_Recording_1_Segment_28_32.wav,,,,
bird,bird_Recording_1_Recording_1_Segment_07_184,Black-capped Chickadee,ambiguous,-1.9342,all,0,False,5,10,Black-capped Chickadee,True,0.2,Black-capped Chickadee,True,0.2,Black-capped Chickadee,True,0.2,Black-capped Chickadee,True,0.0,Wood Thrush,False,Ovenbird,False,https://simile-xai-audio.s3.ap-southeast-2.amazonaws.com/data_v1/bird/audio/bird_Recording_1_Recording_1_Segment_07_184.wav,data/processed/BirdSoundsDataset/audio/bird_Recording_1_Recording_1_Segment_07_184.wav,,,,
bird,bird_Recording_4_Recording_4_Segment_25_34,Black-capped Chickadee,ambiguous,-1.8568,all,0,False,4,10,Black-capped Chickadee,True,0.6,Tufted Titmouse,False,0.4,Tufted Titmouse,False,1.0,Black-capped Chickadee,True,0.8,Wood Thrush,False,Tufted Titmouse,False,https://simile-xai-audio.s3.ap-southeast-2.amazonaws.com/data_v1/bird/audio/bird_Recording_4_Recording_4_Segment_25_34.wav,data/processed/BirdSoundsDataset/audio/bird_Recording_4_Recording_4_Segment_25_34.wav,,,,
bird,bird_Recording_1_Recording_1_Segment_22_16,Black-capped Chickadee,ambiguous,-1.7828,all,0,False,0,10,Wood Thrush,False,0.2,Wood Thrush,False,0.0,Wood Thrush,False,0.0,Wood Thrush,False,0.0,Wood Thrush,False,Ovenbird,False,https://simile-xai-audio.s3.ap-southeast-2.amazonaws.com/data_v1/bird/audio/bird_Recording_1_Recording_1_Segment_22_16.wav,data/processed/BirdSoundsDataset/audio/bird_Recording_1_Recording_1_Segment_22_16.wav,,,,
bird,bird_Recording_1_Recording_1_Segment_21_182,Black-capped Chickadee,ambiguous,-1.7816,all,0,False,4,10,Black-capped Chickadee,True,0.0,Tufted Titmouse,False,0.4,Black-capped Chickadee,True,0.2,Black-capped Chickadee,True,0.2,Wood Thrush,False,Ovenbird,False,https://simile-xai-audio.s3.ap-southeast-2.amazonaws.com/data_v1/bird/audio/bird_Recording_1_Recording_1_Segment_21_182.wav,data/processed/BirdSoundsDataset/audio/bird_Recording_1_Recording_1_Segment_21_182.wav,,,,
bird,bird_Recording_4_Recording_4_Segment_25_169,Black-capped Chickadee,ambiguous,-1.6713,all,0,False,5,10,Black-capped Chickadee,True,0.4,Eastern Towhee,False,0.6,Black-capped Chickadee,True,0.8,Black-capped Chickadee,True,0.6,Wood Thrush,False,Ovenbird,False,https://simile-xai-audio.s3.ap-southeast-2.amazonaws.com/data_v1/bird/audio/bird_Recording_4_Recording_4_Segment_25_169.wav,data/processed/BirdSoundsDataset/audio/bird_Recording_4_Recording_4_Segment_25_169.wav,,,,
bird,bird_Recording_2_Recording_2_Segment_04_192,Black-capped Chickadee,ambiguous,-1.6475,all,0,False,2,10,Wood Thrush,False,0.0,Wood Thrush,False,0.2,Wood Thrush,False,0.0,Wood Thrush,False,0.4,Wood Thrush,False,Ovenbird,False,https://simile-xai-audio.s3.ap-southeast-2.amazonaws.com/data_v1/bird/audio/bird_Recording_2_Recording_2_Segment_04_192.wav,data/processed/BirdSoundsDataset/audio/bird_Recording_2_Recording_2_Segment_04_192.wav,,,,
bird,bird_Recording_1_Recording_1_Segment_06_117,Black-capped Chickadee,ambiguous,-1.6396,all,0,False,4,10,Black-capped Chickadee,True,0.2,Tufted Titmouse,False,0.2,Wood Thrush,False,0.0,Black-capped Chickadee,True,0.0,Wood Thrush,False,Ovenbird,False,https://simile-xai-audio.s3.ap-southeast-2.amazonaws.com/data_v1/bird/audio/bird_Recording_1_Recording_1_Segment_06_117.wav,data/processed/BirdSoundsDataset/audio/bird_Recording_1_Recording_1_Segment_06_117.wav,,,,
bird,bird_Recording_1_Recording_1_Segment_28_74,Black-capped Chickadee,ambiguous,-1.6232,all,0,False,4,10,Eastern Towhee,False,0.2,Eastern Towhee,False,0.4,Eastern Towhee,False,0.4,Eastern Towhee,False,0.6,Wood Thrush,False,Ovenbird,False,https://simile-xai-audio.s3.ap-southeast-2.amazonaws.com/data_v1/bird/audio/bird_Recording_1_Recording_1_Segment_28_74.wav,data/processed/BirdSoundsDataset/audio/bird_Recording_1_Recording_1_Segment_28_74.wav,,,,
bird,bird_Recording_2_Recording_2_Segment_03_62,Black-capped Chickadee,ambiguous,-1.6064,all,0,False,3,10,Black-capped Chickadee,True,0.0,Wood Thrush,False,0.0,Black-capped Chickadee,True,0.0,Wood Thrush,False,0.0,Wood Thrush,False,Ovenbird,False,https://simile-xai-audio.s3.ap-southeast-2.amazonaws.com/data_v1/bird/audio/bird_Recording_2_Recording_2_Segment_03_62.wav,data/processed/BirdSoundsDataset/audio/bird_Recording_2_Recording_2_Segment_03_62.wav,,,,
bird,bird_Recording_4_Recording_4_Segment_19_122,Black-capped Chickadee,ambiguous,-1.6062,all,0,False,5,10,Black-capped Chickadee,True,0.2,Tufted Titmouse,False,0.6,Tufted Titmouse,False,1.0,Black-capped Chickadee,True,0.4,Wood Thrush,False,Ovenbird,False,https://simile-xai-audio.s3.ap-southeast-2.amazonaws.com/data_v1/bird/audio/bird_Recording_4_Recording_4_Segment_19_122.wav,data/processed/BirdSoundsDataset/audio/bird_Recording_4_Recording_4_Segment_19_122.wav,,,,
bird,bird_Recording_1_Recording_1_Segment_23_161,Black-capped Chickadee,ambiguous,-1.6052,all,0,False,5,10,Black-capped Chickadee,True,0.2,Black-capped Chickadee,True,0.0,Black-capped Chickadee,True,0.2,Black-capped Chickadee,True,0.0,Wood Thrush,False,Ovenbird,False,https://simile-xai-audio.s3.ap-southeast-2.amazonaws.com/data_v1/bird/audio/bird_Recording_1_Recording_1_Segment_23_161.wav,data/processed/BirdSoundsDataset/audio/bird_Recording_1_Recording_1_Segment_23_161.wav,,,,
bird,bird_Recording_4_Recording_4_Segment_24_36,Black-capped Chickadee,ambiguous,-1.5897,all,0,False,2,10,Black-capped Chickadee,True,0.4,Eastern Towhee,False,0.4,Eastern Towhee,False,0.6,Eastern Towhee,False,0.6,Wood Thrush,False,Ovenbird,False,https://simile-xai-audio.s3.ap-southeast-2.amazonaws.com/data_v1/bird/audio/bird_Recording_4_Recording_4_Segment_24_36.wav,data/processed/BirdSoundsDataset/audio/bird_Recording_4_Recording_4_Segment_24_36.wav,,,,
bird,bird_Recording_4_Recording_4_Segment_11_109,Black-capped Chickadee,ambiguous,-1.5694,all,0,False,7,10,Eastern Towhee,False,0.2,Black-capped Chickadee,True,0.4,Black-capped Chickadee,True,0.4,Eastern Towhee,False,0.6,Wood Thrush,False,Ovenbird,False,https://simile-xai-audio.s3.ap-southeast-2.amazonaws.com/data_v1/bird/audio/bird_Recording_4_Recording_4_Segment_11_109.wav,data/processed/BirdSoundsDataset/audio/bird_Recording_4_Recording_4_Segment_11_109.wav,,,,
bird,bird_Recording_4_Recording_4_Segment_13_36,Black-capped Chickadee,ambiguous,-1.5693,all,0,False,7,10,Black-capped Chickadee,True,0.0,Black-capped Chickadee,True,0.8,Black-capped Chickadee,True,1.0,Black-capped Chickadee,True,0.8,Ovenbird,False,Ovenbird,False,https://simile-xai-audio.s3.ap-southeast-2.amazonaws.com/data_v1/bird/audio/bird_Recording_4_Recording_4_Segment_13_36.wav,data/processed/BirdSoundsDataset/audio/bird_Recording_4_Recording_4_Segment_13_36.wav,,,,
bird,bird_Recording_4_Recording_4_Segment_16_71,Black-capped Chickadee,borderline,-1.1939,all,0,False,7,10,Black-capped Chickadee,True,0.0,Black-capped Chickadee,True,0.8,Black-capped Chickadee,True,0.8,Black-capped Chickadee,True,1.0,Wood Thrush,False,Ovenbird,False,https://simile-xai-audio.s3.ap-southeast-2.amazonaws.com/data_v1/bird/audio/bird_Recording_4_Recording_4_Segment_16_71.wav,data/processed/BirdSoundsDataset/audio/bird_Recording_4_Recording_4_Segment_16_71.wav,,,,
bird,bird_Recording_4_Recording_4_Segment_18_98,Black-capped Chickadee,borderline,-1.1889,all,0,False,9,10,Black-capped Chickadee,True,0.6,Black-capped Chickadee,True,1.0,Black-capped Chickadee,True,0.8,Black-capped Chickadee,True,1.0,Wood Thrush,False,Ovenbird,False,https://simile-xai-audio.s3.ap-southeast-2.amazonaws.com/data_v1/bird/audio/bird_Recording_4_Recording_4_Segment_18_98.wav,data/processed/BirdSoundsDataset/audio/bird_Recording_4_Recording_4_Segment_18_98.wav,,,,
bird,bird_Recording_2_Recording_2_Segment_02_148,Black-capped Chickadee,borderline,-1.1791,all,0,False,1,10,Black-capped Chickadee,True,0.0,Wood Thrush,False,0.2,Wood Thrush,False,0.0,Wood Thrush,False,0.0,Wood Thrush,False,Ovenbird,False,https://simile-xai-audio.s3.ap-southeast-2.amazonaws.com/data_v1/bird/audio/bird_Recording_2_Recording_2_Segment_02_148.wav,data/processed/BirdSoundsDataset/audio/bird_Recording_2_Recording_2_Segment_02_148.wav,,,,
bird,bird_Recording_4_Recording_4_Segment_24_11,Black-capped Chickadee,borderline,-1.1668,all,0,False,6,10,Black-capped Chickadee,True,0.2,Black-capped Chickadee,True,0.4,Black-capped Chickadee,True,0.8,Black-capped Chickadee,True,0.8,Ovenbird,False,Ovenbird,False,https://simile-xai-audio.s3.ap-southeast-2.amazonaws.com/data_v1/bird/audio/bird_Recording_4_Recording_4_Segment_24_11.wav,data/processed/BirdSoundsDataset/audio/bird_Recording_4_Recording_4_Segment_24_11.wav,,,,
bird,bird_Recording_4_Recording_4_Segment_11_73,Black-capped Chickadee,borderline,-1.1616,all,0,False,2,10,Black-capped Chickadee,True,0.4,Eastern Towhee,False,0.0,Black-capped Chickadee,True,0.2,Black-capped Chickadee,True,0.0,Wood Thrush,False,Ovenbird,False,https://simile-xai-audio.s3.ap-southeast-2.amazonaws.com/data_v1/bird/audio/bird_Recording_4_Recording_4_Segment_11_73.wav,data/processed/BirdSoundsDataset/audio/bird_Recording_4_Recording_4_Segment_11_73.wav,,,,
bird,bird_Recording_2_Recording_2_Segment_08_233,Black-capped Chickadee,borderline,-1.1448,all,0,False,0,10,Ovenbird,False,0.0,Ovenbird,False,0.4,Ovenbird,False,0.0,Ovenbird,False,0.2,Ovenbird,False,Ovenbird,False,https://simile-xai-audio.s3.ap-southeast-2.amazonaws.com/data_v1/bird/audio/bird_Recording_2_Recording_2_Segment_08_233.wav,data/processed/BirdSoundsDataset/audio/bird_Recording_2_Recording_2_Segment_08_233.wav,,,,
bird,bird_Recording_2_Recording_2_Segment_03_45,Black-capped Chickadee,borderline,-1.1443,all,0,False,5,10,Black-capped Chickadee,True,0.0,Black-capped Chickadee,True,0.4,Black-capped Chickadee,True,0.4,Black-capped Chickadee,True,0.8,Wood Thrush,False,Ovenbird,False,https://simile-xai-audio.s3.ap-southeast-2.amazonaws.com/data_v1/bird/audio/bird_Recording_2_Recording_2_Segment_03_45.wav,data/processed/BirdSoundsDataset/audio/bird_Recording_2_Recording_2_Segment_03_45.wav,,,,
bird,bird_Recording_4_Recording_4_Segment_25_47,Black-capped Chickadee,borderline,-1.1376,all,0,False,7,10,Tufted Titmouse,False,0.2,Black-capped Chickadee,True,0.2,Black-capped Chickadee,True,0.8,Black-capped Chickadee,True,1.0,Wood Thrush,False,Ovenbird,False,https://simile-xai-audio.s3.ap-southeast-2.amazonaws.com/data_v1/bird/audio/bird_Recording_4_Recording_4_Segment_25_47.wav,data/processed/BirdSoundsDataset/audio/bird_Recording_4_Recording_4_Segment_25_47.wav,,,,
bird,bird_Recording_1_Recording_1_Segment_06_328,Black-capped Chickadee,borderline,-1.1212,all,0,False,9,10,Black-capped Chickadee,True,0.0,Black-capped Chickadee,True,0.2,Black-capped Chickadee,True,0.4,Black-capped Chickadee,True,0.2,Wood Thrush,False,Ovenbird,False,https://simile-xai-audio.s3.ap-southeast-2.amazonaws.com/data_v1/bird/audio/bird_Recording_1_Recording_1_Segment_06_328.wav,data/processed/BirdSoundsDataset/audio/bird_Recording_1_Recording_1_Segment_06_328.wav,,,,
bird,bird_Recording_1_Recording_1_Segment_25_125,Black-capped Chickadee,borderline,-1.1105,all,0,False,2,10,Black-capped Chickadee,True,0.0,Eastern Towhee,False,0.2,Eastern Towhee,False,0.0,Eastern Towhee,False,0.2,Wood Thrush,False,Ovenbird,False,https://simile-xai-audio.s3.ap-southeast-2.amazonaws.com/data_v1/bird/audio/bird_Recording_1_Recording_1_Segment_25_125.wav,data/processed/BirdSoundsDataset/audio/bird_Recording_1_Recording_1_Segment_25_125.wav,,,,
bird,bird_Recording_4_Recording_4_Segment_16_79,Black-capped Chickadee,borderline,-1.0931,all,0,False,9,10,Black-capped Chickadee,True,0.2,Black-capped Chickadee,True,0.8,Black-capped Chickadee,True,1.0,Black-capped Chickadee,True,1.0,Wood Thrush,False,Ovenbird,False,https://simile-xai-audio.s3.ap-southeast-2.amazonaws.com/data_v1/bird/audio/bird_Recording_4_Recording_4_Segment_16_79.wav,data/processed/BirdSoundsDataset/audio/bird_Recording_4_Recording_4_Segment_16_79.wav,,,,
bird,bird_Recording_3_Recording_3_Segment_01_252,Black-capped Chickadee,borderline,-1.0823,all,0,False,8,10,Black-capped Chickadee,True,0.2,Black-capped Chickadee,True,0.8,Black-capped Chickadee,True,0.6,Black-capped Chickadee,True,1.0,Ovenbird,False,Ovenbird,False,https://simile-xai-audio.s3.ap-southeast-2.amazonaws.com/data_v1/bird/audio/bird_Recording_3_Recording_3_Segment_01_252.wav,data/processed/BirdSoundsDataset/audio/bird_Recording_3_Recording_3_Segment_01_252.wav,,,,
bird,bird_Recording_2_Recording_2_Segment_08_171,Black-capped Chickadee,borderline,-1.049,all,0,False,6,10,Black-capped Chickadee,True,0.2,Black-capped Chickadee,True,0.6,Black-capped Chickadee,True,0.2,Black-capped Chickadee,True,0.2,Ovenbird,False,Ovenbird,False,https://simile-xai-audio.s3.ap-southeast-2.amazonaws.com/data_v1/bird/audio/bird_Recording_2_Recording_2_Segment_08_171.wav,data/processed/BirdSoundsDataset/audio/bird_Recording_2_Recording_2_Segment_08_171.wav,,,,
bird,bird_Recording_4_Recording_4_Segment_23_42,Black-capped Chickadee,borderline,-1.0295,all,0,False,7,10,Black-capped Chickadee,True,0.2,Black-capped Chickadee,True,0.8,Black-capped Chickadee,True,0.8,Black-capped Chickadee,True,0.8,Wood Thrush,False,Ovenbird,False,https://simile-xai-audio.s3.ap-southeast-2.amazonaws.com/data_v1/bird/audio/bird_Recording_4_Recording_4_Segment_23_42.wav,data/processed/BirdSoundsDataset/audio/bird_Recording_4_Recording_4_Segment_23_42.wav,,,,
bird,bird_Recording_4_Recording_4_Segment_16_262,Black-capped Chickadee,borderline,-1.0138,all,0,False,9,10,Black-capped Chickadee,True,0.4,Black-capped Chickadee,True,1.0,Black-capped Chickadee,True,1.0,Black-capped Chickadee,True,1.0,Ovenbird,False,Ovenbird,False,https://simile-xai-audio.s3.ap-southeast-2.amazonaws.com/data_v1/bird/audio/bird_Recording_4_Recording_4_Segment_16_262.wav,data/processed/BirdSoundsDataset/audio/bird_Recording_4_Recording_4_Segment_16_262.wav,,,,
bird,bird_Recording_2_Recording_2_Segment_07_321,Black-capped Chickadee,clear,0.6491,all,0,False,6,10,Black-capped Chickadee,True,0.0,Black-capped Chickadee,True,0.8,Black-capped Chickadee,True,0.4,Black-capped Chickadee,True,1.0,Ovenbird,False,Ovenbird,False,https://simile-xai-audio.s3.ap-southeast-2.amazonaws.com/data_v1/bird/audio/bird_Recording_2_Recording_2_Segment_07_321.wav,data/processed/BirdSoundsDataset/audio/bird_Recording_2_Recording_2_Segment_07_321.wav,,,,
bird,bird_Recording_2_Recording_2_Segment_08_11,Black-capped Chickadee,clear,0.5491,all,0,False,10,10,Black-capped Chickadee,True,0.2,Black-capped Chickadee,True,0.8,Black-capped Chickadee,True,0.6,Black-capped Chickadee,True,1.0,Wood Thrush,False,Ovenbird,False,https://simile-xai-audio.s3.ap-southeast-2.amazonaws.com/data_v1/bird/audio/bird_Recording_2_Recording_2_Segment_08_11.wav,data/processed/BirdSoundsDataset/audio/bird_Recording_2_Recording_2_Segment_08_11.wav,,,,
bird,bird_Recording_2_Recording_2_Segment_07_276,Black-capped Chickadee,clear,0.4801,all,0,False,9,10,Black-capped Chickadee,True,0.0,Black-capped Chickadee,True,0.8,Black-capped Chickadee,True,0.4,Black-capped Chickadee,True,1.0,Ovenbird,False,Ovenbird,False,https://simile-xai-audio.s3.ap-southeast-2.amazonaws.com/data_v1/bird/audio/bird_Recording_2_Recording_2_Segment_07_276.wav,data/processed/BirdSoundsDataset/audio/bird_Recording_2_Recording_2_Segment_07_276.wav,,,,
bird,bird_Recording_4_Recording_4_Segment_22_270,Black-capped Chickadee,clear,0.3574,all,0,False,8,10,Black-capped Chickadee,True,0.4,Black-capped Chickadee,True,0.8,Black-capped Chickadee,True,1.0,Black-capped Chickadee,True,1.0,Wood Thrush,False,Ovenbird,False,https://simile-xai-audio.s3.ap-southeast-2.amazonaws.com/data_v1/bird/audio/bird_Recording_4_Recording_4_Segment_22_270.wav,data/processed/BirdSoundsDataset/audio/bird_Recording_4_Recording_4_Segment_22_270.wav,,,,
bird,bird_Recording_4_Recording_4_Segment_22_263,Black-capped Chickadee,clear,0.3499,all,0,False,7,10,Black-capped Chickadee,True,0.2,Black-capped Chickadee,True,0.8,Black-capped Chickadee,True,1.0,Black-capped Chickadee,True,0.8,Wood Thrush,False,Ovenbird,False,https://simile-xai-audio.s3.ap-southeast-2.amazonaws.com/data_v1/bird/audio/bird_Recording_4_Recording_4_Segment_22_263.wav,data/processed/BirdSoundsDataset/audio/bird_Recording_4_Recording_4_Segment_22_263.wav,,,,
bird,bird_Recording_2_Recording_2_Segment_07_327,Black-capped Chickadee,clear,0.3428,all,0,False,7,10,Black-capped Chickadee,True,0.4,Black-capped Chickadee,True,0.8,Black-capped Chickadee,True,0.6,Black-capped Chickadee,True,1.0,Wood Thrush,False,Ovenbird,False,https://simile-xai-audio.s3.ap-southeast-2.amazonaws.com/data_v1/bird/audio/bird_Recording_2_Recording_2_Segment_07_327.wav,data/processed/BirdSoundsDataset/audio/bird_Recording_2_Recording_2_Segment_07_327.wav,,,,
bird,bird_Recording_2_Recording_2_Segment_07_301,Black-capped Chickadee,clear,0.3396,all,0,False,8,10,Black-capped Chickadee,True,0.0,Black-capped Chickadee,True,0.8,Black-capped Chickadee,True,0.6,Black-capped Chickadee,True,1.0,Ovenbird,False,Ovenbird,False,https://simile-xai-audio.s3.ap-southeast-2.amazonaws.com/data_v1/bird/audio/bird_Recording_2_Recording_2_Segment_07_301.wav,data/processed/BirdSoundsDataset/audio/bird_Recording_2_Recording_2_Segment_07_301.wav,,,,
bird,bird_Recording_2_Recording_2_Segment_07_348,Black-capped Chickadee,clear,0.3133,all,0,False,9,10,Black-capped Chickadee,True,0.0,Black-capped Chickadee,True,0.6,Black-capped Chickadee,True,0.4,Black-capped Chickadee,True,1.0,Wood Thrush,False,Ovenbird,False,https://simile-xai-audio.s3.ap-southeast-2.amazonaws.com/data_v1/bird/audio/bird_Recording_2_Recording_2_Segment_07_348.wav,data/processed/BirdSoundsDataset/audio/bird_Recording_2_Recording_2_Segment_07_348.wav,,,,
bird,bird_Recording_2_Recording_2_Segment_05_121,Black-capped Chickadee,clear,0.3071,all,0,False,4,10,Ovenbird,False,0.0,Black-capped Chickadee,True,0.8,Black-capped Chickadee,True,0.2,Black-capped Chickadee,True,0.6,Wood Thrush,False,Ovenbird,False,https://simile-xai-audio.s3.ap-southeast-2.amazonaws.com/data_v1/bird/audio/bird_Recording_2_Recording_2_Segment_05_121.wav,data/processed/BirdSoundsDataset/audio/bird_Recording_2_Recording_2_Segment_05_121.wav,,,,
bird,bird_Recording_4_Recording_4_Segment_16_169,Black-capped Chickadee,clear,0.2703,all,0,False,7,10,Black-capped Chickadee,True,0.2,Black-capped Chickadee,True,1.0,Black-capped Chickadee,True,0.8,Black-capped Chickadee,True,1.0,Wood Thrush,False,Ovenbird,False,https://simile-xai-audio.s3.ap-southeast-2.amazonaws.com/data_v1/bird/audio/bird_Recording_4_Recording_4_Segment_16_169.wav,data/processed/BirdSoundsDataset/audio/bird_Recording_4_Recording_4_Segment_16_169.wav,,,,
bird,bird_Recording_4_Recording_4_Segment_16_197,Black-capped Chickadee,clear,-0.0085,all,0,False,9,10,Black-capped Chickadee,True,0.4,Black-capped Chickadee,True,1.0,Black-capped Chickadee,True,0.8,Black-capped Chickadee,True,1.0,Wood Thrush,False,Ovenbird,False,https://simile-xai-audio.s3.ap-southeast-2.amazonaws.com/data_v1/bird/audio/bird_Recording_4_Recording_4_Segment_16_197.wav,data/processed/BirdSoundsDataset/audio/bird_Recording_4_Recording_4_Segment_16_197.wav,,,,
bird,bird_Recording_4_Recording_4_Segment_16_33,Black-capped Chickadee,clear,-0.0531,all,0,False,10,10,Black-capped Chickadee,True,0.0,Black-capped Chickadee,True,0.8,Black-capped Chickadee,True,1.0,Black-capped Chickadee,True,0.8,Wood Thrush,False,Ovenbird,False,https://simile-xai-audio.s3.ap-southeast-2.amazonaws.com/data_v1/bird/audio/bird_Recording_4_Recording_4_Segment_16_33.wav,data/processed/BirdSoundsDataset/audio/bird_Recording_4_Recording_4_Segment_16_33.wav,,,,
bird,bird_Recording_4_Recording_4_Segment_16_152,Black-capped Chickadee,clear,-0.1059,all,0,False,9,10,Black-capped Chickadee,True,0.4,Black-capped Chickadee,True,1.0,Black-capped Chickadee,True,0.8,Black-capped Chickadee,True,1.0,Wood Thrush,False,Ovenbird,False,https://simile-xai-audio.s3.ap-southeast-2.amazonaws.com/data_v1/bird/audio/bird_Recording_4_Recording_4_Segment_16_152.wav,data/processed/BirdSoundsDataset/audio/bird_Recording_4_Recording_4_Segment_16_152.wav,,,,
bird,bird_Recording_1_Recording_1_Segment_27_50,Black-capped Chickadee,clear,-0.1085,all,0,False,9,10,Black-capped Chickadee,True,0.4,Black-capped Chickadee,True,0.6,Black-capped Chickadee,True,0.8,Black-capped Chickadee,True,1.0,Wood Thrush,False,Ovenbird,False,https://simile-xai-audio.s3.ap-southeast-2.amazonaws.com/data_v1/bird/audio/bird_Recording_1_Recording_1_Segment_27_50.wav,data/processed/BirdSoundsDataset/audio/bird_Recording_1_Recording_1_Segment_27_50.wav,,,,
bird,bird_Recording_2_Recording_2_Segment_07_236,Black-capped Chickadee,clear,-0.1791,all,0,False,10,10,Black-capped Chickadee,True,0.2,Black-capped Chickadee,True,0.8,Black-capped Chickadee,True,0.6,Black-capped Chickadee,True,1.0,Wood Thrush,False,Ovenbird,False,https://simile-xai-audio.s3.ap-southeast-2.amazonaws.com/data_v1/bird/audio/bird_Recording_2_Recording_2_Segment_07_236.wav,data/processed/BirdSoundsDataset/audio/bird_Recording_2_Recording_2_Segment_07_236.wav,,,,
bird,bird_Recording_1_Recording_1_Segment_05_2,Eastern Towhee,ambiguous,-1.6963,all,0,False,5,10,Eastern Towhee,True,0.0,Eastern Towhee,True,0.0,Eastern Towhee,True,0.0,Eastern Towhee,True,0.0,Wood Thrush,False,Tufted Titmouse,False,https://simile-xai-audio.s3.ap-southeast-2.amazonaws.com/data_v1/bird/audio/bird_Recording_1_Recording_1_Segment_05_2.wav,data/processed/BirdSoundsDataset/audio/bird_Recording_1_Recording_1_Segment_05_2.wav,,,,
bird,bird_Recording_1_Recording_1_Segment_09_93,Eastern Towhee,ambiguous,-1.5772,all,0,False,1,10,Ovenbird,False,0.0,Ovenbird,False,0.0,Ovenbird,False,0.0,Ovenbird,False,0.0,Wood Thrush,False,Ovenbird,False,https://simile-xai-audio.s3.ap-southeast-2.amazonaws.com/data_v1/bird/audio/bird_Recording_1_Recording_1_Segment_09_93.wav,data/processed/BirdSoundsDataset/audio/bird_Recording_1_Recording_1_Segment_09_93.wav,,,,
bird,bird_Recording_1_Recording_1_Segment_09_111,Eastern Towhee,ambiguous,-1.5686,all,0,False,6,10,Eastern Towhee,True,0.2,Eastern Towhee,True,0.0,Eastern Towhee,True,0.0,Eastern Towhee,True,0.0,Wood Thrush,False,Ovenbird,False,https://simile-xai-audio.s3.ap-southeast-2.amazonaws.com/data_v1/bird/audio/bird_Recording_1_Recording_1_Segment_09_111.wav,data/processed/BirdSoundsDataset/audio/bird_Recording_1_Recording_1_Segment_09_111.wav,,,,
bird,bird_Recording_2_Recording_2_Segment_11_164,Eastern Towhee,ambiguous,-1.4668,all,0,False,6,10,Eastern Towhee,True,0.0,Eastern Towhee,True,0.0,Eastern Towhee,True,0.0,Eastern Towhee,True,0.0,Wood Thrush,False,Ovenbird,False,https://simile-xai-audio.s3.ap-southeast-2.amazonaws.com/data_v1/bird/audio/bird_Recording_2_Recording_2_Segment_11_164.wav,data/processed/BirdSoundsDataset/audio/bird_Recording_2_Recording_2_Segment_11_164.wav,,,,
bird,bird_Recording_1_Recording_1_Segment_06_189,Eastern Towhee,ambiguous,-1.4445,all,0,False,4,10,Eastern Towhee,True,0.2,Eastern Towhee,True,0.0,Eastern Towhee,True,0.0,Eastern Towhee,True,0.0,Ovenbird,False,Ovenbird,False,https://simile-xai-audio.s3.ap-southeast-2.amazonaws.com/data_v1/bird/audio/bird_Recording_1_Recording_1_Segment_06_189.wav,data/processed/BirdSoundsDataset/audio/bird_Recording_1_Recording_1_Segment_06_189.wav,,,,
bird,bird_Recording_1_Recording_1_Segment_15_40,Eastern Towhee,ambiguous,-1.422,all,0,False,1,10,Tufted Titmouse,False,0.0,Tufted Titmouse,False,0.0,Wood Thrush,False,0.0,Ovenbird,False,0.0,Wood Thrush,False,Ovenbird,False,https://simile-xai-audio.s3.ap-southeast-2.amazonaws.com/data_v1/bird/audio/bird_Recording_1_Recording_1_Segment_15_40.wav,data/processed/BirdSoundsDataset/audio/bird_Recording_1_Recording_1_Segment_15_40.wav,,,,
bird,bird_Recording_1_Recording_1_Segment_25_175,Eastern Towhee,ambiguous,-1.2908,all,0,False,4,10,Eastern Towhee,True,0.0,Eastern Towhee,True,0.0,Black-capped Chickadee,False,0.0,Black-capped Chickadee,False,0.0,Wood Thrush,False,Ovenbird,False,https://simile-xai-audio.s3.ap-southeast-2.amazonaws.com/data_v1/bird/audio/bird_Recording_1_Recording_1_Segment_25_175.wav,data/processed/BirdSoundsDataset/audio/bird_Recording_1_Recording_1_Segment_25_175.wav,,,,
bird,bird_Recording_1_Recording_1_Segment_14_106,Eastern Towhee,ambiguous,-1.248,all,0,False,2,10,Ovenbird,False,0.0,Ovenbird,False,0.0,Ovenbird,False,0.0,Ovenbird,False,0.0,Wood Thrush,False,Ovenbird,False,https://simile-xai-audio.s3.ap-southeast-2.amazonaws.com/data_v1/bird/audio/bird_Recording_1_Recording_1_Segment_14_106.wav,data/processed/BirdSoundsDataset/audio/bird_Recording_1_Recording_1_Segment_14_106.wav,,,,
bird,bird_Recording_1_Recording_1_Segment_26_144,Eastern Towhee,ambiguous,-1.2457,all,0,False,5,10,Eastern Towhee,True,0.0,Eastern Towhee,True,0.0,Black-capped Chickadee,False,0.0,Eastern Towhee,True,0.0,Wood Thrush,False,Ovenbird,False,https://simile-xai-audio.s3.ap-southeast-2.amazonaws.com/data_v1/bird/audio/bird_Recording_1_Recording_1_Segment_26_144.wav,data/processed/BirdSoundsDataset/audio/bird_Recording_1_Recording_1_Segment_26_144.wav,,,,
bird,bird_Recording_1_Recording_1_Segment_28_163,Eastern Towhee,ambiguous,-1.2276,all,0,False,2,10,Ovenbird,False,0.0,Ovenbird,False,0.0,Ovenbird,False,0.0,Ovenbird,False,0.0,Wood Thrush,False,Ovenbird,False,https://simile-xai-audio.s3.ap-southeast-2.amazonaws.com/data_v1/bird/audio/bird_Recording_1_Recording_1_Segment_28_163.wav,data/processed/BirdSoundsDataset/audio/bird_Recording_1_Recording_1_Segment_28_163.wav,,,,
bird,bird_Recording_1_Recording_1_Segment_26_52,Eastern Towhee,ambiguous,-1.2056,all,0,False,2,10,Black-capped Chickadee,False,0.0,Ovenbird,False,0.0,Black-capped Chickadee,False,0.0,Black-capped Chickadee,False,0.0,Wood Thrush,False,Ovenbird,False,https://simile-xai-audio.s3.ap-southeast-2.amazonaws.com/data_v1/bird/audio/bird_Recording_1_Recording_1_Segment_26_52.wav,data/processed/BirdSoundsDataset/audio/bird_Recording_1_Recording_1_Segment_26_52.wav,,,,
bird,bird_Recording_1_Recording_1_Segment_12_65,Eastern Towhee,ambiguous,-1.2053,all,0,False,6,10,Eastern Towhee,True,0.0,Eastern Towhee,True,0.0,Eastern Towhee,True,0.0,Tufted Titmouse,False,0.0,Wood Thrush,False,Tufted Titmouse,False,https://simile-xai-audio.s3.ap-southeast-2.amazonaws.com/data_v1/bird/audio/bird_Recording_1_Recording_1_Segment_12_65.wav,data/processed/BirdSoundsDataset/audio/bird_Recording_1_Recording_1_Segment_12_65.wav,,,,
bird,bird_Recording_1_Recording_1_Segment_11_9,Eastern Towhee,ambiguous,-1.1779,all,0,False,4,10,Eastern Towhee,True,0.0,Eastern Towhee,True,0.0,Eastern Towhee,True,0.0,Eastern Towhee,True,0.2,Wood Thrush,False,Ovenbird,False,https://simile-xai-audio.s3.ap-southeast-2.amazonaws.com/data_v1/bird/audio/bird_Recording_1_Recording_1_Segment_11_9.wav,data/processed/BirdSoundsDataset/audio/bird_Recording_1_Recording_1_Segment_11_9.wav,,,,
bird,bird_Recording_1_Recording_1_Segment_04_139,Eastern Towhee,ambiguous,-1.1502,all,0,False,5,10,Eastern Towhee,True,0.0,Eastern Towhee,True,0.0,Eastern Towhee,True,0.0,Eastern Towhee,True,0.0,Wood Thrush,False,Wood Thrush,False,https://simile-xai-audio.s3.ap-southeast-2.amazonaws.com/data_v1/bird/audio/bird_Recording_1_Recording_1_Segment_04_139.wav,data/processed/BirdSoundsDataset/audio/bird_Recording_1_Recording_1_Segment_04_139.wav,,,,
bird,bird_Recording_1_Recording_1_Segment_08_76,Eastern Towhee,ambiguous,-1.1345,all,0,False,7,10,Eastern Towhee,True,0.2,Eastern Towhee,True,0.0,Eastern Towhee,True,0.0,Eastern Towhee,True,0.0,Wood Thrush,False,Ovenbird,False,https://simile-xai-audio.s3.ap-southeast-2.amazonaws.com/data_v1/bird/audio/bird_Recording_1_Recording_1_Segment_08_76.wav,data/processed/BirdSoundsDataset/audio/bird_Recording_1_Recording_1_Segment_08_76.wav,,,,
bird,bird_Recording_4_Recording_4_Segment_23_159,Eastern Towhee,borderline,0.1782,all,0,False,5,10,Eastern Towhee,True,0.2,Black-capped Chickadee,False,0.0,Black-capped Chickadee,False,0.0,Black-capped Chickadee,False,0.0,Wood Thrush,False,Ovenbird,False,https://simile-xai-audio.s3.ap-southeast-2.amazonaws.com/data_v1/bird/audio/bird_Recording_4_Recording_4_Segment_23_159.wav,data/processed/BirdSoundsDataset/audio/bird_Recording_4_Recording_4_Segment_23_159.wav,,,,
bird,bird_Recording_1_Recording_1_Segment_27_127,Eastern Towhee,borderline,0.1809,all,0,False,7,10,Eastern Towhee,True,0.2,Eastern Towhee,True,0.0,Eastern Towhee,True,0.4,Eastern Towhee,True,0.2,Wood Thrush,False,Ovenbird,False,https://simile-xai-audio.s3.ap-southeast-2.amazonaws.com/data_v1/bird/audio/bird_Recording_1_Recording_1_Segment_27_127.wav,data/processed/BirdSoundsDataset/audio/bird_Recording_1_Recording_1_Segment_27_127.wav,,,,
bird,bird_Recording_4_Recording_4_Segment_24_184,Eastern Towhee,borderline,0.1865,all,0,False,6,10,Eastern Towhee,True,0.0,Eastern Towhee,True,0.2,Eastern Towhee,True,0.0,Eastern Towhee,True,0.2,Wood Thrush,False,Wood Thrush,False,https://simile-xai-audio.s3.ap-southeast-2.amazonaws.com/data_v1/bird/audio/bird_Recording_4_Recording_4_Segment_24_184.wav,data/processed/BirdSoundsDataset/audio/bird_Recording_4_Recording_4_Segment_24_184.wav,,,,
bird,bird_Recording_4_Recording_4_Segment_16_285,Eastern Towhee,borderline,0.1883,all,0,False,9,10,Eastern Towhee,True,0.2,Eastern Towhee,True,0.0,Eastern Towhee,True,0.6,Eastern Towhee,True,0.2,Wood Thrush,False,Ovenbird,False,https://simile-xai-audio.s3.ap-southeast-2.amazonaws.com/data_v1/bird/audio/bird_Recording_4_Recording_4_Segment_16_285.wav,data/processed/BirdSoundsDataset/audio/bird_Recording_4_Recording_4_Segment_16_285.wav,,,,
bird,bird_Recording_4_Recording_4_Segment_11_100,Eastern Towhee,borderline,0.1929,all,0,False,7,10,Eastern Towhee,True,0.4,Eastern Towhee,True,0.8,Eastern Towhee,True,0.4,Eastern Towhee,True,0.6,Wood Thrush,False,Ovenbird,False,https://simile-xai-audio.s3.ap-southeast-2.amazonaws.com/data_v1/bird/audio/bird_Recording_4_Recording_4_Segment_11_100.wav,data/processed/BirdSoundsDataset/audio/bird_Recording_4_Recording_4_Segment_11_100.wav,,,,
bird,bird_Recording_3_Recording_3_Segment_01_245,Eastern Towhee,borderline,0.204,all,0,False,6,10,Eastern Towhee,True,0.0,Eastern Towhee,True,0.0,Eastern Towhee,True,0.2,Eastern Towhee,True,0.0,Wood Thrush,False,Ovenbird,False,https://simile-xai-audio.s3.ap-southeast-2.amazonaws.com/data_v1/bird/audio/bird_Recording_3_Recording_3_Segment_01_245.wav,data/processed/BirdSoundsDataset/audio/bird_Recording_3_Recording_3_Segment_01_245.wav,,,,
bird,bird_Recording_4_Recording_4_Segment_18_4,Eastern Towhee,borderline,0.2213,all,0,False,9,10,Eastern Towhee,True,0.4,Eastern Towhee,True,0.4,Eastern Towhee,True,0.6,Eastern Towhee,True,0.4,Wood Thrush,False,Ovenbird,False,https://simile-xai-audio.s3.ap-southeast-2.amazonaws.com/data_v1/bird/audio/bird_Recording_4_Recording_4_Segment_18_4.wav,data/processed/BirdSoundsDataset/audio/bird_Recording_4_Recording_4_Segment_18_4.wav,,,,
bird,bird_Recording_1_Recording_1_Segment_21_28,Eastern Towhee,borderline,0.2397,all,0,False,5,10,Tufted Titmouse,False,0.0,Eastern Towhee,True,0.0,Eastern Towhee,True,0.0,Eastern Towhee,True,0.0,Ovenbird,False,Ovenbird,False,https://simile-xai-audio.s3.ap-southeast-2.amazonaws.com/data_v1/bird/audio/bird_Recording_1_Recording_1_Segment_21_28.wav,data/processed/BirdSoundsDataset/audio/bird_Recording_1_Recording_1_Segment_21_28.wav,,,,
bird,bird_Recording_1_Recording_1_Segment_18_87,Eastern Towhee,borderline,0.2519,all,0,False,4,10,Tufted Titmouse,False,0.4,Eastern Towhee,True,0.0,Eastern Towhee,True,0.2,Tufted Titmouse,False,0.0,Wood Thrush,False,Ovenbird,False,https://simile-xai-audio.s3.ap-southeast-2.amazonaws.com/data_v1/bird/audio/bird_Recording_1_Recording_1_Segment_18_87.wav,data/processed/BirdSoundsDataset/audio/bird_Recording_1_Recording_1_Segment_18_87.wav,,,,
bird,bird_Recording_4_Recording_4_Segment_22_195,Eastern Towhee,borderline,0.2679,all,0,False,8,10,Eastern Towhee,True,0.4,Eastern Towhee,True,0.4,Eastern Towhee,True,0.6,Eastern Towhee,True,0.4,Wood Thrush,False,Ovenbird,False,https://simile-xai-audio.s3.ap-southeast-2.amazonaws.com/data_v1/bird/audio/bird_Recording_4_Recording_4_Segment_22_195.wav,data/processed/BirdSoundsDataset/audio/bird_Recording_4_Recording_4_Segment_22_195.wav,,,,
bird,bird_Recording_1_Recording_1_Segment_21_69,Eastern Towhee,borderline,0.2838,all,0,False,7,10,Eastern Towhee,True,0.4,Eastern Towhee,True,0.4,Eastern Towhee,True,0.6,Eastern Towhee,True,0.6,Wood Thrush,False,Ovenbird,False,https://simile-xai-audio.s3.ap-southeast-2.amazonaws.com/data_v1/bird/audio/bird_Recording_1_Recording_1_Segment_21_69.wav,data/processed/BirdSoundsDataset/audio/bird_Recording_1_Recording_1_Segment_21_69.wav,,,,
bird,bird_Recording_4_Recording_4_Segment_21_69,Eastern Towhee,borderline,0.2863,all,0,False,9,10,Eastern Towhee,True,0.2,Eastern Towhee,True,0.8,Eastern Towhee,True,0.8,Eastern Towhee,True,1.0,Wood Thrush,False,Ovenbird,False,https://simile-xai-audio.s3.ap-southeast-2.amazonaws.com/data_v1/bird/audio/bird_Recording_4_Recording_4_Segment_21_69.wav,data/processed/BirdSoundsDataset/audio/bird_Recording_4_Recording_4_Segment_21_69.wav,,,,
bird,bird_Recording_4_Recording_4_Segment_25_60,Eastern Towhee,borderline,0.2863,all,0,False,6,10,Eastern Towhee,True,0.2,Eastern Towhee,True,0.2,Eastern Towhee,True,0.0,Eastern Towhee,True,0.0,Wood Thrush,False,Ovenbird,False,https://simile-xai-audio.s3.ap-southeast-2.amazonaws.com/data_v1/bird/audio/bird_Recording_4_Recording_4_Segment_25_60.wav,data/processed/BirdSoundsDataset/audio/bird_Recording_4_Recording_4_Segment_25_60.wav,,,,
bird,bird_Recording_4_Recording_4_Segment_11_70,Eastern Towhee,borderline,0.2891,all,0,False,9,10,Eastern Towhee,True,0.2,Eastern Towhee,True,0.8,Eastern Towhee,True,1.0,Eastern Towhee,True,0.8,Wood Thrush,False,Ovenbird,False,https://simile-xai-audio.s3.ap-southeast-2.amazonaws.com/data_v1/bird/audio/bird_Recording_4_Recording_4_Segment_11_70.wav,data/processed/BirdSoundsDataset/audio/bird_Recording_4_Recording_4_Segment_11_70.wav,,,,
bird,bird_Recording_4_Recording_4_Segment_12_216,Eastern Towhee,borderline,0.3138,all,0,False,5,10,Eastern Towhee,True,0.0,Eastern Towhee,True,0.0,Eastern Towhee,True,0.0,Eastern Towhee,True,0.0,Wood Thrush,False,Ovenbird,False,https://simile-xai-audio.s3.ap-southeast-2.amazonaws.com/data_v1/bird/audio/bird_Recording_4_Recording_4_Segment_12_216.wav,data/processed/BirdSoundsDataset/audio/bird_Recording_4_Recording_4_Segment_12_216.wav,,,,
bird,bird_Recording_4_Recording_4_Segment_02_125,Eastern Towhee,clear,1.7325,all,0,False,10,10,Eastern Towhee,True,0.6,Eastern Towhee,True,0.0,Eastern Towhee,True,0.8,Eastern Towhee,True,0.6,Wood Thrush,False,Ovenbird,False,https://simile-xai-audio.s3.ap-southeast-2.amazonaws.com/data_v1/bird/audio/bird_Recording_4_Recording_4_Segment_02_125.wav,data/processed/BirdSoundsDataset/audio/bird_Recording_4_Recording_4_Segment_02_125.wav,,,,
bird,bird_Recording_4_Recording_4_Segment_04_196,Eastern Towhee,clear,1.7258,all,0,False,9,10,Eastern Towhee,True,0.4,Eastern Towhee,True,1.0,Eastern Towhee,True,1.0,Eastern Towhee,True,1.0,Wood Thrush,False,Ovenbird,False,https://simile-xai-audio.s3.ap-southeast-2.amazonaws.com/data_v1/bird/audio/bird_Recording_4_Recording_4_Segment_04_196.wav,data/processed/BirdSoundsDataset/audio/bird_Recording_4_Recording_4_Segment_04_196.wav,,,,
bird,bird_Recording_4_Recording_4_Segment_04_225,Eastern Towhee,clear,1.7156,all,0,False,10,10,Eastern Towhee,True,0.4,Eastern Towhee,True,1.0,Eastern Towhee,True,1.0,Eastern Towhee,True,1.0,Ovenbird,False,Ovenbird,False,https://simile-xai-audio.s3.ap-southeast-2.amazonaws.com/data_v1/bird/audio/bird_Recording_4_Recording_4_Segment_04_225.wav,data/processed/BirdSoundsDataset/audio/bird_Recording_4_Recording_4_Segment_04_225.wav,,,,
bird,bird_Recording_4_Recording_4_Segment_04_232,Eastern Towhee,clear,1.7082,all,0,False,10,10,Eastern Towhee,True,0.4,Eastern Towhee,True,0.8,Eastern Towhee,True,1.0,Eastern Towhee,True,1.0,Wood Thrush,False,Ovenbird,False,https://simile-xai-audio.s3.ap-southeast-2.amazonaws.com/data_v1/bird/audio/bird_Recording_4_Recording_4_Segment_04_232.wav,data/processed/BirdSoundsDataset/audio/bird_Recording_4_Recording_4_Segment_04_232.wav,,,,
bird,bird_Recording_4_Recording_4_Segment_04_0,Eastern Towhee,clear,1.6862,all,0,False,9,10,Eastern Towhee,True,0.6,Eastern Towhee,True,0.8,Eastern Towhee,True,0.6,Eastern Towhee,True,1.0,Wood Thrush,False,Ovenbird,False,https://simile-xai-audio.s3.ap-southeast-2.amazonaws.com/data_v1/bird/audio/bird_Recording_4_Recording_4_Segment_04_0.wav,data/processed/BirdSoundsDataset/audio/bird_Recording_4_Recording_4_Segment_04_0.wav,,,,
bird,bird_Recording_4_Recording_4_Segment_03_114,Eastern Towhee,clear,1.6846,all,0,False,10,10,Eastern Towhee,True,0.6,Eastern Towhee,True,1.0,Eastern Towhee,True,0.8,Eastern Towhee,True,1.0,Wood Thrush,False,Ovenbird,False,https://simile-xai-audio.s3.ap-southeast-2.amazonaws.com/data_v1/bird/audio/bird_Recording_4_Recording_4_Segment_03_114.wav,data/processed/BirdSoundsDataset/audio/bird_Recording_4_Recording_4_Segment_03_114.wav,,,,
bird,bird_Recording_4_Recording_4_Segment_03_159,Eastern Towhee,clear,1.6668,all,0,False,9,10,Eastern Towhee,True,0.4,Eastern Towhee,True,1.0,Eastern Towhee,True,0.8,Eastern Towhee,True,1.0,Ovenbird,False,Ovenbird,False,https://simile-xai-audio.s3.ap-southeast-2.amazonaws.com/data_v1/bird/audio/bird_Recording_4_Recording_4_Segment_03_159.wav,data/processed/BirdSoundsDataset/audio/bird_Recording_4_Recording_4_Segment_03_159.wav,,,,
bird,bird_Recording_4_Recording_4_Segment_04_210,Eastern Towhee,clear,1.654,all,0,False,10,10,Eastern Towhee,True,0.4,Eastern Towhee,True,1.0,Eastern Towhee,True,1.0,Eastern Towhee,True,1.0,Wood Thrush,False,Ovenbird,False,https://simile-xai-audio.s3.ap-southeast-2.amazonaws.com/data_v1/bird/audio/bird_Recording_4_Recording_4_Segment_04_210.wav,data/processed/BirdSoundsDataset/audio/bird_Recording_4_Recording_4_Segment_04_210.wav,,,,
bird,bird_Recording_4_Recording_4_Segment_09_140,Eastern Towhee,clear,1.6539,all,0,False,8,10,Eastern Towhee,True,0.4,Eastern Towhee,True,0.0,Black-capped Chickadee,False,0.0,Wood Thrush,False,0.0,Ovenbird,False,Ovenbird,False,https://simile-xai-audio.s3.ap-southeast-2.amazonaws.com/data_v1/bird/audio/bird_Recording_4_Recording_4_Segment_09_140.wav,data/processed/BirdSoundsDataset/audio/bird_Recording_4_Recording_4_Segment_09_140.wav,,,,
bird,bird_Recording_4_Recording_4_Segment_09_139,Eastern Towhee,clear,1.6501,all,0,False,8,10,Eastern Towhee,True,0.2,Eastern Towhee,True,0.0,Eastern Towhee,True,0.0,Eastern Towhee,True,0.6,Ovenbird,False,Ovenbird,False,https://simile-xai-audio.s3.ap-southeast-2.amazonaws.com/data_v1/bird/audio/bird_Recording_4_Recording_4_Segment_09_139.wav,data/processed/BirdSoundsDataset/audio/bird_Recording_4_Recording_4_Segment_09_139.wav,,,,
bird,bird_Recording_1_Recording_1_Segment_34_6,Eastern Towhee,clear,1.6492,all,0,False,9,10,Eastern Towhee,True,0.2,Eastern Towhee,True,0.0,Eastern Towhee,True,0.4,Eastern Towhee,True,0.4,Wood Thrush,False,Ovenbird,False,https://simile-xai-audio.s3.ap-southeast-2.amazonaws.com/data_v1/bird/audio/bird_Recording_1_Recording_1_Segment_34_6.wav,data/processed/BirdSoundsDataset/audio/bird_Recording_1_Recording_1_Segment_34_6.wav,,,,
bird,bird_Recording_4_Recording_4_Segment_03_180,Eastern Towhee,clear,1.6425,all,0,False,10,10,Eastern Towhee,True,0.2,Eastern Towhee,True,1.0,Eastern Towhee,True,0.6,Eastern Towhee,True,0.8,Ovenbird,False,Ovenbird,False,https://simile-xai-audio.s3.ap-southeast-2.amazonaws.com/data_v1/bird/audio/bird_Recording_4_Recording_4_Segment_03_180.wav,data/processed/BirdSoundsDataset/audio/bird_Recording_4_Recording_4_Segment_03_180.wav,,,,
bird,bird_Recording_4_Recording_4_Segment_05_67,Eastern Towhee,clear,1.642,all,0,False,10,10,Eastern Towhee,True,0.4,Eastern Towhee,True,1.0,Eastern Towhee,True,0.8,Eastern Towhee,True,1.0,Wood Thrush,False,Ovenbird,False,https://simile-xai-audio.s3.ap-southeast-2.amazonaws.com/data_v1/bird/audio/bird_Recording_4_Recording_4_Segment_05_67.wav,data/processed/BirdSoundsDataset/audio/bird_Recording_4_Recording_4_Segment_05_67.wav,,,,
bird,bird_Recording_4_Recording_4_Segment_20_40,Eastern Towhee,clear,1.6232,all,0,False,8,10,Eastern Towhee,True,0.2,Eastern Towhee,True,0.4,Eastern Towhee,True,0.6,Eastern Towhee,True,0.6,Wood Thrush,False,Ovenbird,False,https://simile-xai-audio.s3.ap-southeast-2.amazonaws.com/data_v1/bird/audio/bird_Recording_4_Recording_4_Segment_20_40.wav,data/processed/BirdSoundsDataset/audio/bird_Recording_4_Recording_4_Segment_20_40.wav,,,,
bird,bird_Recording_4_Recording_4_Segment_03_56,Eastern Towhee,clear,1.6205,all,0,False,10,10,Eastern Towhee,True,0.4,Eastern Towhee,True,0.8,Eastern Towhee,True,0.6,Eastern Towhee,True,1.0,Wood Thrush,False,Ovenbird,False,https://simile-xai-audio.s3.ap-southeast-2.amazonaws.com/data_v1/bird/audio/bird_Recording_4_Recording_4_Segment_03_56.wav,data/processed/BirdSoundsDataset/audio/bird_Recording_4_Recording_4_Segment_03_56.wav,,,,
bird,bird_Recording_2_Recording_2_Segment_03_108,Ovenbird,ambiguous,-1.842,all,0,False,6,10,Ovenbird,True,0.4,Ovenbird,True,0.2,Ovenbird,True,1.0,Ovenbird,True,0.8,Wood Thrush,False,Ovenbird,True,https://simile-xai-audio.s3.ap-southeast-2.amazonaws.com/data_v1/bird/audio/bird_Recording_2_Recording_2_Segment_03_108.wav,data/processed/BirdSoundsDataset/audio/bird_Recording_2_Recording_2_Segment_03_108.wav,,,,
bird,bird_Recording_2_Recording_2_Segment_04_104,Ovenbird,ambiguous,-1.8123,all,0,False,0,10,Wood Thrush,False,0.4,Wood Thrush,False,0.2,Ovenbird,True,0.8,Wood Thrush,False,0.4,Wood Thrush,False,Ovenbird,True,https://simile-xai-audio.s3.ap-southeast-2.amazonaws.com/data_v1/bird/audio/bird_Recording_2_Recording_2_Segment_04_104.wav,data/processed/BirdSoundsDataset/audio/bird_Recording_2_Recording_2_Segment_04_104.wav,,,,
bird,bird_Recording_2_Recording_2_Segment_04_224,Ovenbird,ambiguous,-1.638,all,0,False,0,10,Black-capped Chickadee,False,0.4,Black-capped Chickadee,False,0.0,Black-capped Chickadee,False,0.4,Black-capped Chickadee,False,0.0,Wood Thrush,False,Ovenbird,True,https://simile-xai-audio.s3.ap-southeast-2.amazonaws.com/data_v1/bird/audio/bird_Recording_2_Recording_2_Segment_04_224.wav,data/processed/BirdSoundsDataset/audio/bird_Recording_2_Recording_2_Segment_04_224.wav,,,,
bird,bird_Recording_2_Recording_2_Segment_12_57,Ovenbird,ambiguous,-1.381,all,0,False,4,10,Ovenbird,True,0.6,Ovenbird,True,0.4,Wood Thrush,False,1.0,Eastern Towhee,False,0.4,Wood Thrush,False,Ovenbird,True,https://simile-xai-audio.s3.ap-southeast-2.amazonaws.com/data_v1/bird/audio/bird_Recording_2_Recording_2_Segment_12_57.wav,data/processed/BirdSoundsDataset/audio/bird_Recording_2_Recording_2_Segment_12_57.wav,,,,
bird,bird_Recording_1_Recording_1_Segment_24_98,Ovenbird,ambiguous,-1.3519,all,0,False,9,10,Ovenbird,True,0.6,Black-capped Chickadee,False,0.8,Black-capped Chickadee,False,1.0,Black-capped Chickadee,False,0.8,Wood Thrush,False,Tufted Titmouse,False,https://simile-xai-audio.s3.ap-southeast-2.amazonaws.com/data_v1/bird/audio/bird_Recording_1_Recording_1_Segment_24_98.wav,data/processed/BirdSoundsDataset/audio/bird_Recording_1_Recording_1_Segment_24_98.wav,,,,
bird,bird_Recording_2_Recording_2_Segment_08_202,Ovenbird,ambiguous,-1.0519,all,0,False,10,10,Ovenbird,True,0.2,Ovenbird,True,0.8,Ovenbird,True,1.0,Ovenbird,True,1.0,Wood Thrush,False,Ovenbird,True,https://simile-xai-audio.s3.ap-southeast-2.amazonaws.com/data_v1/bird/audio/bird_Recording_2_Recording_2_Segment_08_202.wav,data/processed/BirdSoundsDataset/audio/bird_Recording_2_Recording_2_Segment_08_202.wav,,,,
bird,bird_Recording_1_Recording_1_Segment_35_42,Ovenbird,ambiguous,-1.0453,all,0,False,8,10,Ovenbird,True,0.4,Ovenbird,True,0.8,Ovenbird,True,1.0,Ovenbird,True,1.0,Wood Thrush,False,Ovenbird,True,https://simile-xai-audio.s3.ap-southeast-2.amazonaws.com/data_v1/bird/audio/bird_Recording_1_Recording_1_Segment_35_42.wav,data/processed/BirdSoundsDataset/audio/bird_Recording_1_Recording_1_Segment_35_42.wav,,,,
bird,bird_Recording_2_Recording_2_Segment_08_139,Ovenbird,ambiguous,-0.9257,all,0,False,4,10,Eastern Towhee,False,0.8,Eastern Towhee,False,0.0,Eastern Towhee,False,0.6,Eastern Towhee,False,0.0,Wood Thrush,False,Ovenbird,True,https://simile-xai-audio.s3.ap-southeast-2.amazonaws.com/data_v1/bird/audio/bird_Recording_2_Recording_2_Segment_08_139.wav,data/processed/BirdSoundsDataset/audio/bird_Recording_2_Recording_2_Segment_08_139.wav,,,,
bird,bird_Recording_1_Recording_1_Segment_24_73,Ovenbird,ambiguous,-0.9134,all,0,False,10,10,Ovenbird,True,0.8,Ovenbird,True,1.0,Ovenbird,True,1.0,Ovenbird,True,1.0,Wood Thrush,False,Ovenbird,True,https://simile-xai-audio.s3.ap-southeast-2.amazonaws.com/data_v1/bird/audio/bird_Recording_1_Recording_1_Segment_24_73.wav,data/processed/BirdSoundsDataset/audio/bird_Recording_1_Recording_1_Segment_24_73.wav,,,,
bird,bird_Recording_1_Recording_1_Segment_08_187,Ovenbird,ambiguous,-0.8395,all,0,False,8,10,Ovenbird,True,0.2,Ovenbird,True,0.8,Ovenbird,True,1.0,Ovenbird,True,1.0,Wood Thrush,False,Ovenbird,True,https://simile-xai-audio.s3.ap-southeast-2.amazonaws.com/data_v1/bird/audio/bird_Recording_1_Recording_1_Segment_08_187.wav,data/processed/BirdSoundsDataset/audio/bird_Recording_1_Recording_1_Segment_08_187.wav,,,,
bird,bird_Recording_1_Recording_1_Segment_27_8,Ovenbird,ambiguous,-0.8099,all,0,False,10,10,Ovenbird,True,0.6,Ovenbird,True,0.8,Ovenbird,True,1.0,Ovenbird,True,0.8,Wood Thrush,False,Ovenbird,True,https://simile-xai-audio.s3.ap-southeast-2.amazonaws.com/data_v1/bird/audio/bird_Recording_1_Recording_1_Segment_27_8.wav,data/processed/BirdSoundsDataset/audio/bird_Recording_1_Recording_1_Segment_27_8.wav,,,,
bird,bird_Recording_1_Recording_1_Segment_14_20,Ovenbird,ambiguous,-0.7904,all,0,False,9,10,Ovenbird,True,0.0,Ovenbird,True,0.4,Ovenbird,True,1.0,Ovenbird,True,0.4,Ovenbird,True,Ovenbird,True,https://simile-xai-audio.s3.ap-southeast-2.amazonaws.com/data_v1/bird/audio/bird_Recording_1_Recording_1_Segment_14_20.wav,data/processed/BirdSoundsDataset/audio/bird_Recording_1_Recording_1_Segment_14_20.wav,,,,
bird,bird_Recording_1_Recording_1_Segment_14_145,Ovenbird,ambiguous,-0.6648,all,0,False,10,10,Ovenbird,True,0.6,Ovenbird,True,0.6,Ovenbird,True,1.0,Ovenbird,True,0.8,Ovenbird,True,Ovenbird,True,https://simile-xai-audio.s3.ap-southeast-2.amazonaws.com/data_v1/bird/audio/bird_Recording_1_Recording_1_Segment_14_145.wav,data/processed/BirdSoundsDataset/audio/bird_Recording_1_Recording_1_Segment_14_145.wav,,,,
bird,bird_Recording_1_Recording_1_Segment_23_116,Ovenbird,ambiguous,-0.6605,all,0,False,9,10,Ovenbird,True,0.0,Ovenbird,True,0.8,Ovenbird,True,1.0,Ovenbird,True,0.8,Wood Thrush,False,Ovenbird,True,https://simile-xai-audio.s3.ap-southeast-2.amazonaws.com/data_v1/bird/audio/bird_Recording_1_Recording_1_Segment_23_116.wav,data/processed/BirdSoundsDataset/audio/bird_Recording_1_Recording_1_Segment_23_116.wav,,,,
bird,bird_Recording_1_Recording_1_Segment_13_84,Ovenbird,borderline,-0.5935,all,0,False,10,10,Ovenbird,True,0.0,Ovenbird,True,0.6,Ovenbird,True,1.0,Ovenbird,True,1.0,Ovenbird,True,Ovenbird,True,https://simile-xai-audio.s3.ap-southeast-2.amazonaws.com/data_v1/bird/audio/bird_Recording_1_Recording_1_Segment_13_84.wav,data/processed/BirdSoundsDataset/audio/bird_Recording_1_Recording_1_Segment_13_84.wav,,,,
bird,bird_Recording_1_Recording_1_Segment_26_135,Ovenbird,borderline,-0.5915,all,0,False,10,10,Ovenbird,True,0.6,Ovenbird,True,0.8,Ovenbird,True,1.0,Ovenbird,True,0.6,Ovenbird,True,Ovenbird,True,https://simile-xai-audio.s3.ap-southeast-2.amazonaws.com/data_v1/bird/audio/bird_Recording_1_Recording_1_Segment_26_135.wav,data/processed/BirdSoundsDataset/audio/bird_Recording_1_Recording_1_Segment_26_135.wav,,,,
bird,bird_Recording_1_Recording_1_Segment_13_105,Ovenbird,borderline,-0.5298,all,0,False,10,10,Ovenbird,True,0.0,Ovenbird,True,0.8,Ovenbird,True,1.0,Ovenbird,True,1.0,Wood Thrush,False,Ovenbird,True,https://simile-xai-audio.s3.ap-southeast-2.amazonaws.com/data_v1/bird/audio/bird_Recording_1_Recording_1_Segment_13_105.wav,data/processed/BirdSoundsDataset/audio/bird_Recording_1_Recording_1_Segment_13_105.wav,,,,
bird,bird_Recording_1_Recording_1_Segment_24_4,Ovenbird,borderline,-0.5061,all,0,False,10,10,Ovenbird,True,0.6,Ovenbird,True,1.0,Ovenbird,True,1.0,Ovenbird,True,1.0,Wood Thrush,False,Ovenbird,True,https://simile-xai-audio.s3.ap-southeast-2.amazonaws.com/data_v1/bird/audio/bird_Recording_1_Recording_1_Segment_24_4.wav,data/processed/BirdSoundsDataset/audio/bird_Recording_1_Recording_1_Segment_24_4.wav,,,,
bird,bird_Recording_1_Recording_1_Segment_15_182,Ovenbird,borderline,-0.4897,all,0,False,8,10,Ovenbird,True,0.4,Ovenbird,True,0.8,Ovenbird,True,1.0,Ovenbird,True,1.0,Wood Thrush,False,Ovenbird,True,https://simile-xai-audio.s3.ap-southeast-2.amazonaws.com/data_v1/bird/audio/bird_Recording_1_Recording_1_Segment_15_182.wav,data/processed/BirdSoundsDataset/audio/bird_Recording_1_Recording_1_Segment_15_182.wav,,,,
bird,bird_Recording_1_Recording_1_Segment_10_177,Ovenbird,borderline,-0.4188,all,0,False,9,10,Ovenbird,True,0.0,Ovenbird,True,0.6,Ovenbird,True,0.8,Ovenbird,True,1.0,Wood Thrush,False,Ovenbird,True,https://simile-xai-audio.s3.ap-southeast-2.amazonaws.com/data_v1/bird/audio/bird_Recording_1_Recording_1_Segment_10_177.wav,data/processed/BirdSoundsDataset/audio/bird_Recording_1_Recording_1_Segment_10_177.wav,,,,
bird,bird_Recording_1_Recording_1_Segment_11_119,Ovenbird,borderline,-0.4127,all,0,False,10,10,Ovenbird,True,0.2,Ovenbird,True,0.6,Ovenbird,True,0.8,Ovenbird,True,0.6,Wood Thrush,False,Ovenbird,True,https://simile-xai-audio.s3.ap-southeast-2.amazonaws.com/data_v1/bird/audio/bird_Recording_1_Recording_1_Segment_11_119.wav,data/processed/BirdSoundsDataset/audio/bird_Recording_1_Recording_1_Segment_11_119.wav,,,,
bird,bird_Recording_1_Recording_1_Segment_09_59,Ovenbird,borderline,-0.4075,all,0,False,5,10,Wood Thrush,False,0.0,Wood Thrush,False,0.4,Wood Thrush,False,1.0,Wood Thrush,False,1.0,Wood Thrush,False,Ovenbird,True,https://simile-xai-audio.s3.ap-southeast-2.amazonaws.com/data_v1/bird/audio/bird_Recording_1_Recording_1_Segment_09_59.wav,data/processed/BirdSoundsDataset/audio/bird_Recording_1_Recording_1_Segment_09_59.wav,,,,
bird,bird_Recording_1_Recording_1_Segment_29_164,Ovenbird,borderline,-0.3936,all,0,False,10,10,Ovenbird,True,0.4,Ovenbird,True,0.8,Ovenbird,True,1.0,Ovenbird,True,0.8,Wood Thrush,False,Ovenbird,True,https://simile-xai-audio.s3.ap-southeast-2.amazonaws.com/data_v1/bird/audio/bird_Recording_1_Recording_1_Segment_29_164.wav,data/processed/BirdSoundsDataset/audio/bird_Recording_1_Recording_1_Segment_29_164.wav,,,,
bird,bird_Recording_1_Recording_1_Segment_30_43,Ovenbird,borderline,-0.3443,all,0,False,10,10,Ovenbird,True,0.2,Ovenbird,True,0.8,Ovenbird,True,1.0,Ovenbird,True,1.0,Wood Thrush,False,Ovenbird,True,https://simile-xai-audio.s3.ap-southeast-2.amazonaws.com/data_v1/bird/audio/bird_Recording_1_Recording_1_Segment_30_43.wav,data/processed/BirdSoundsDataset/audio/bird_Recording_1_Recording_1_Segment_30_43.wav,,,,
bird,bird_Recording_1_Recording_1_Segment_32_68,Ovenbird,borderline,-0.3294,all,0,False,10,10,Ovenbird,True,0.4,Ovenbird,True,0.8,Ovenbird,True,1.0,Ovenbird,True,1.0,Ovenbird,True,Ovenbird,True,https://simile-xai-audio.s3.ap-southeast-2.amazonaws.com/data_v1/bird/audio/bird_Recording_1_Recording_1_Segment_32_68.wav,data/processed/BirdSoundsDataset/audio/bird_Recording_1_Recording_1_Segment_32_68.wav,,,,
bird,bird_Recording_1_Recording_1_Segment_23_81,Ovenbird,borderline,-0.32,all,0,False,9,10,Ovenbird,True,0.2,Ovenbird,True,0.8,Ovenbird,True,1.0,Ovenbird,True,0.6,Wood Thrush,False,Ovenbird,True,https://simile-xai-audio.s3.ap-southeast-2.amazonaws.com/data_v1/bird/audio/bird_Recording_1_Recording_1_Segment_23_81.wav,data/processed/BirdSoundsDataset/audio/bird_Recording_1_Recording_1_Segment_23_81.wav,,,,
bird,bird_Recording_1_Recording_1_Segment_29_52,Ovenbird,borderline,-0.1508,all,0,False,10,10,Ovenbird,True,0.4,Ovenbird,True,0.8,Ovenbird,True,1.0,Ovenbird,True,1.0,Wood Thrush,False,Ovenbird,True,https://simile-xai-audio.s3.ap-southeast-2.amazonaws.com/data_v1/bird/audio/bird_Recording_1_Recording_1_Segment_29_52.wav,data/processed/BirdSoundsDataset/audio/bird_Recording_1_Recording_1_Segment_29_52.wav,,,,
bird,bird_Recording_1_Recording_1_Segment_31_136,Ovenbird,clear,0.3698,all,0,False,10,10,Ovenbird,True,0.2,Ovenbird,True,0.8,Ovenbird,True,1.0,Ovenbird,True,0.6,Ovenbird,True,Ovenbird,True,https://simile-xai-audio.s3.ap-southeast-2.amazonaws.com/data_v1/bird/audio/bird_Recording_1_Recording_1_Segment_31_136.wav,data/processed/BirdSoundsDataset/audio/bird_Recording_1_Recording_1_Segment_31_136.wav,,,,
bird,bird_Recording_1_Recording_1_Segment_18_49,Ovenbird,clear,0.3493,all,0,False,10,10,Ovenbird,True,0.0,Ovenbird,True,0.8,Ovenbird,True,1.0,Ovenbird,True,0.8,Ovenbird,True,Ovenbird,True,https://simile-xai-audio.s3.ap-southeast-2.amazonaws.com/data_v1/bird/audio/bird_Recording_1_Recording_1_Segment_18_49.wav,data/processed/BirdSoundsDataset/audio/bird_Recording_1_Recording_1_Segment_18_49.wav,,,,
bird,bird_Recording_1_Recording_1_Segment_18_168,Ovenbird,clear,0.3015,all,0,False,10,10,Ovenbird,True,0.4,Ovenbird,True,0.8,Ovenbird,True,1.0,Ovenbird,True,1.0,Ovenbird,True,Ovenbird,True,https://simile-xai-audio.s3.ap-southeast-2.amazonaws.com/data_v1/bird/audio/bird_Recording_1_Recording_1_Segment_18_168.wav,data/processed/BirdSoundsDataset/audio/bird_Recording_1_Recording_1_Segment_18_168.wav,,,,
bird,bird_Recording_1_Recording_1_Segment_16_85,Ovenbird,clear,0.2435,all,0,False,10,10,Ovenbird,True,0.0,Ovenbird,True,0.6,Ovenbird,True,1.0,Ovenbird,True,1.0,Ovenbird,True,Ovenbird,True,https://simile-xai-audio.s3.ap-southeast-2.amazonaws.com/data_v1/bird/audio/bird_Recording_1_Recording_1_Segment_16_85.wav,data/processed/BirdSoundsDataset/audio/bird_Recording_1_Recording_1_Segment_16_85.wav,,,,
bird,bird_Recording_1_Recording_1_Segment_20_32,Ovenbird,clear,0.1279,all,0,False,10,10,Ovenbird,True,0.4,Ovenbird,True,0.8,Ovenbird,True,1.0,Ovenbird,True,1.0,Ovenbird,True,Ovenbird,True,https://simile-xai-audio.s3.ap-southeast-2.amazonaws.com/data_v1/bird/audio/bird_Recording_1_Recording_1_Segment_20_32.wav,data/processed/BirdSoundsDataset/audio/bird_Recording_1_Recording_1_Segment_20_32.wav,,,,
bird,bird_Recording_1_Recording_1_Segment_19_28,Ovenbird,clear,0.0992,all,0,False,10,10,Ovenbird,True,0.2,Ovenbird,True,0.8,Ovenbird,True,1.0,Ovenbird,True,1.0,Ovenbird,True,Ovenbird,True,https://simile-xai-audio.s3.ap-southeast-2.amazonaws.com/data_v1/bird/audio/bird_Recording_1_Recording_1_Segment_19_28.wav,data/processed/BirdSoundsDataset/audio/bird_Recording_1_Recording_1_Segment_19_28.wav,,,,
bird,bird_Recording_1_Recording_1_Segment_16_158,Ovenbird,clear,0.0531,all,0,False,10,10,Ovenbird,True,0.2,Ovenbird,True,0.8,Ovenbird,True,1.0,Ovenbird,True,1.0,Ovenbird,True,Ovenbird,True,https://simile-xai-audio.s3.ap-southeast-2.amazonaws.com/data_v1/bird/audio/bird_Recording_1_Recording_1_Segment_16_158.wav,data/processed/BirdSoundsDataset/audio/bird_Recording_1_Recording_1_Segment_16_158.wav,,,,
bird,bird_Recording_1_Recording_1_Segment_30_141,Ovenbird,clear,-0.0016,all,0,False,10,10,Ovenbird,True,0.0,Ovenbird,True,0.6,Ovenbird,True,1.0,Ovenbird,True,1.0,Wood Thrush,False,Ovenbird,True,https://simile-xai-audio.s3.ap-southeast-2.amazonaws.com/data_v1/bird/audio/bird_Recording_1_Recording_1_Segment_30_141.wav,data/processed/BirdSoundsDataset/audio/bird_Recording_1_Recording_1_Segment_30_141.wav,,,,
bird,bird_Recording_1_Recording_1_Segment_22_56,Ovenbird,clear,-0.0447,all,0,False,10,10,Ovenbird,True,0.2,Ovenbird,True,0.8,Ovenbird,True,1.0,Ovenbird,True,1.0,Wood Thrush,False,Ovenbird,True,https://simile-xai-audio.s3.ap-southeast-2.amazonaws.com/data_v1/bird/audio/bird_Recording_1_Recording_1_Segment_22_56.wav,data/processed/BirdSoundsDataset/audio/bird_Recording_1_Recording_1_Segment_22_56.wav,,,,
bird,bird_Recording_1_Recording_1_Segment_18_189,Ovenbird,clear,-0.0548,all,0,False,10,10,Ovenbird,True,0.4,Ovenbird,True,0.8,Ovenbird,True,1.0,Ovenbird,True,1.0,Ovenbird,True,Ovenbird,True,https://simile-xai-audio.s3.ap-southeast-2.amazonaws.com/data_v1/bird/audio/bird_Recording_1_Recording_1_Segment_18_189.wav,data/processed/BirdSoundsDataset/audio/bird_Recording_1_Recording_1_Segment_18_189.wav,,,,
bird,bird_Recording_1_Recording_1_Segment_13_48,Ovenbird,clear,-0.1105,all,0,False,10,10,Ovenbird,True,0.2,Ovenbird,True,0.8,Ovenbird,True,1.0,Ovenbird,True,1.0,Wood Thrush,False,Ovenbird,True,https://simile-xai-audio.s3.ap-southeast-2.amazonaws.com/data_v1/bird/audio/bird_Recording_1_Recording_1_Segment_13_48.wav,data/processed/BirdSoundsDataset/audio/bird_Recording_1_Recording_1_Segment_13_48.wav,,,,
bird,bird_Recording_1_Recording_1_Segment_22_99,Ovenbird,clear,-0.124,all,0,False,10,10,Ovenbird,True,0.2,Ovenbird,True,0.8,Ovenbird,True,1.0,Ovenbird,True,1.0,Wood Thrush,False,Ovenbird,True,https://simile-xai-audio.s3.ap-southeast-2.amazonaws.com/data_v1/bird/audio/bird_Recording_1_Recording_1_Segment_22_99.wav,data/processed/BirdSoundsDataset/audio/bird_Recording_1_Recording_1_Segment_22_99.wav,,,,
bird,bird_Recording_1_Recording_1_Segment_11_16,Ovenbird,clear,-0.1255,all,0,False,10,10,Ovenbird,True,0.0,Ovenbird,True,0.6,Ovenbird,True,1.0,Ovenbird,True,1.0,Wood Thrush,False,Ovenbird,True,https://simile-xai-audio.s3.ap-southeast-2.amazonaws.com/data_v1/bird/audio/bird_Recording_1_Recording_1_Segment_11_16.wav,data/processed/BirdSoundsDataset/audio/bird_Recording_1_Recording_1_Segment_11_16.wav,,,,
bird,bird_Recording_1_Recording_1_Segment_10_156,Ovenbird,clear,-0.1422,all,0,False,10,10,Ovenbird,True,0.0,Ovenbird,True,0.6,Ovenbird,True,1.0,Ovenbird,True,1.0,Wood Thrush,False,Ovenbird,True,https://simile-xai-audio.s3.ap-southeast-2.amazonaws.com/data_v1/bird/audio/bird_Recording_1_Recording_1_Segment_10_156.wav,data/processed/BirdSoundsDataset/audio/bird_Recording_1_Recording_1_Segment_10_156.wav,,,,
bird,bird_Recording_4_Recording_4_Segment_12_177,Tufted Titmouse,ambiguous,-2.0542,all,0,False,0,10,Eastern Towhee,False,0.0,Eastern Towhee,False,0.0,Tufted Titmouse,True,0.0,Tufted Titmouse,True,0.4,Ovenbird,False,Ovenbird,False,https://simile-xai-audio.s3.ap-southeast-2.amazonaws.com/data_v1/bird/audio/bird_Recording_4_Recording_4_Segment_12_177.wav,data/processed/BirdSoundsDataset/audio/bird_Recording_4_Recording_4_Segment_12_177.wav,,,,
bird,bird_Recording_4_Recording_4_Segment_15_133,Tufted Titmouse,ambiguous,-2.0234,all,0,False,0,10,Eastern Towhee,False,0.6,Eastern Towhee,False,0.0,Eastern Towhee,False,0.0,Eastern Towhee,False,0.0,Wood Thrush,False,Ovenbird,False,https://simile-xai-audio.s3.ap-southeast-2.amazonaws.com/data_v1/bird/audio/bird_Recording_4_Recording_4_Segment_15_133.wav,data/processed/BirdSoundsDataset/audio/bird_Recording_4_Recording_4_Segment_15_133.wav,,,,
bird,bird_Recording_4_Recording_4_Segment_12_173,Tufted Titmouse,ambiguous,-1.7751,all,0,False,1,10,Eastern Towhee,False,0.2,Eastern Towhee,False,0.0,Tufted Titmouse,True,0.2,Eastern Towhee,False,0.4,Ovenbird,False,Ovenbird,False,https://simile-xai-audio.s3.ap-southeast-2.amazonaws.com/data_v1/bird/audio/bird_Recording_4_Recording_4_Segment_12_173.wav,data/processed/BirdSoundsDataset/audio/bird_Recording_4_Recording_4_Segment_12_173.wav,,,,
bird,bird_Recording_1_Recording_1_Segment_10_66,Tufted Titmouse,ambiguous,-1.7333,all,0,False,4,10,Ovenbird,False,0.0,Tufted Titmouse,True,0.4,Ovenbird,False,0.0,Ovenbird,False,0.0,Ovenbird,False,Ovenbird,False,https://simile-xai-audio.s3.ap-southeast-2.amazonaws.com/data_v1/bird/audio/bird_Recording_1_Recording_1_Segment_10_66.wav,data/processed/BirdSoundsDataset/audio/bird_Recording_1_Recording_1_Segment_10_66.wav,,,,
bird,bird_Recording_4_Recording_4_Segment_12_162,Tufted Titmouse,ambiguous,-1.7228,all,0,False,0,10,Eastern Towhee,False,0.0,Eastern Towhee,False,0.2,Eastern Towhee,False,0.0,Eastern Towhee,False,0.0,Ovenbird,False,Ovenbird,False,https://simile-xai-audio.s3.ap-southeast-2.amazonaws.com/data_v1/bird/audio/bird_Recording_4_Recording_4_Segment_12_162.wav,data/processed/BirdSoundsDataset/audio/bird_Recording_4_Recording_4_Segment_12_162.wav,,,,
bird,bird_Recording_4_Recording_4_Segment_26_205,Tufted Titmouse,ambiguous,-1.6723,all,0,False,2,10,Black-capped Chickadee,False,0.2,Eastern Towhee,False,0.0,Black-capped Chickadee,False,0.0,Black-capped Chickadee,False,0.2,Wood Thrush,False,Ovenbird,False,https://simile-xai-audio.s3.ap-southeast-2.amazonaws.com/data_v1/bird/audio/bird_Recording_4_Recording_4_Segment_26_205.wav,data/processed/BirdSoundsDataset/audio/bird_Recording_4_Recording_4_Segment_26_205.wav,,,,
bird,bird_Recording_4_Recording_4_Segment_11_59,Tufted Titmouse,ambiguous,-1.643,all,0,False,6,10,Tufted Titmouse,True,0.2,Tufted Titmouse,True,0.0,Wood Thrush,False,0.2,Tufted Titmouse,True,0.6,Wood Thrush,False,Ovenbird,False,https://simile-xai-audio.s3.ap-southeast-2.amazonaws.com/data_v1/bird/audio/bird_Recording_4_Recording_4_Segment_11_59.wav,data/processed/BirdSoundsDataset/audio/bird_Recording_4_Recording_4_Segment_11_59.wav,,,,
bird,bird_Recording_1_Recording_1_Segment_19_134,Tufted Titmouse,ambiguous,-1.6343,all,0,False,5,10,Tufted Titmouse,True,0.4,Tufted Titmouse,True,0.2,Tufted Titmouse,True,0.2,Tufted Titmouse,True,0.4,Ovenbird,False,Ovenbird,False,https://simile-xai-audio.s3.ap-southeast-2.amazonaws.com/data_v1/bird/audio/bird_Recording_1_Recording_1_Segment_19_134.wav,data/processed/BirdSoundsDataset/audio/bird_Recording_1_Recording_1_Segment_19_134.wav,,,,
bird,bird_Recording_1_Recording_1_Segment_22_122,Tufted Titmouse,ambiguous,-1.6324,all,0,False,2,10,Wood Thrush,False,0.0,Wood Thrush,False,0.4,Wood Thrush,False,0.0,Eastern Towhee,False,0.0,Wood Thrush,False,Ovenbird,False,https://simile-xai-audio.s3.ap-southeast-2.amazonaws.com/data_v1/bird/audio/bird_Recording_1_Recording_1_Segment_22_122.wav,data/processed/BirdSoundsDataset/audio/bird_Recording_1_Recording_1_Segment_22_122.wav,,,,
bird,bird_Recording_4_Recording_4_Segment_26_130,Tufted Titmouse,ambiguous,-1.5715,all,0,False,3,10,Wood Thrush,False,0.2,Tufted Titmouse,True,0.0,Eastern Towhee,False,0.4,Eastern Towhee,False,0.2,Wood Thrush,False,Ovenbird,False,https://simile-xai-audio.s3.ap-southeast-2.amazonaws.com/data_v1/bird/audio/bird_Recording_4_Recording_4_Segment_26_130.wav,data/processed/BirdSoundsDataset/audio/bird_Recording_4_Recording_4_Segment_26_130.wav,,,,
bird,bird_Recording_1_Recording_1_Segment_11_150,Tufted Titmouse,ambiguous,-1.5521,all,0,False,7,10,Tufted Titmouse,True,0.4,Tufted Titmouse,True,0.6,Tufted Titmouse,True,0.6,Tufted Titmouse,True,1.0,Wood Thrush,False,Ovenbird,False,https://simile-xai-audio.s3.ap-southeast-2.amazonaws.com/data_v1/bird/audio/bird_Recording_1_Recording_1_Segment_11_150.wav,data/processed/BirdSoundsDataset/audio/bird_Recording_1_Recording_1_Segment_11_150.wav,,,,
bird,bird_Recording_1_Recording_1_Segment_35_22,Tufted Titmouse,ambiguous,-1.5394,all,0,False,8,10,Tufted Titmouse,True,0.0,Tufted Titmouse,True,0.8,Tufted Titmouse,True,0.4,Tufted Titmouse,True,1.0,Wood Thrush,False,Ovenbird,False,https://simile-xai-audio.s3.ap-southeast-2.amazonaws.com/data_v1/bird/audio/bird_Recording_1_Recording_1_Segment_35_22.wav,data/processed/BirdSoundsDataset/audio/bird_Recording_1_Recording_1_Segment_35_22.wav,,,,
bird,bird_Recording_1_Recording_1_Segment_10_88,Tufted Titmouse,ambiguous,-1.5235,all,0,False,0,10,Ovenbird,False,0.0,Ovenbird,False,0.4,Ovenbird,False,0.0,Ovenbird,False,0.0,Wood Thrush,False,Ovenbird,False,https://simile-xai-audio.s3.ap-southeast-2.amazonaws.com/data_v1/bird/audio/bird_Recording_1_Recording_1_Segment_10_88.wav,data/processed/BirdSoundsDataset/audio/bird_Recording_1_Recording_1_Segment_10_88.wav,,,,
bird,bird_Recording_4_Recording_4_Segment_24_229,Tufted Titmouse,ambiguous,-1.5071,all,0,False,4,10,Tufted Titmouse,True,0.4,Tufted Titmouse,True,0.2,Tufted Titmouse,True,0.2,Tufted Titmouse,True,0.0,Wood Thrush,False,Ovenbird,False,https://simile-xai-audio.s3.ap-southeast-2.amazonaws.com/data_v1/bird/audio/bird_Recording_4_Recording_4_Segment_24_229.wav,data/processed/BirdSoundsDataset/audio/bird_Recording_4_Recording_4_Segment_24_229.wav,,,,
bird,bird_Recording_1_Recording_1_Segment_21_16,Tufted Titmouse,ambiguous,-1.5052,all,0,False,9,10,Tufted Titmouse,True,0.2,Tufted Titmouse,True,0.8,Tufted Titmouse,True,0.6,Tufted Titmouse,True,1.0,Wood Thrush,False,Ovenbird,False,https://simile-xai-audio.s3.ap-southeast-2.amazonaws.com/data_v1/bird/audio/bird_Recording_1_Recording_1_Segment_21_16.wav,data/processed/BirdSoundsDataset/audio/bird_Recording_1_Recording_1_Segment_21_16.wav,,,,
bird,bird_Recording_1_Recording_1_Segment_11_206,Tufted Titmouse,borderline,-1.3685,all,0,False,0,10,Ovenbird,False,0.0,Ovenbird,False,0.2,Ovenbird,False,0.0,Ovenbird,False,0.0,Wood Thrush,False,Ovenbird,False,https://simile-xai-audio.s3.ap-southeast-2.amazonaws.com/data_v1/bird/audio/bird_Recording_1_Recording_1_Segment_11_206.wav,data/processed/BirdSoundsDataset/audio/bird_Recording_1_Recording_1_Segment_11_206.wav,,,,
bird,bird_Recording_1_Recording_1_Segment_19_125,Tufted Titmouse,borderline,-1.3442,all,0,False,3,10,Eastern Towhee,False,0.4,Eastern Towhee,False,0.8,Eastern Towhee,False,0.8,Eastern Towhee,False,0.8,Wood Thrush,False,Ovenbird,False,https://simile-xai-audio.s3.ap-southeast-2.amazonaws.com/data_v1/bird/audio/bird_Recording_1_Recording_1_Segment_19_125.wav,data/processed/BirdSoundsDataset/audio/bird_Recording_1_Recording_1_Segment_19_125.wav,,,,
bird,bird_Recording_1_Recording_1_Segment_36_30,Tufted Titmouse,borderline,-1.3415,all,0,False,9,10,Tufted Titmouse,True,0.0,Tufted Titmouse,True,1.0,Tufted Titmouse,True,0.8,Tufted Titmouse,True,1.0,Wood Thrush,False,Ovenbird,False,https://simile-xai-audio.s3.ap-southeast-2.amazonaws.com/data_v1/bird/audio/bird_Recording_1_Recording_1_Segment_36_30.wav,data/processed/BirdSoundsDataset/audio/bird_Recording_1_Recording_1_Segment_36_30.wav,,,,
bird,bird_Recording_1_Recording_1_Segment_19_140,Tufted Titmouse,borderline,-1.3275,all,0,False,7,10,Tufted Titmouse,True,0.2,Tufted Titmouse,True,0.8,Tufted Titmouse,True,0.6,Eastern Towhee,False,1.0,Wood Thrush,False,Ovenbird,False,https://simile-xai-audio.s3.ap-southeast-2.amazonaws.com/data_v1/bird/audio/bird_Recording_1_Recording_1_Segment_19_140.wav,data/processed/BirdSoundsDataset/audio/bird_Recording_1_Recording_1_Segment_19_140.wav,,,,
bird,bird_Recording_1_Recording_1_Segment_12_36,Tufted Titmouse,borderline,-1.3053,all,0,False,0,10,Ovenbird,False,0.0,Ovenbird,False,0.4,Ovenbird,False,0.0,Ovenbird,False,0.0,Wood Thrush,False,Ovenbird,False,https://simile-xai-audio.s3.ap-southeast-2.amazonaws.com/data_v1/bird/audio/bird_Recording_1_Recording_1_Segment_12_36.wav,data/processed/BirdSoundsDataset/audio/bird_Recording_1_Recording_1_Segment_12_36.wav,,,,
bird,bird_Recording_4_Recording_4_Segment_12_189,Tufted Titmouse,borderline,-1.2945,all,0,False,4,10,Tufted Titmouse,True,0.2,Tufted Titmouse,True,0.0,Tufted Titmouse,True,0.0,Tufted Titmouse,True,0.0,Wood Thrush,False,Ovenbird,False,https://simile-xai-audio.s3.ap-southeast-2.amazonaws.com/data_v1/bird/audio/bird_Recording_4_Recording_4_Segment_12_189.wav,data/processed/BirdSoundsDataset/audio/bird_Recording_4_Recording_4_Segment_12_189.wav,,,,
bird,bird_Recording_4_Recording_4_Segment_26_76,Tufted Titmouse,borderline,-1.2804,all,0,False,7,10,Tufted Titmouse,True,0.2,Tufted Titmouse,True,0.6,Tufted Titmouse,True,0.6,Tufted Titmouse,True,0.8,Wood Thrush,False,Ovenbird,False,https://simile-xai-audio.s3.ap-southeast-2.amazonaws.com/data_v1/bird/audio/bird_Recording_4_Recording_4_Segment_26_76.wav,data/processed/BirdSoundsDataset/audio/bird_Recording_4_Recording_4_Segment_26_76.wav,,,,
bird,bird_Recording_1_Recording_1_Segment_25_57,Tufted Titmouse,borderline,-1.2622,all,0,False,6,10,Black-capped Chickadee,False,0.0,Tufted Titmouse,True,0.2,Black-capped Chickadee,False,0.0,Tufted Titmouse,True,0.0,Wood Thrush,False,Ovenbird,False,https://simile-xai-audio.s3.ap-southeast-2.amazonaws.com/data_v1/bird/audio/bird_Recording_1_Recording_1_Segment_25_57.wav,data/processed/BirdSoundsDataset/audio/bird_Recording_1_Recording_1_Segment_25_57.wav,,,,
bird,bird_Recording_1_Recording_1_Segment_33_42,Tufted Titmouse,borderline,-1.239,all,0,False,10,10,Tufted Titmouse,True,0.0,Tufted Titmouse,True,1.0,Tufted Titmouse,True,0.6,Tufted Titmouse,True,1.0,Wood Thrush,False,Wood Thrush,False,https://simile-xai-audio.s3.ap-southeast-2.amazonaws.com/data_v1/bird/audio/bird_Recording_1_Recording_1_Segment_33_42.wav,data/processed/BirdSoundsDataset/audio/bird_Recording_1_Recording_1_Segment_33_42.wav,,,,
bird,bird_Recording_1_Recording_1_Segment_23_139,Tufted Titmouse,borderline,-1.2304,all,0,False,7,10,Tufted Titmouse,True,0.4,Tufted Titmouse,True,0.4,Tufted Titmouse,True,0.2,Tufted Titmouse,True,0.6,Wood Thrush,False,Ovenbird,False,https://simile-xai-audio.s3.ap-southeast-2.amazonaws.com/data_v1/bird/audio/bird_Recording_1_Recording_1_Segment_23_139.wav,data/processed/BirdSoundsDataset/audio/bird_Recording_1_Recording_1_Segment_23_139.wav,,,,
bird,bird_Recording_1_Recording_1_Segment_10_25,Tufted Titmouse,borderline,-1.2281,all,0,False,6,10,Tufted Titmouse,True,0.2,Tufted Titmouse,True,0.8,Tufted Titmouse,True,0.6,Tufted Titmouse,True,1.0,Wood Thrush,False,Ovenbird,False,https://simile-xai-audio.s3.ap-southeast-2.amazonaws.com/data_v1/bird/audio/bird_Recording_1_Recording_1_Segment_10_25.wav,data/processed/BirdSoundsDataset/audio/bird_Recording_1_Recording_1_Segment_10_25.wav,,,,
bird,bird_Recording_1_Recording_1_Segment_22_139,Tufted Titmouse,borderline,-1.2229,all,0,False,7,10,Tufted Titmouse,True,0.2,Tufted Titmouse,True,1.0,Tufted Titmouse,True,0.8,Tufted Titmouse,True,1.0,Wood Thrush,False,Ovenbird,False,https://simile-xai-audio.s3.ap-southeast-2.amazonaws.com/data_v1/bird/audio/bird_Recording_1_Recording_1_Segment_22_139.wav,data/processed/BirdSoundsDataset/audio/bird_Recording_1_Recording_1_Segment_22_139.wav,,,,
bird,bird_Recording_1_Recording_1_Segment_14_179,Tufted Titmouse,borderline,-1.2168,all,0,False,5,10,Tufted Titmouse,True,0.2,Tufted Titmouse,True,0.8,Tufted Titmouse,True,0.2,Tufted Titmouse,True,1.0,Wood Thrush,False,Ovenbird,False,https://simile-xai-audio.s3.ap-southeast-2.amazonaws.com/data_v1/bird/audio/bird_Recording_1_Recording_1_Segment_14_179.wav,data/processed/BirdSoundsDataset/audio/bird_Recording_1_Recording_1_Segment_14_179.wav,,,,
bird,bird_Recording_1_Recording_1_Segment_36_97,Tufted Titmouse,borderline,-1.21,all,0,False,6,10,Tufted Titmouse,True,0.2,Tufted Titmouse,True,0.8,Tufted Titmouse,True,0.8,Tufted Titmouse,True,1.0,Wood Thrush,False,Ovenbird,False,https://simile-xai-audio.s3.ap-southeast-2.amazonaws.com/data_v1/bird/audio/bird_Recording_1_Recording_1_Segment_36_97.wav,data/processed/BirdSoundsDataset/audio/bird_Recording_1_Recording_1_Segment_36_97.wav,,,,
bird,bird_Recording_1_Recording_1_Segment_23_199,Tufted Titmouse,borderline,-1.2029,all,0,False,8,10,Tufted Titmouse,True,0.4,Tufted Titmouse,True,1.0,Tufted Titmouse,True,0.4,Tufted Titmouse,True,1.0,Wood Thrush,False,Ovenbird,False,https://simile-xai-audio.s3.ap-southeast-2.amazonaws.com/data_v1/bird/audio/bird_Recording_1_Recording_1_Segment_23_199.wav,data/processed/BirdSoundsDataset/audio/bird_Recording_1_Recording_1_Segment_23_199.wav,,,,
bird,bird_Recording_1_Recording_1_Segment_23_9,Tufted Titmouse,clear,0.2294,all,0,False,9,10,Tufted Titmouse,True,0.2,Tufted Titmouse,True,0.6,Tufted Titmouse,True,0.2,Tufted Titmouse,True,0.8,Ovenbird,False,Ovenbird,False,https://simile-xai-audio.s3.ap-southeast-2.amazonaws.com/data_v1/bird/audio/bird_Recording_1_Recording_1_Segment_23_9.wav,data/processed/BirdSoundsDataset/audio/bird_Recording_1_Recording_1_Segment_23_9.wav,,,,
bird,bird_Recording_1_Recording_1_Segment_23_10,Tufted Titmouse,clear,0.1295,all,0,False,9,10,Tufted Titmouse,True,0.2,Tufted Titmouse,True,0.8,Tufted Titmouse,True,0.4,Tufted Titmouse,True,1.0,Ovenbird,False,Ovenbird,False,https://simile-xai-audio.s3.ap-southeast-2.amazonaws.com/data_v1/bird/audio/bird_Recording_1_Recording_1_Segment_23_10.wav,data/processed/BirdSoundsDataset/audio/bird_Recording_1_Recording_1_Segment_23_10.wav,,,,
bird,bird_Recording_1_Recording_1_Segment_22_204,Tufted Titmouse,clear,-0.0137,all,0,False,10,10,Tufted Titmouse,True,0.4,Tufted Titmouse,True,0.8,Tufted Titmouse,True,0.8,Tufted Titmouse,True,1.0,Wood Thrush,False,Ovenbird,False,https://simile-xai-audio.s3.ap-southeast-2.amazonaws.com/data_v1/bird/audio/bird_Recording_1_Recording_1_Segment_22_204.wav,data/processed/BirdSoundsDataset/audio/bird_Recording_1_Recording_1_Segment_22_204.wav,,,,
bird,bird_Recording_1_Recording_1_Segment_36_76,Tufted Titmouse,clear,-0.1623,all,0,False,9,10,Tufted Titmouse,True,0.2,Tufted Titmouse,True,1.0,Tufted Titmouse,True,1.0,Tufted Titmouse,True,1.0,Wood Thrush,False,Ovenbird,False,https://simile-xai-audio.s3.ap-southeast-2.amazonaws.com/data_v1/bird/audio/bird_Recording_1_Recording_1_Segment_36_76.wav,data/processed/BirdSoundsDataset/audio/bird_Recording_1_Recording_1_Segment_36_76.wav,,,,
bird,bird_Recording_1_Recording_1_Segment_36_55,Tufted Titmouse,clear,-0.2051,all,0,False,9,10,Tufted Titmouse,True,0.2,Tufted Titmouse,True,1.0,Tufted Titmouse,True,0.8,Tufted Titmouse,True,1.0,Wood Thrush,False,Ovenbird,False,https://simile-xai-audio.s3.ap-southeast-2.amazonaws.com/data_v1/bird/audio/bird_Recording_1_Recording_1_Segment_36_55.wav,data/processed/BirdSoundsDataset/audio/bird_Recording_1_Recording_1_Segment_36_55.wav,,,,
bird,bird_Recording_1_Recording_1_Segment_31_141,Tufted Titmouse,clear,-0.4584,all,0,False,9,10,Tufted Titmouse,True,0.0,Tufted Titmouse,True,0.8,Tufted Titmouse,True,1.0,Tufted Titmouse,True,1.0,Ovenbird,False,Ovenbird,False,https://simile-xai-audio.s3.ap-southeast-2.amazonaws.com/data_v1/bird/audio/bird_Recording_1_Recording_1_Segment_31_141.wav,data/processed/BirdSoundsDataset/audio/bird_Recording_1_Recording_1_Segment_31_141.wav,,,,
bird,bird_Recording_1_Recording_1_Segment_36_95,Tufted Titmouse,clear,-0.618,all,0,False,7,10,Tufted Titmouse,True,0.2,Eastern Towhee,False,0.8,Tufted Titmouse,True,0.8,Tufted Titmouse,True,1.0,Ovenbird,False,Ovenbird,False,https://simile-xai-audio.s3.ap-southeast-2.amazonaws.com/data_v1/bird/audio/bird_Recording_1_Recording_1_Segment_36_95.wav,data/processed/BirdSoundsDataset/audio/bird_Recording_1_Recording_1_Segment_36_95.wav,,,,
bird,bird_Recording_1_Recording_1_Segment_32_1,Tufted Titmouse,clear,-0.6304,all,0,False,9,10,Tufted Titmouse,True,0.0,Tufted Titmouse,True,1.0,Tufted Titmouse,True,0.6,Tufted Titmouse,True,1.0,Ovenbird,False,Ovenbird,False,https://simile-xai-audio.s3.ap-southeast-2.amazonaws.com/data_v1/bird/audio/bird_Recording_1_Recording_1_Segment_32_1.wav,data/processed/BirdSoundsDataset/audio/bird_Recording_1_Recording_1_Segment_32_1.wav,,,,
bird,bird_Recording_1_Recording_1_Segment_23_179,Tufted Titmouse,clear,-0.7694,all,0,False,9,10,Tufted Titmouse,True,0.0,Tufted Titmouse,True,0.8,Tufted Titmouse,True,0.6,Tufted Titmouse,True,1.0,Wood Thrush,False,Ovenbird,False,https://simile-xai-audio.s3.ap-southeast-2.amazonaws.com/data_v1/bird/audio/bird_Recording_1_Recording_1_Segment_23_179.wav,data/processed/BirdSoundsDataset/audio/bird_Recording_1_Recording_1_Segment_23_179.wav,,,,
bird,bird_Recording_1_Recording_1_Segment_08_21,Tufted Titmouse,clear,-0.7852,all,0,False,10,10,Tufted Titmouse,True,0.2,Tufted Titmouse,True,0.8,Tufted Titmouse,True,0.6,Tufted Titmouse,True,1.0,Ovenbird,False,Ovenbird,False,https://simile-xai-audio.s3.ap-southeast-2.amazonaws.com/data_v1/bird/audio/bird_Recording_1_Recording_1_Segment_08_21.wav,data/processed/BirdSoundsDataset/audio/bird_Recording_1_Recording_1_Segment_08_21.wav,,,,
bird,bird_Recording_1_Recording_1_Segment_08_67,Tufted Titmouse,clear,-0.7974,all,0,False,2,10,Wood Thrush,False,0.4,Wood Thrush,False,0.4,Wood Thrush,False,0.2,Wood Thrush,False,0.4,Wood Thrush,False,Ovenbird,False,https://simile-xai-audio.s3.ap-southeast-2.amazonaws.com/data_v1/bird/audio/bird_Recording_1_Recording_1_Segment_08_67.wav,data/processed/BirdSoundsDataset/audio/bird_Recording_1_Recording_1_Segment_08_67.wav,,,,
bird,bird_Recording_1_Recording_1_Segment_36_52,Tufted Titmouse,clear,-0.8123,all,0,False,9,10,Tufted Titmouse,True,0.4,Tufted Titmouse,True,1.0,Tufted Titmouse,True,0.8,Tufted Titmouse,True,1.0,Wood Thrush,False,Ovenbird,False,https://simile-xai-audio.s3.ap-southeast-2.amazonaws.com/data_v1/bird/audio/bird_Recording_1_Recording_1_Segment_36_52.wav,data/processed/BirdSoundsDataset/audio/bird_Recording_1_Recording_1_Segment_36_52.wav,,,,
bird,bird_Recording_1_Recording_1_Segment_14_74,Tufted Titmouse,clear,-0.8516,all,0,False,9,10,Tufted Titmouse,True,0.0,Tufted Titmouse,True,0.8,Tufted Titmouse,True,0.6,Tufted Titmouse,True,1.0,Ovenbird,False,Ovenbird,False,https://simile-xai-audio.s3.ap-southeast-2.amazonaws.com/data_v1/bird/audio/bird_Recording_1_Recording_1_Segment_14_74.wav,data/processed/BirdSoundsDataset/audio/bird_Recording_1_Recording_1_Segment_14_74.wav,,,,
bird,bird_Recording_1_Recording_1_Segment_36_25,Tufted Titmouse,clear,-0.8552,all,0,False,8,10,Tufted Titmouse,True,0.2,Tufted Titmouse,True,0.6,Tufted Titmouse,True,0.6,Tufted Titmouse,True,1.0,Wood Thrush,False,Ovenbird,False,https://simile-xai-audio.s3.ap-southeast-2.amazonaws.com/data_v1/bird/audio/bird_Recording_1_Recording_1_Segment_36_25.wav,data/processed/BirdSoundsDataset/audio/bird_Recording_1_Recording_1_Segment_36_25.wav,,,,
bird,bird_Recording_1_Recording_1_Segment_25_141,Tufted Titmouse,clear,-0.8804,all,0,False,6,10,Tufted Titmouse,True,0.2,Tufted Titmouse,True,0.4,Tufted Titmouse,True,0.0,Tufted Titmouse,True,0.2,Wood Thrush,False,Ovenbird,False,https://simile-xai-audio.s3.ap-southeast-2.amazonaws.com/data_v1/bird/audio/bird_Recording_1_Recording_1_Segment_25_141.wav,data/processed/BirdSoundsDataset/audio/bird_Recording_1_Recording_1_Segment_25_141.wav,,,,
bird,bird_Recording_4_Recording_4_Segment_12_8,Wood Thrush,ambiguous,-2.3217,all,0,False,0,10,Eastern Towhee,False,0.0,Eastern Towhee,False,0.0,Eastern Towhee,False,0.0,Eastern Towhee,False,0.0,Ovenbird,False,Ovenbird,False,https://simile-xai-audio.s3.ap-southeast-2.amazonaws.com/data_v1/bird/audio/bird_Recording_4_Recording_4_Segment_12_8.wav,data/processed/BirdSoundsDataset/audio/bird_Recording_4_Recording_4_Segment_12_8.wav,,,,
bird,bird_Recording_1_Recording_1_Segment_15_194,Wood Thrush,ambiguous,-1.7191,all,0,False,4,10,Wood Thrush,True,0.6,Ovenbird,False,0.0,Ovenbird,False,0.0,Ovenbird,False,0.0,Ovenbird,False,Ovenbird,False,https://simile-xai-audio.s3.ap-southeast-2.amazonaws.com/data_v1/bird/audio/bird_Recording_1_Recording_1_Segment_15_194.wav,data/processed/BirdSoundsDataset/audio/bird_Recording_1_Recording_1_Segment_15_194.wav,,,,
bird,bird_Recording_4_Recording_4_Segment_07_40,Wood Thrush,ambiguous,-1.6423,all,0,False,0,10,Eastern Towhee,False,0.0,Eastern Towhee,False,0.0,Eastern Towhee,False,0.0,Eastern Towhee,False,0.0,Ovenbird,False,Ovenbird,False,https://simile-xai-audio.s3.ap-southeast-2.amazonaws.com/data_v1/bird/audio/bird_Recording_4_Recording_4_Segment_07_40.wav,data/processed/BirdSoundsDataset/audio/bird_Recording_4_Recording_4_Segment_07_40.wav,,,,
bird,bird_Recording_2_Recording_2_Segment_13_91,Wood Thrush,ambiguous,-1.5697,all,0,False,5,10,Wood Thrush,True,0.0,Wood Thrush,True,0.0,Ovenbird,False,0.0,Wood Thrush,True,0.0,Wood Thrush,True,Ovenbird,False,https://simile-xai-audio.s3.ap-southeast-2.amazonaws.com/data_v1/bird/audio/bird_Recording_2_Recording_2_Segment_13_91.wav,data/processed/BirdSoundsDataset/audio/bird_Recording_2_Recording_2_Segment_13_91.wav,,,,
bird,bird_Recording_1_Recording_1_Segment_16_52,Wood Thrush,ambiguous,-1.4474,all,0,False,6,10,Wood Thrush,True,0.6,Wood Thrush,True,0.2,Wood Thrush,True,0.0,Wood Thrush,True,0.0,Ovenbird,False,Ovenbird,False,https://simile-xai-audio.s3.ap-southeast-2.amazonaws.com/data_v1/bird/audio/bird_Recording_1_Recording_1_Segment_16_52.wav,data/processed/BirdSoundsDataset/audio/bird_Recording_1_Recording_1_Segment_16_52.wav,,,,
bird,bird_Recording_1_Recording_1_Segment_06_271,Wood Thrush,ambiguous,-1.4347,all,0,False,7,10,Wood Thrush,True,0.6,Wood Thrush,True,0.4,Wood Thrush,True,0.8,Wood Thrush,True,0.6,Wood Thrush,True,Ovenbird,False,https://simile-xai-audio.s3.ap-southeast-2.amazonaws.com/data_v1/bird/audio/bird_Recording_1_Recording_1_Segment_06_271.wav,data/processed/BirdSoundsDataset/audio/bird_Recording_1_Recording_1_Segment_06_271.wav,,,,
bird,bird_Recording_1_Recording_1_Segment_14_142,Wood Thrush,ambiguous,-1.4046,all,0,False,4,10,Tufted Titmouse,False,0.6,Eastern Towhee,False,0.2,Wood Thrush,True,0.2,Wood Thrush,True,0.0,Wood Thrush,True,Ovenbird,False,https://simile-xai-audio.s3.ap-southeast-2.amazonaws.com/data_v1/bird/audio/bird_Recording_1_Recording_1_Segment_14_142.wav,data/processed/BirdSoundsDataset/audio/bird_Recording_1_Recording_1_Segment_14_142.wav,,,,
bird,bird_Recording_1_Recording_1_Segment_08_111,Wood Thrush,ambiguous,-1.3767,all,0,False,6,10,Wood Thrush,True,0.4,Wood Thrush,True,0.2,Wood Thrush,True,0.0,Wood Thrush,True,0.0,Ovenbird,False,Ovenbird,False,https://simile-xai-audio.s3.ap-southeast-2.amazonaws.com/data_v1/bird/audio/bird_Recording_1_Recording_1_Segment_08_111.wav,data/processed/BirdSoundsDataset/audio/bird_Recording_1_Recording_1_Segment_08_111.wav,,,,
bird,bird_Recording_1_Recording_1_Segment_06_79,Wood Thrush,ambiguous,-1.3574,all,0,False,6,10,Wood Thrush,True,0.4,Wood Thrush,True,0.0,Wood Thrush,True,0.2,Wood Thrush,True,0.0,Ovenbird,False,Ovenbird,False,https://simile-xai-audio.s3.ap-southeast-2.amazonaws.com/data_v1/bird/audio/bird_Recording_1_Recording_1_Segment_06_79.wav,data/processed/BirdSoundsDataset/audio/bird_Recording_1_Recording_1_Segment_06_79.wav,,,,
bird,bird_Recording_1_Recording_1_Segment_07_227,Wood Thrush,ambiguous,-1.3466,all,0,False,4,10,Wood Thrush,True,0.4,Wood Thrush,True,0.2,Wood Thrush,True,0.0,Wood Thrush,True,0.0,Ovenbird,False,Ovenbird,False,https://simile-xai-audio.s3.ap-southeast-2.amazonaws.com/data_v1/bird/audio/bird_Recording_1_Recording_1_Segment_07_227.wav,data/processed/BirdSoundsDataset/audio/bird_Recording_1_Recording_1_Segment_07_227.wav,,,,
bird,bird_Recording_2_Recording_2_Segment_11_208,Wood Thrush,ambiguous,-1.3172,all,0,False,6,10,Wood Thrush,True,0.2,Wood Thrush,True,0.8,Wood Thrush,True,0.4,Wood Thrush,True,0.8,Ovenbird,False,Ovenbird,False,https://simile-xai-audio.s3.ap-southeast-2.amazonaws.com/data_v1/bird/audio/bird_Recording_2_Recording_2_Segment_11_208.wav,data/processed/BirdSoundsDataset/audio/bird_Recording_2_Recording_2_Segment_11_208.wav,,,,
bird,bird_Recording_1_Recording_1_Segment_12_192,Wood Thrush,ambiguous,-1.282,all,0,False,7,10,Wood Thrush,True,0.6,Wood Thrush,True,0.2,Wood Thrush,True,0.0,Wood Thrush,True,0.0,Ovenbird,False,Ovenbird,False,https://simile-xai-audio.s3.ap-southeast-2.amazonaws.com/data_v1/bird/audio/bird_Recording_1_Recording_1_Segment_12_192.wav,data/processed/BirdSoundsDataset/audio/bird_Recording_1_Recording_1_Segment_12_192.wav,,,,
bird,bird_Recording_1_Recording_1_Segment_06_225,Wood Thrush,ambiguous,-1.2615,all,0,False,6,10,Eastern Towhee,False,0.4,Wood Thrush,True,0.2,Wood Thrush,True,0.4,Wood Thrush,True,0.4,Ovenbird,False,Ovenbird,False,https://simile-xai-audio.s3.ap-southeast-2.amazonaws.com/data_v1/bird/audio/bird_Recording_1_Recording_1_Segment_06_225.wav,data/processed/BirdSoundsDataset/audio/bird_Recording_1_Recording_1_Segment_06_225.wav,,,,
bird,bird_Recording_1_Recording_1_Segment_07_272,Wood Thrush,ambiguous,-1.2588,all,0,False,0,10,Tufted Titmouse,False,0.4,Tufted Titmouse,False,0.2,Tufted Titmouse,False,0.4,Wood Thrush,True,0.0,Ovenbird,False,Ovenbird,False,https://simile-xai-audio.s3.ap-southeast-2.amazonaws.com/data_v1/bird/audio/bird_Recording_1_Recording_1_Segment_07_272.wav,data/processed/BirdSoundsDataset/audio/bird_Recording_1_Recording_1_Segment_07_272.wav,,,,
bird,bird_Recording_1_Recording_1_Segment_07_31,Wood Thrush,ambiguous,-1.245,all,0,False,4,10,Black-capped Chickadee,False,0.2,Black-capped Chickadee,False,0.0,Black-capped Chickadee,False,0.2,Black-capped Chickadee,False,0.2,Wood Thrush,True,Ovenbird,False,https://simile-xai-audio.s3.ap-southeast-2.amazonaws.com/data_v1/bird/audio/bird_Recording_1_Recording_1_Segment_07_31.wav,data/processed/BirdSoundsDataset/audio/bird_Recording_1_Recording_1_Segment_07_31.wav,,,,
bird,bird_Recording_1_Recording_1_Segment_14_178,Wood Thrush,borderline,-0.6193,all,0,False,1,10,Tufted Titmouse,False,0.6,Tufted Titmouse,False,0.4,Tufted Titmouse,False,0.6,Tufted Titmouse,False,0.0,Wood Thrush,True,Ovenbird,False,https://simile-xai-audio.s3.ap-southeast-2.amazonaws.com/data_v1/bird/audio/bird_Recording_1_Recording_1_Segment_14_178.wav,data/processed/BirdSoundsDataset/audio/bird_Recording_1_Recording_1_Segment_14_178.wav,,,,
bird,bird_Recording_1_Recording_1_Segment_09_148,Wood Thrush,borderline,-0.61,all,0,False,9,10,Wood Thrush,True,0.4,Wood Thrush,True,0.2,Wood Thrush,True,0.4,Wood Thrush,True,0.0,Wood Thrush,True,Ovenbird,False,https://simile-xai-audio.s3.ap-southeast-2.amazonaws.com/data_v1/bird/audio/bird_Recording_1_Recording_1_Segment_09_148.wav,data/processed/BirdSoundsDataset/audio/bird_Recording_1_Recording_1_Segment_09_148.wav,,,,
bird,bird_Recording_1_Recording_1_Segment_12_13,Wood Thrush,borderline,-0.61,all,0,False,8,10,Wood Thrush,True,0.6,Wood Thrush,True,0.2,Wood Thrush,True,0.8,Wood Thrush,True,0.2,Wood Thrush,True,Ovenbird,False,https://simile-xai-audio.s3.ap-southeast-2.amazonaws.com/data_v1/bird/audio/bird_Recording_1_Recording_1_Segment_12_13.wav,data/processed/BirdSoundsDataset/audio/bird_Recording_1_Recording_1_Segment_12_13.wav,,,,
bird,bird_Recording_1_Recording_1_Segment_12_99,Wood Thrush,borderline,-0.573,all,0,False,9,10,Wood Thrush,True,0.6,Wood Thrush,True,0.2,Wood Thrush,True,0.6,Wood Thrush,True,0.0,Wood Thrush,True,Tufted Titmouse,False,https://simile-xai-audio.s3.ap-southeast-2.amazonaws.com/data_v1/bird/audio/bird_Recording_1_Recording_1_Segment_12_99.wav,data/processed/BirdSoundsDataset/audio/bird_Recording_1_Recording_1_Segment_12_99.wav,,,,
bird,bird_Recording_2_Recording_2_Segment_05_261,Wood Thrush,borderline,-0.5516,all,0,False,3,10,Ovenbird,False,0.4,Wood Thrush,True,0.0,Ovenbird,False,0.0,Black-capped Chickadee,False,0.0,Wood Thrush,True,Ovenbird,False,https://simile-xai-audio.s3.ap-southeast-2.amazonaws.com/data_v1/bird/audio/bird_Recording_2_Recording_2_Segment_05_261.wav,data/processed/BirdSoundsDataset/audio/bird_Recording_2_Recording_2_Segment_05_261.wav,,,,
bird,bird_Recording_1_Recording_1_Segment_16_67,Wood Thrush,borderline,-0.515,all,0,False,5,10,Wood Thrush,True,0.8,Wood Thrush,True,1.0,Wood Thrush,True,1.0,Wood Thrush,True,1.0,Wood Thrush,True,Ovenbird,False,https://simile-xai-audio.s3.ap-southeast-2.amazonaws.com/data_v1/bird/audio/bird_Recording_1_Recording_1_Segment_16_67.wav,data/processed/BirdSoundsDataset/audio/bird_Recording_1_Recording_1_Segment_16_67.wav,,,,
bird,bird_Recording_1_Recording_1_Segment_10_103,Wood Thrush,borderline,-0.5004,all,0,False,9,10,Wood Thrush,True,0.4,Wood Thrush,True,0.4,Wood Thrush,True,1.0,Wood Thrush,True,0.8,Wood Thrush,True,Ovenbird,False,https://simile-xai-audio.s3.ap-southeast-2.amazonaws.com/data_v1/bird/audio/bird_Recording_1_Recording_1_Segment_10_103.wav,data/processed/BirdSoundsDataset/audio/bird_Recording_1_Recording_1_Segment_10_103.wav,,,,
bird,bird_Recording_1_Recording_1_Segment_15_73,Wood Thrush,borderline,-0.4895,all,0,False,7,10,Wood Thrush,True,0.4,Wood Thrush,True,0.6,Wood Thrush,True,0.8,Wood Thrush,True,1.0,Wood Thrush,True,Tufted Titmouse,False,https://simile-xai-audio.s3.ap-southeast-2.amazonaws.com/data_v1/bird/audio/bird_Recording_1_Recording_1_Segment_15_73.wav,data/processed/BirdSoundsDataset/audio/bird_Recording_1_Recording_1_Segment_15_73.wav,,,,
bird,bird_Recording_2_Recording_2_Segment_05_228,Wood Thrush,borderline,-0.4831,all,0,False,8,10,Wood Thrush,True,0.4,Wood Thrush,True,0.4,Wood Thrush,True,0.2,Wood Thrush,True,0.2,Wood Thrush,True,Ovenbird,False,https://simile-xai-audio.s3.ap-southeast-2.amazonaws.com/data_v1/bird/audio/bird_Recording_2_Recording_2_Segment_05_228.wav,data/processed/BirdSoundsDataset/audio/bird_Recording_2_Recording_2_Segment_05_228.wav,,,,
bird,bird_Recording_2_Recording_2_Segment_04_181,Wood Thrush,borderline,-0.47,all,0,False,1,10,Black-capped Chickadee,False,0.6,Black-capped Chickadee,False,0.4,Black-capped Chickadee,False,0.4,Black-capped Chickadee,False,0.6,Wood Thrush,True,Ovenbird,False,https://simile-xai-audio.s3.ap-southeast-2.amazonaws.com/data_v1/bird/audio/bird_Recording_2_Recording_2_Segment_04_181.wav,data/processed/BirdSoundsDataset/audio/bird_Recording_2_Recording_2_Segment_04_181.wav,,,,
bird,bird_Recording_1_Recording_1_Segment_09_132,Wood Thrush,borderline,-0.4676,all,0,False,9,10,Wood Thrush,True,0.0,Wood Thrush,True,0.8,Wood Thrush,True,1.0,Wood Thrush,True,1.0,Wood Thrush,True,Ovenbird,False,https://simile-xai-audio.s3.ap-southeast-2.amazonaws.com/data_v1/bird/audio/bird_Recording_1_Recording_1_Segment_09_132.wav,data/processed/BirdSoundsDataset/audio/bird_Recording_1_Recording_1_Segment_09_132.wav,,,,
bird,bird_Recording_1_Recording_1_Segment_08_238,Wood Thrush,borderline,-0.465,all,0,False,10,10,Wood Thrush,True,0.6,Wood Thrush,True,1.0,Wood Thrush,True,1.0,Wood Thrush,True,1.0,Wood Thrush,True,Wood Thrush,True,https://simile-xai-audio.s3.ap-southeast-2.amazonaws.com/data_v1/bird/audio/bird_Recording_1_Recording_1_Segment_08_238.wav,data/processed/BirdSoundsDataset/audio/bird_Recording_1_Recording_1_Segment_08_238.wav,,,,
bird,bird_Recording_2_Recording_2_Segment_14_206,Wood Thrush,borderline,-0.4501,all,0,False,6,10,Wood Thrush,True,0.0,Wood Thrush,True,0.2,Eastern Towhee,False,1.0,Wood Thrush,True,1.0,Wood Thrush,True,Ovenbird,False,https://simile-xai-audio.s3.ap-southeast-2.amazonaws.com/data_v1/bird/audio/bird_Recording_2_Recording_2_Segment_14_206.wav,data/processed/BirdSoundsDataset/audio/bird_Recording_2_Recording_2_Segment_14_206.wav,,,,
bird,bird_Recording_1_Recording_1_Segment_08_164,Wood Thrush,borderline,-0.4452,all,0,False,6,10,Wood Thrush,True,0.8,Wood Thrush,True,0.2,Wood Thrush,True,0.6,Wood Thrush,True,0.0,Wood Thrush,True,Ovenbird,False,https://simile-xai-audio.s3.ap-southeast-2.amazonaws.com/data_v1/bird/audio/bird_Recording_1_Recording_1_Segment_08_164.wav,data/processed/BirdSoundsDataset/audio/bird_Recording_1_Recording_1_Segment_08_164.wav,,,,
bird,bird_Recording_1_Recording_1_Segment_15_165,Wood Thrush,borderline,-0.4445,all,0,False,9,10,Wood Thrush,True,0.4,Wood Thrush,True,0.2,Wood Thrush,True,0.4,Wood Thrush,True,1.0,Wood Thrush,True,Ovenbird,False,https://simile-xai-audio.s3.ap-southeast-2.amazonaws.com/data_v1/bird/audio/bird_Recording_1_Recording_1_Segment_15_165.wav,data/processed/BirdSoundsDataset/audio/bird_Recording_1_Recording_1_Segment_15_165.wav,,,,
bird,bird_Recording_2_Recording_2_Segment_03_188,Wood Thrush,clear,1.63,all,0,False,10,10,Wood Thrush,True,0.8,Wood Thrush,True,0.8,Wood Thrush,True,0.8,Wood Thrush,True,1.0,Wood Thrush,True,Ovenbird,False,https://simile-xai-audio.s3.ap-southeast-2.amazonaws.com/data_v1/bird/audio/bird_Recording_2_Recording_2_Segment_03_188.wav,data/processed/BirdSoundsDataset/audio/bird_Recording_2_Recording_2_Segment_03_188.wav,,,,
bird,bird_Recording_2_Recording_2_Segment_03_143,Wood Thrush,clear,1.5657,all,0,False,10,10,Wood Thrush,True,0.4,Wood Thrush,True,1.0,Wood Thrush,True,0.8,Wood Thrush,True,1.0,Wood Thrush,True,Ovenbird,False,https://simile-xai-audio.s3.ap-southeast-2.amazonaws.com/data_v1/bird/audio/bird_Recording_2_Recording_2_Segment_03_143.wav,data/processed/BirdSoundsDataset/audio/bird_Recording_2_Recording_2_Segment_03_143.wav,,,,
bird,bird_Recording_2_Recording_2_Segment_06_74,Wood Thrush,clear,1.5628,all,0,False,10,10,Wood Thrush,True,0.6,Wood Thrush,True,1.0,Wood Thrush,True,0.8,Wood Thrush,True,1.0,Wood Thrush,True,Ovenbird,False,https://simile-xai-audio.s3.ap-southeast-2.amazonaws.com/data_v1/bird/audio/bird_Recording_2_Recording_2_Segment_06_74.wav,data/processed/BirdSoundsDataset/audio/bird_Recording_2_Recording_2_Segment_06_74.wav,,,,
bird,bird_Recording_2_Recording_2_Segment_03_197,Wood Thrush,clear,1.5432,all,0,False,10,10,Wood Thrush,True,1.0,Wood Thrush,True,1.0,Wood Thrush,True,1.0,Wood Thrush,True,1.0,Wood Thrush,True,Ovenbird,False,https://simile-xai-audio.s3.ap-southeast-2.amazonaws.com/data_v1/bird/audio/bird_Recording_2_Recording_2_Segment_03_197.wav,data/processed/BirdSoundsDataset/audio/bird_Recording_2_Recording_2_Segment_03_197.wav,,,,
bird,bird_Recording_2_Recording_2_Segment_03_139,Wood Thrush,clear,1.4082,all,0,False,10,10,Wood Thrush,True,0.6,Wood Thrush,True,1.0,Wood Thrush,True,0.6,Wood Thrush,True,0.8,Wood Thrush,True,Ovenbird,False,https://simile-xai-audio.s3.ap-southeast-2.amazonaws.com/data_v1/bird/audio/bird_Recording_2_Recording_2_Segment_03_139.wav,data/processed/BirdSoundsDataset/audio/bird_Recording_2_Recording_2_Segment_03_139.wav,,,,
bird,bird_Recording_2_Recording_2_Segment_02_25,Wood Thrush,clear,1.3338,all,0,False,10,10,Wood Thrush,True,0.6,Wood Thrush,True,0.8,Wood Thrush,True,1.0,Wood Thrush,True,1.0,Wood Thrush,True,Ovenbird,False,https://simile-xai-audio.s3.ap-southeast-2.amazonaws.com/data_v1/bird/audio/bird_Recording_2_Recording_2_Segment_02_25.wav,data/processed/BirdSoundsDataset/audio/bird_Recording_2_Recording_2_Segment_02_25.wav,,,,
bird,bird_Recording_2_Recording_2_Segment_03_192,Wood Thrush,clear,1.3277,all,0,False,10,10,Wood Thrush,True,0.8,Wood Thrush,True,0.6,Wood Thrush,True,1.0,Wood Thrush,True,0.8,Wood Thrush,True,Ovenbird,False,https://simile-xai-audio.s3.ap-southeast-2.amazonaws.com/data_v1/bird/audio/bird_Recording_2_Recording_2_Segment_03_192.wav,data/processed/BirdSoundsDataset/audio/bird_Recording_2_Recording_2_Segment_03_192.wav,,,,
bird,bird_Recording_2_Recording_2_Segment_03_103,Wood Thrush,clear,1.3218,all,0,False,10,10,Wood Thrush,True,0.8,Wood Thrush,True,0.6,Wood Thrush,True,0.8,Wood Thrush,True,0.6,Wood Thrush,True,Ovenbird,False,https://simile-xai-audio.s3.ap-southeast-2.amazonaws.com/data_v1/bird/audio/bird_Recording_2_Recording_2_Segment_03_103.wav,data/processed/BirdSoundsDataset/audio/bird_Recording_2_Recording_2_Segment_03_103.wav,,,,
bird,bird_Recording_2_Recording_2_Segment_03_80,Wood Thrush,clear,1.2819,all,0,False,10,10,Wood Thrush,True,0.6,Wood Thrush,True,0.6,Wood Thrush,True,0.8,Wood Thrush,True,0.6,Wood Thrush,True,Ovenbird,False,https://simile-xai-audio.s3.ap-southeast-2.amazonaws.com/data_v1/bird/audio/bird_Recording_2_Recording_2_Segment_03_80.wav,data/processed/BirdSoundsDataset/audio/bird_Recording_2_Recording_2_Segment_03_80.wav,,,,
bird,bird_Recording_2_Recording_2_Segment_01_125,Wood Thrush,clear,1.1955,all,0,False,10,10,Wood Thrush,True,1.0,Wood Thrush,True,1.0,Wood Thrush,True,1.0,Wood Thrush,True,1.0,Wood Thrush,True,Ovenbird,False,https://simile-xai-audio.s3.ap-southeast-2.amazonaws.com/data_v1/bird/audio/bird_Recording_2_Recording_2_Segment_01_125.wav,data/processed/BirdSoundsDataset/audio/bird_Recording_2_Recording_2_Segment_01_125.wav,,,,
bird,bird_Recording_2_Recording_2_Segment_02_2,Wood Thrush,clear,1.1854,all,0,False,10,10,Wood Thrush,True,0.6,Wood Thrush,True,0.8,Wood Thrush,True,0.8,Wood Thrush,True,1.0,Wood Thrush,True,Ovenbird,False,https://simile-xai-audio.s3.ap-southeast-2.amazonaws.com/data_v1/bird/audio/bird_Recording_2_Recording_2_Segment_02_2.wav,data/processed/BirdSoundsDataset/audio/bird_Recording_2_Recording_2_Segment_02_2.wav,,,,
bird,bird_Recording_2_Recording_2_Segment_01_176,Wood Thrush,clear,1.1761,all,0,False,10,10,Wood Thrush,True,0.6,Wood Thrush,True,1.0,Wood Thrush,True,0.8,Wood Thrush,True,1.0,Wood Thrush,True,Ovenbird,False,https://simile-xai-audio.s3.ap-southeast-2.amazonaws.com/data_v1/bird/audio/bird_Recording_2_Recording_2_Segment_01_176.wav,data/processed/BirdSoundsDataset/audio/bird_Recording_2_Recording_2_Segment_01_176.wav,,,,
bird,bird_Recording_2_Recording_2_Segment_03_31,Wood Thrush,clear,1.1377,all,0,False,10,10,Wood Thrush,True,0.8,Wood Thrush,True,0.6,Wood Thrush,True,0.8,Wood Thrush,True,0.8,Wood Thrush,True,Ovenbird,False,https://simile-xai-audio.s3.ap-southeast-2.amazonaws.com/data_v1/bird/audio/bird_Recording_2_Recording_2_Segment_03_31.wav,data/processed/BirdSoundsDataset/audio/bird_Recording_2_Recording_2_Segment_03_31.wav,,,,
bird,bird_Recording_2_Recording_2_Segment_03_96,Wood Thrush,clear,1.0991,all,0,False,10,10,Wood Thrush,True,0.6,Wood Thrush,True,0.8,Wood Thrush,True,0.8,Wood Thrush,True,0.8,Wood Thrush,True,Ovenbird,False,https://simile-xai-audio.s3.ap-southeast-2.amazonaws.com/data_v1/bird/audio/bird_Recording_2_Recording_2_Segment_03_96.wav,data/processed/BirdSoundsDataset/audio/bird_Recording_2_Recording_2_Segment_03_96.wav,,,,
bird,bird_Recording_2_Recording_2_Segment_04_25,Wood Thrush,clear,1.0323,all,0,False,10,10,Wood Thrush,True,1.0,Wood Thrush,True,1.0,Wood Thrush,True,1.0,Wood Thrush,True,1.0,Wood Thrush,True,Ovenbird,False,https://simile-xai-audio.s3.ap-southeast-2.amazonaws.com/data_v1/bird/audio/bird_Recording_2_Recording_2_Segment_04_25.wav,data/processed/BirdSoundsDataset/audio/bird_Recording_2_Recording_2_Segment_04_25.wav,,,,
