domain,sample_id,true_label,band,typicality,source,source_tier,label_mismatch,agreement,n_methods,lf_sim_pred,lf_sim_correct,lf_sim_faithful,lf_onom_pred,lf_onom_correct,lf_onom_faithful,fused_sim_pred,fused_sim_correct,fused_sim_faithful,fused_onom_pred,fused_onom_correct,fused_onom_faithful,rexnet_pred,rexnet_correct,proto_pred,proto_correct,audio,sample_path,annot_quality_ok,annot_label_agrees,annot_best_explanation,annot_notes
lung,sprsound_40985693_3.4_0_p2_8627_2,Crackle,ambiguous,-2.235,sprsound,1,False,0,93,Normal,False,0.0,Normal,False,0.0,Normal,False,0.0,Normal,False,0.0,Normal,False,Normal,False,https://simile-xai-audio.s3.ap-southeast-2.amazonaws.com/data_v8_1/lung/audio/sprsound_40985693_3.4_0_p2_8627_2.wav,data/processed/UnifiedLungSymptomDataset/audio/sprsound_40985693_3.4_0_p2_8627_2.wav,,,,
lung,hflung_steth_20190809_12_03_44_22,Crackle,ambiguous,-2.1808,hflung,3,True,0,93,Wheeze,False,0.0,Wheeze,False,0.0,Wheeze,False,0.0,Wheeze,False,0.0,Wheeze,False,Wheeze,False,https://simile-xai-audio.s3.ap-southeast-2.amazonaws.com/data_v8_1/lung/audio/hflung_steth_20190809_12_03_44_22.wav,data/processed/UnifiedLungSymptomDataset/audio/hflung_steth_20190809_12_03_44_22.wav,,,,
lung,icbhi_180_1b4_Ar_mc_AKGC417L_5,Crackle,ambiguous,-2.1696,icbhi,1,False,0,93,Wheeze,False,0.0,Wheeze,False,0.0,Wheeze,False,0.0,Wheeze,False,0.0,Wheeze,False,Wheeze,False,https://simile-xai-audio.s3.ap-southeast-2.amazonaws.com/data_v8_1/lung/audio/icbhi_180_1b4_Ar_mc_AKGC417L_5.wav,data/processed/UnifiedLungSymptomDataset/audio/icbhi_180_1b4_Ar_mc_AKGC417L_5.wav,,,,
lung,fraiwan_2,Crackle,ambiguous,-1.5399,fraiwan,2,True,14,93,Crackle,True,0.8,Crackle,True,0.0,Crackle,True,0.6,Crackle,True,0.6,Normal,False,Normal,False,https://simile-xai-audio.s3.ap-southeast-2.amazonaws.com/data_v8_1/lung/audio/fraiwan_2.wav,data/processed/UnifiedLungSymptomDataset/audio/fraiwan_2.wav,,,,
lung,sprsound_40985693_3.4_0_p2_8627_3,Crackle,ambiguous,-2.2095,sprsound,1,False,1,93,Normal,False,0.2,Normal,False,0.0,Normal,False,0.0,Normal,False,0.2,Normal,False,Normal,False,https://simile-xai-audio.s3.ap-southeast-2.amazonaws.com/data_v8_1/lung/audio/sprsound_40985693_3.4_0_p2_8627_3.wav,data/processed/UnifiedLungSymptomDataset/audio/sprsound_40985693_3.4_0_p2_8627_3.wav,,,,
lung,hflung_steth_20190711_13_43_08_1,Crackle,ambiguous,-2.1071,hflung,3,True,0,93,Wheeze,False,0.0,Wheeze,False,0.0,Wheeze,False,0.0,Wheeze,False,0.0,Wheeze,False,Wheeze,False,https://simile-xai-audio.s3.ap-southeast-2.amazonaws.com/data_v8_1/lung/audio/hflung_steth_20190711_13_43_08_1.wav,data/processed/UnifiedLungSymptomDataset/audio/hflung_steth_20190711_13_43_08_1.wav,,,,
lung,icbhi_156_8b3_Ar_mc_AKGC417L_0,Crackle,ambiguous,-2.165,icbhi,1,False,0,93,Normal,False,0.0,Normal,False,0.0,Normal,False,0.2,Normal,False,0.2,Normal,False,Normal,False,https://simile-xai-audio.s3.ap-southeast-2.amazonaws.com/data_v8_1/lung/audio/icbhi_156_8b3_Ar_mc_AKGC417L_0.wav,data/processed/UnifiedLungSymptomDataset/audio/icbhi_156_8b3_Ar_mc_AKGC417L_0.wav,,,,
lung,fraiwan_287,Crackle,ambiguous,-1.3876,fraiwan,2,True,79,93,Crackle,True,0.4,Crackle,True,1.0,Crackle,True,0.2,Crackle,True,0.2,Crackle,True,Crackle,True,https://simile-xai-audio.s3.ap-southeast-2.amazonaws.com/data_v8_1/lung/audio/fraiwan_287.wav,data/processed/UnifiedLungSymptomDataset/audio/fraiwan_287.wav,,,,
lung,sprsound_40985693_3.4_0_p2_8627_1,Crackle,ambiguous,-2.1921,sprsound,1,False,7,93,Normal,False,0.2,Normal,False,0.0,Normal,False,0.0,Normal,False,0.0,Crackle,True,Normal,False,https://simile-xai-audio.s3.ap-southeast-2.amazonaws.com/data_v8_1/lung/audio/sprsound_40985693_3.4_0_p2_8627_1.wav,data/processed/UnifiedLungSymptomDataset/audio/sprsound_40985693_3.4_0_p2_8627_1.wav,,,,
lung,hflung_steth_20190711_13_43_08_7,Crackle,ambiguous,-2.0188,hflung,3,True,1,93,Wheeze,False,0.0,Stridor,False,0.0,Wheeze,False,0.0,Wheeze,False,0.0,Crackle,True,Crackle,True,https://simile-xai-audio.s3.ap-southeast-2.amazonaws.com/data_v8_1/lung/audio/hflung_steth_20190711_13_43_08_7.wav,data/processed/UnifiedLungSymptomDataset/audio/hflung_steth_20190711_13_43_08_7.wav,,,,
lung,icbhi_207_2b3_Al_mc_AKGC417L_1,Crackle,ambiguous,-1.923,icbhi,1,False,63,93,Crackle,True,0.0,Crackle,True,0.0,Crackle,True,0.4,Crackle,True,0.2,Normal,False,Normal,False,https://simile-xai-audio.s3.ap-southeast-2.amazonaws.com/data_v8_1/lung/audio/icbhi_207_2b3_Al_mc_AKGC417L_1.wav,data/processed/UnifiedLungSymptomDataset/audio/icbhi_207_2b3_Al_mc_AKGC417L_1.wav,,,,
lung,fraiwan_277,Crackle,ambiguous,-1.2706,fraiwan,2,True,84,93,Crackle,True,0.4,Crackle,True,0.4,Crackle,True,0.2,Crackle,True,0.4,Crackle,True,Wheeze,False,https://simile-xai-audio.s3.ap-southeast-2.amazonaws.com/data_v8_1/lung/audio/fraiwan_277.wav,data/processed/UnifiedLungSymptomDataset/audio/fraiwan_277.wav,,,,
lung,sprsound_41263533_6.8_1_p4_884_2,Crackle,ambiguous,-2.1442,sprsound,1,False,4,93,Normal,False,0.0,Normal,False,0.0,Normal,False,0.0,Normal,False,0.0,Normal,False,Normal,False,https://simile-xai-audio.s3.ap-southeast-2.amazonaws.com/data_v8_1/lung/audio/sprsound_41263533_6.8_1_p4_884_2.wav,data/processed/UnifiedLungSymptomDataset/audio/sprsound_41263533_6.8_1_p4_884_2.wav,,,,
lung,hflung_steth_20190616_14_35_27_6,Crackle,ambiguous,-1.9982,hflung,3,True,27,93,Wheeze,False,0.0,Wheeze,False,0.0,Wheeze,False,0.0,Wheeze,False,0.0,Crackle,True,Wheeze,False,https://simile-xai-audio.s3.ap-southeast-2.amazonaws.com/data_v8_1/lung/audio/hflung_steth_20190616_14_35_27_6.wav,data/processed/UnifiedLungSymptomDataset/audio/hflung_steth_20190616_14_35_27_6.wav,,,,
lung,icbhi_156_8b3_Pl_mc_AKGC417L_5,Crackle,ambiguous,-1.9141,icbhi,1,False,0,93,Wheeze,False,0.0,Wheeze,False,0.0,Wheeze,False,0.0,Wheeze,False,0.0,Normal,False,Normal,False,https://simile-xai-audio.s3.ap-southeast-2.amazonaws.com/data_v8_1/lung/audio/icbhi_156_8b3_Pl_mc_AKGC417L_5.wav,data/processed/UnifiedLungSymptomDataset/audio/icbhi_156_8b3_Pl_mc_AKGC417L_5.wav,,,,
lung,sprsound_41186340_6.6_0_p2_2701_3,Crackle,borderline,-0.305,sprsound,1,False,92,93,Crackle,True,0.8,Crackle,True,1.0,Crackle,True,0.8,Crackle,True,1.0,Crackle,True,Crackle,True,https://simile-xai-audio.s3.ap-southeast-2.amazonaws.com/data_v8_1/lung/audio/sprsound_41186340_6.6_0_p2_2701_3.wav,data/processed/UnifiedLungSymptomDataset/audio/sprsound_41186340_6.6_0_p2_2701_3.wav,,,,
lung,hflung_trunc_2019-06-23-10-32-54-L1_0_6,Crackle,borderline,-0.305,hflung,3,True,88,93,Crackle,True,0.6,Crackle,True,0.6,Crackle,True,0.2,Crackle,True,0.2,Crackle,True,Crackle,True,https://simile-xai-audio.s3.ap-southeast-2.amazonaws.com/data_v8_1/lung/audio/hflung_trunc_2019-06-23-10-32-54-L1_0_6.wav,data/processed/UnifiedLungSymptomDataset/audio/hflung_trunc_2019-06-23-10-32-54-L1_0_6.wav,,,,
lung,icbhi_156_2b3_Pr_mc_AKGC417L_3,Crackle,borderline,-0.3001,icbhi,1,False,58,93,Crackle,True,0.6,Crackle,True,0.6,Crackle,True,0.4,Crackle,True,0.2,Wheeze,False,Normal,False,https://simile-xai-audio.s3.ap-southeast-2.amazonaws.com/data_v8_1/lung/audio/icbhi_156_2b3_Pr_mc_AKGC417L_3.wav,data/processed/UnifiedLungSymptomDataset/audio/icbhi_156_2b3_Pr_mc_AKGC417L_3.wav,,,,
lung,fraiwan_218,Crackle,borderline,-0.2989,fraiwan,2,True,90,93,Crackle,True,0.4,Crackle,True,0.6,Crackle,True,0.2,Crackle,True,0.4,Crackle,True,Crackle,True,https://simile-xai-audio.s3.ap-southeast-2.amazonaws.com/data_v8_1/lung/audio/fraiwan_218.wav,data/processed/UnifiedLungSymptomDataset/audio/fraiwan_218.wav,,,,
lung,sprsound_41186340_6.6_0_p2_2701_4,Crackle,borderline,-0.305,sprsound,1,False,92,93,Crackle,True,0.8,Crackle,True,1.0,Crackle,True,0.8,Crackle,True,1.0,Crackle,True,Crackle,True,https://simile-xai-audio.s3.ap-southeast-2.amazonaws.com/data_v8_1/lung/audio/sprsound_41186340_6.6_0_p2_2701_4.wav,data/processed/UnifiedLungSymptomDataset/audio/sprsound_41186340_6.6_0_p2_2701_4.wav,,,,
lung,hflung_steth_20190423_14_35_59_16,Crackle,borderline,-0.3043,hflung,3,True,93,93,Crackle,True,1.0,Crackle,True,1.0,Crackle,True,1.0,Crackle,True,0.8,Crackle,True,Crackle,True,https://simile-xai-audio.s3.ap-southeast-2.amazonaws.com/data_v8_1/lung/audio/hflung_steth_20190423_14_35_59_16.wav,data/processed/UnifiedLungSymptomDataset/audio/hflung_steth_20190423_14_35_59_16.wav,,,,
lung,icbhi_166_1p1_Pl_sc_Meditron_23,Crackle,borderline,-0.3,icbhi,1,False,91,93,Crackle,True,0.6,Crackle,True,1.0,Crackle,True,0.8,Crackle,True,0.6,Crackle,True,Normal,False,https://simile-xai-audio.s3.ap-southeast-2.amazonaws.com/data_v8_1/lung/audio/icbhi_166_1p1_Pl_sc_Meditron_23.wav,data/processed/UnifiedLungSymptomDataset/audio/icbhi_166_1p1_Pl_sc_Meditron_23.wav,,,,
lung,sprsound_41161556_1.7_0_p3_2345_2,Crackle,borderline,-0.2978,sprsound,1,False,93,93,Crackle,True,1.0,Crackle,True,1.0,Crackle,True,0.6,Crackle,True,0.6,Crackle,True,Crackle,True,https://simile-xai-audio.s3.ap-southeast-2.amazonaws.com/data_v8_1/lung/audio/sprsound_41161556_1.7_0_p3_2345_2.wav,data/processed/UnifiedLungSymptomDataset/audio/sprsound_41161556_1.7_0_p3_2345_2.wav,,,,
lung,hflung_steth_20181031_13_42_35_6,Crackle,borderline,-0.2988,hflung,3,True,55,93,Wheeze,False,0.0,Wheeze,False,0.4,Crackle,True,0.4,Crackle,True,0.2,Wheeze,False,Crackle,True,https://simile-xai-audio.s3.ap-southeast-2.amazonaws.com/data_v8_1/lung/audio/hflung_steth_20181031_13_42_35_6.wav,data/processed/UnifiedLungSymptomDataset/audio/hflung_steth_20181031_13_42_35_6.wav,,,,
lung,icbhi_156_5b3_Ll_mc_AKGC417L_7,Crackle,borderline,-0.2757,icbhi,1,False,22,93,Normal,False,0.4,Crackle,True,0.0,Crackle,True,0.2,Crackle,True,0.4,Crackle,True,Normal,False,https://simile-xai-audio.s3.ap-southeast-2.amazonaws.com/data_v8_1/lung/audio/icbhi_156_5b3_Ll_mc_AKGC417L_7.wav,data/processed/UnifiedLungSymptomDataset/audio/icbhi_156_5b3_Ll_mc_AKGC417L_7.wav,,,,
lung,sprsound_41161556_1.7_0_p3_2345_0,Crackle,borderline,-0.2886,sprsound,1,False,93,93,Crackle,True,0.8,Crackle,True,0.8,Crackle,True,0.6,Crackle,True,0.6,Crackle,True,Crackle,True,https://simile-xai-audio.s3.ap-southeast-2.amazonaws.com/data_v8_1/lung/audio/sprsound_41161556_1.7_0_p3_2345_0.wav,data/processed/UnifiedLungSymptomDataset/audio/sprsound_41161556_1.7_0_p3_2345_0.wav,,,,
lung,hflung_trunc_2019-05-07-14-16-16-L6_4_2,Crackle,borderline,-0.2979,hflung,3,True,41,93,Wheeze,False,0.0,Crackle,True,0.2,Wheeze,False,0.0,Wheeze,False,0.0,Crackle,True,Crackle,True,https://simile-xai-audio.s3.ap-southeast-2.amazonaws.com/data_v8_1/lung/audio/hflung_trunc_2019-05-07-14-16-16-L6_4_2.wav,data/processed/UnifiedLungSymptomDataset/audio/hflung_trunc_2019-05-07-14-16-16-L6_4_2.wav,,,,
lung,icbhi_166_1p1_Ll_sc_Meditron_5,Crackle,borderline,-0.2432,icbhi,1,False,92,93,Crackle,True,1.0,Crackle,True,1.0,Crackle,True,0.8,Crackle,True,0.8,Crackle,True,Crackle,True,https://simile-xai-audio.s3.ap-southeast-2.amazonaws.com/data_v8_1/lung/audio/icbhi_166_1p1_Ll_sc_Meditron_5.wav,data/processed/UnifiedLungSymptomDataset/audio/icbhi_166_1p1_Ll_sc_Meditron_5.wav,,,,
lung,sprsound_41187871_3.8_1_p2_3257_3,Crackle,borderline,-0.2883,sprsound,1,False,93,93,Crackle,True,1.0,Crackle,True,1.0,Crackle,True,0.8,Crackle,True,0.8,Crackle,True,Crackle,True,https://simile-xai-audio.s3.ap-southeast-2.amazonaws.com/data_v8_1/lung/audio/sprsound_41187871_3.8_1_p2_3257_3.wav,data/processed/UnifiedLungSymptomDataset/audio/sprsound_41187871_3.8_1_p2_3257_3.wav,,,,
lung,hflung_steth_20181114_09_19_52_6,Crackle,borderline,-0.2978,hflung,3,True,86,93,Crackle,True,0.4,Crackle,True,0.8,Crackle,True,0.4,Crackle,True,0.2,Crackle,True,Crackle,True,https://simile-xai-audio.s3.ap-southeast-2.amazonaws.com/data_v8_1/lung/audio/hflung_steth_20181114_09_19_52_6.wav,data/processed/UnifiedLungSymptomDataset/audio/hflung_steth_20181114_09_19_52_6.wav,,,,
lung,hflung_steth_20190811_10_30_47_7,Crackle,clear,1.103,hflung,3,True,93,93,Crackle,True,1.0,Crackle,True,1.0,Crackle,True,0.8,Crackle,True,1.0,Crackle,True,Crackle,True,https://simile-xai-audio.s3.ap-southeast-2.amazonaws.com/data_v8_1/lung/audio/hflung_steth_20190811_10_30_47_7.wav,data/processed/UnifiedLungSymptomDataset/audio/hflung_steth_20190811_10_30_47_7.wav,,,,
lung,sprsound_41161556_1.7_0_p4_3098_3,Crackle,clear,0.79,sprsound,1,False,93,93,Crackle,True,1.0,Crackle,True,1.0,Crackle,True,0.8,Crackle,True,0.8,Crackle,True,Crackle,True,https://simile-xai-audio.s3.ap-southeast-2.amazonaws.com/data_v8_1/lung/audio/sprsound_41161556_1.7_0_p4_3098_3.wav,data/processed/UnifiedLungSymptomDataset/audio/sprsound_41161556_1.7_0_p4_3098_3.wav,,,,
lung,icbhi_166_1p1_Pl_sc_Meditron_19,Crackle,clear,0.6247,icbhi,1,False,92,93,Crackle,True,0.8,Crackle,True,1.0,Crackle,True,0.6,Crackle,True,0.6,Crackle,True,Crackle,True,https://simile-xai-audio.s3.ap-southeast-2.amazonaws.com/data_v8_1/lung/audio/icbhi_166_1p1_Pl_sc_Meditron_19.wav,data/processed/UnifiedLungSymptomDataset/audio/icbhi_166_1p1_Pl_sc_Meditron_19.wav,,,,
lung,fraiwan_11,Crackle,clear,0.5393,fraiwan,2,True,59,93,Crackle,True,0.6,Crackle,True,1.0,Crackle,True,0.4,Crackle,True,0.4,Crackle,True,Crackle,True,https://simile-xai-audio.s3.ap-southeast-2.amazonaws.com/data_v8_1/lung/audio/fraiwan_11.wav,data/processed/UnifiedLungSymptomDataset/audio/fraiwan_11.wav,,,,
lung,hflung_trunc_2019-05-07-16-03-02-L2_10_1,Crackle,clear,1.0396,hflung,3,True,93,93,Crackle,True,1.0,Crackle,True,0.8,Crackle,True,0.4,Crackle,True,0.4,Crackle,True,Crackle,True,https://simile-xai-audio.s3.ap-southeast-2.amazonaws.com/data_v8_1/lung/audio/hflung_trunc_2019-05-07-16-03-02-L2_10_1.wav,data/processed/UnifiedLungSymptomDataset/audio/hflung_trunc_2019-05-07-16-03-02-L2_10_1.wav,,,,
lung,sprsound_41091768_7.7_0_p1_853_2,Crackle,clear,0.6477,sprsound,1,False,93,93,Crackle,True,0.6,Crackle,True,0.2,Crackle,True,0.6,Crackle,True,0.6,Crackle,True,Crackle,True,https://simile-xai-audio.s3.ap-southeast-2.amazonaws.com/data_v8_1/lung/audio/sprsound_41091768_7.7_0_p1_853_2.wav,data/processed/UnifiedLungSymptomDataset/audio/sprsound_41091768_7.7_0_p1_853_2.wav,,,,
lung,icbhi_166_1p1_Al_sc_Meditron_13,Crackle,clear,0.5249,icbhi,1,False,59,93,Normal,False,0.4,Crackle,True,0.4,Crackle,True,0.4,Crackle,True,0.4,Normal,False,Normal,False,https://simile-xai-audio.s3.ap-southeast-2.amazonaws.com/data_v8_1/lung/audio/icbhi_166_1p1_Al_sc_Meditron_13.wav,data/processed/UnifiedLungSymptomDataset/audio/icbhi_166_1p1_Al_sc_Meditron_13.wav,,,,
lung,hflung_trunc_2019-05-07-16-03-02-L2_10_3,Crackle,clear,1.0396,hflung,3,True,93,93,Crackle,True,1.0,Crackle,True,0.8,Crackle,True,0.4,Crackle,True,0.4,Crackle,True,Crackle,True,https://simile-xai-audio.s3.ap-southeast-2.amazonaws.com/data_v8_1/lung/audio/hflung_trunc_2019-05-07-16-03-02-L2_10_3.wav,data/processed/UnifiedLungSymptomDataset/audio/hflung_trunc_2019-05-07-16-03-02-L2_10_3.wav,,,,
lung,sprsound_41263355_3.4_0_p4_972_1,Crackle,clear,0.6057,sprsound,1,False,93,93,Crackle,True,1.0,Crackle,True,1.0,Crackle,True,0.8,Crackle,True,0.8,Crackle,True,Crackle,True,https://simile-xai-audio.s3.ap-southeast-2.amazonaws.com/data_v8_1/lung/audio/sprsound_41263355_3.4_0_p4_972_1.wav,data/processed/UnifiedLungSymptomDataset/audio/sprsound_41263355_3.4_0_p4_972_1.wav,,,,
lung,icbhi_156_5b3_Ll_mc_AKGC417L_6,Crackle,clear,0.3382,icbhi,1,False,6,93,Normal,False,0.0,Crackle,True,0.0,Crackle,True,0.2,Normal,False,0.4,Normal,False,Normal,False,https://simile-xai-audio.s3.ap-southeast-2.amazonaws.com/data_v8_1/lung/audio/icbhi_156_5b3_Ll_mc_AKGC417L_6.wav,data/processed/UnifiedLungSymptomDataset/audio/icbhi_156_5b3_Ll_mc_AKGC417L_6.wav,,,,
lung,hflung_trunc_2019-07-17-11-06-06-L2_9_17,Crackle,clear,1.0176,hflung,3,True,92,93,Crackle,True,0.8,Crackle,True,0.4,Crackle,True,0.4,Crackle,True,0.4,Crackle,True,Crackle,True,https://simile-xai-audio.s3.ap-southeast-2.amazonaws.com/data_v8_1/lung/audio/hflung_trunc_2019-07-17-11-06-06-L2_9_17.wav,data/processed/UnifiedLungSymptomDataset/audio/hflung_trunc_2019-07-17-11-06-06-L2_9_17.wav,,,,
lung,sprsound_41267028_0.3_0_p2_2642_1,Crackle,clear,0.5779,sprsound,1,False,93,93,Crackle,True,0.8,Crackle,True,1.0,Crackle,True,0.6,Crackle,True,0.6,Crackle,True,Crackle,True,https://simile-xai-audio.s3.ap-southeast-2.amazonaws.com/data_v8_1/lung/audio/sprsound_41267028_0.3_0_p2_2642_1.wav,data/processed/UnifiedLungSymptomDataset/audio/sprsound_41267028_0.3_0_p2_2642_1.wav,,,,
lung,hflung_trunc_2019-07-17-11-06-06-L2_9_15,Crackle,clear,1.0176,hflung,3,True,92,93,Crackle,True,0.8,Crackle,True,0.4,Crackle,True,0.4,Crackle,True,0.4,Crackle,True,Crackle,True,https://simile-xai-audio.s3.ap-southeast-2.amazonaws.com/data_v8_1/lung/audio/hflung_trunc_2019-07-17-11-06-06-L2_9_15.wav,data/processed/UnifiedLungSymptomDataset/audio/hflung_trunc_2019-07-17-11-06-06-L2_9_15.wav,,,,
lung,sprsound_41161556_1.7_0_p4_3098_5,Crackle,clear,0.5686,sprsound,1,False,77,93,Crackle,True,0.8,Crackle,True,0.0,Crackle,True,0.6,Crackle,True,0.4,Crackle,True,Crackle,True,https://simile-xai-audio.s3.ap-southeast-2.amazonaws.com/data_v8_1/lung/audio/sprsound_41161556_1.7_0_p4_3098_5.wav,data/processed/UnifiedLungSymptomDataset/audio/sprsound_41161556_1.7_0_p4_3098_5.wav,,,,
lung,hflung_trunc_2019-05-07-16-03-02-L2_10_5,Crackle,clear,1.0131,hflung,3,True,93,93,Crackle,True,1.0,Crackle,True,0.8,Crackle,True,0.6,Crackle,True,0.6,Crackle,True,Crackle,True,https://simile-xai-audio.s3.ap-southeast-2.amazonaws.com/data_v8_1/lung/audio/hflung_trunc_2019-05-07-16-03-02-L2_10_5.wav,data/processed/UnifiedLungSymptomDataset/audio/hflung_trunc_2019-05-07-16-03-02-L2_10_5.wav,,,,
lung,icbhi_166_1p1_Ll_sc_Meditron_24,Normal,ambiguous,-2.1386,icbhi,1,False,56,93,Normal,True,0.6,Normal,True,0.8,Normal,True,0.8,Normal,True,0.4,Normal,True,Normal,True,https://simile-xai-audio.s3.ap-southeast-2.amazonaws.com/data_v8_1/lung/audio/icbhi_166_1p1_Ll_sc_Meditron_24.wav,data/processed/UnifiedLungSymptomDataset/audio/icbhi_166_1p1_Ll_sc_Meditron_24.wav,,,,
lung,sprsound_65106469_0.7_0_p4_4253_0,Normal,ambiguous,-1.5419,sprsound,1,False,3,93,Crackle,False,0.0,Crackle,False,0.2,Crackle,False,0.0,Crackle,False,0.0,Normal,True,Normal,True,https://simile-xai-audio.s3.ap-southeast-2.amazonaws.com/data_v8_1/lung/audio/sprsound_65106469_0.7_0_p4_4253_0.wav,data/processed/UnifiedLungSymptomDataset/audio/sprsound_65106469_0.7_0_p4_4253_0.wav,,,,
lung,fraiwan_219,Normal,ambiguous,-1.3887,fraiwan,2,True,4,93,Crackle,False,0.0,Crackle,False,0.0,Crackle,False,0.4,Crackle,False,0.0,Crackle,False,Normal,True,https://simile-xai-audio.s3.ap-southeast-2.amazonaws.com/data_v8_1/lung/audio/fraiwan_219.wav,data/processed/UnifiedLungSymptomDataset/audio/fraiwan_219.wav,,,,
lung,icbhi_166_1p1_Ar_sc_Meditron_15,Normal,ambiguous,-2.0099,icbhi,1,False,21,93,Crackle,False,0.0,Crackle,False,0.6,Crackle,False,0.2,Crackle,False,0.2,Crackle,False,Normal,True,https://simile-xai-audio.s3.ap-southeast-2.amazonaws.com/data_v8_1/lung/audio/icbhi_166_1p1_Ar_sc_Meditron_15.wav,data/processed/UnifiedLungSymptomDataset/audio/icbhi_166_1p1_Ar_sc_Meditron_15.wav,,,,
lung,sprsound_64743918_7.0_0_p1_2518_0,Normal,ambiguous,-1.5159,sprsound,1,False,1,93,Wheeze,False,0.0,Wheeze,False,0.2,Wheeze,False,0.0,Wheeze,False,0.0,Wheeze,False,Wheeze,False,https://simile-xai-audio.s3.ap-southeast-2.amazonaws.com/data_v8_1/lung/audio/sprsound_64743918_7.0_0_p1_2518_0.wav,data/processed/UnifiedLungSymptomDataset/audio/sprsound_64743918_7.0_0_p1_2518_0.wav,,,,
lung,fraiwan_332,Normal,ambiguous,-1.2274,fraiwan,2,True,11,93,Crackle,False,0.0,Crackle,False,0.0,Crackle,False,0.2,Crackle,False,0.0,Normal,True,Normal,True,https://simile-xai-audio.s3.ap-southeast-2.amazonaws.com/data_v8_1/lung/audio/fraiwan_332.wav,data/processed/UnifiedLungSymptomDataset/audio/fraiwan_332.wav,,,,
lung,icbhi_166_1p1_Al_sc_Meditron_12,Normal,ambiguous,-1.9246,icbhi,1,False,26,93,Crackle,False,0.0,Crackle,False,0.8,Crackle,False,0.2,Crackle,False,0.6,Normal,True,Normal,True,https://simile-xai-audio.s3.ap-southeast-2.amazonaws.com/data_v8_1/lung/audio/icbhi_166_1p1_Al_sc_Meditron_12.wav,data/processed/UnifiedLungSymptomDataset/audio/icbhi_166_1p1_Al_sc_Meditron_12.wav,,,,
lung,sprsound_64783073_1.3_0_p3_3282_4,Normal,ambiguous,-1.3286,sprsound,1,False,3,93,Wheeze,False,0.0,Wheeze,False,0.2,Wheeze,False,0.0,Wheeze,False,0.0,Crackle,False,Normal,True,https://simile-xai-audio.s3.ap-southeast-2.amazonaws.com/data_v8_1/lung/audio/sprsound_64783073_1.3_0_p3_3282_4.wav,data/processed/UnifiedLungSymptomDataset/audio/sprsound_64783073_1.3_0_p3_3282_4.wav,,,,
lung,fraiwan_56,Normal,ambiguous,-1.0319,fraiwan,2,True,87,93,Normal,True,0.0,Normal,True,1.0,Wheeze,False,0.2,Normal,True,0.4,Normal,True,Normal,True,https://simile-xai-audio.s3.ap-southeast-2.amazonaws.com/data_v8_1/lung/audio/fraiwan_56.wav,data/processed/UnifiedLungSymptomDataset/audio/fraiwan_56.wav,,,,
lung,icbhi_166_1p1_Ll_sc_Meditron_23,Normal,ambiguous,-1.8699,icbhi,1,False,61,93,Normal,True,0.4,Normal,True,0.8,Normal,True,0.8,Crackle,False,0.6,Normal,True,Crackle,False,https://simile-xai-audio.s3.ap-southeast-2.amazonaws.com/data_v8_1/lung/audio/icbhi_166_1p1_Ll_sc_Meditron_23.wav,data/processed/UnifiedLungSymptomDataset/audio/icbhi_166_1p1_Ll_sc_Meditron_23.wav,,,,
lung,sprsound_64743918_7.0_0_p2_2566_0,Normal,ambiguous,-1.3054,sprsound,1,False,3,93,Wheeze,False,0.0,Crackle,False,0.8,Crackle,False,0.2,Crackle,False,0.4,Normal,True,Wheeze,False,https://simile-xai-audio.s3.ap-southeast-2.amazonaws.com/data_v8_1/lung/audio/sprsound_64743918_7.0_0_p2_2566_0.wav,data/processed/UnifiedLungSymptomDataset/audio/sprsound_64743918_7.0_0_p2_2566_0.wav,,,,
lung,fraiwan_313,Normal,ambiguous,-0.7567,fraiwan,2,True,76,93,Crackle,False,0.0,Crackle,False,0.2,Crackle,False,0.2,Crackle,False,0.4,Normal,True,Normal,True,https://simile-xai-audio.s3.ap-southeast-2.amazonaws.com/data_v8_1/lung/audio/fraiwan_313.wav,data/processed/UnifiedLungSymptomDataset/audio/fraiwan_313.wav,,,,
lung,icbhi_208_1b1_Ll_sc_Meditron_7,Normal,ambiguous,-1.8307,icbhi,1,False,86,93,Crackle,False,0.2,Crackle,False,0.8,Crackle,False,0.4,Crackle,False,0.4,Normal,True,Normal,True,https://simile-xai-audio.s3.ap-southeast-2.amazonaws.com/data_v8_1/lung/audio/icbhi_208_1b1_Ll_sc_Meditron_7.wav,data/processed/UnifiedLungSymptomDataset/audio/icbhi_208_1b1_Ll_sc_Meditron_7.wav,,,,
lung,sprsound_65066035_1.7_0_p2_1768_1,Normal,ambiguous,-1.0187,sprsound,1,False,2,93,Wheeze,False,0.0,Wheeze,False,0.2,Wheeze,False,0.0,Wheeze,False,0.0,Normal,True,Wheeze,False,https://simile-xai-audio.s3.ap-southeast-2.amazonaws.com/data_v8_1/lung/audio/sprsound_65066035_1.7_0_p2_1768_1.wav,data/processed/UnifiedLungSymptomDataset/audio/sprsound_65066035_1.7_0_p2_1768_1.wav,,,,
lung,fraiwan_53,Normal,ambiguous,-0.6897,fraiwan,2,True,2,93,Wheeze,False,0.0,Wheeze,False,0.2,Wheeze,False,0.0,Wheeze,False,0.0,Wheeze,False,Normal,True,https://simile-xai-audio.s3.ap-southeast-2.amazonaws.com/data_v8_1/lung/audio/fraiwan_53.wav,data/processed/UnifiedLungSymptomDataset/audio/fraiwan_53.wav,,,,
lung,sprsound_64070366_5.0_1_p4_5371_5,Normal,borderline,0.7477,sprsound,1,False,91,93,Normal,True,0.6,Normal,True,0.8,Normal,True,0.6,Normal,True,0.8,Normal,True,Normal,True,https://simile-xai-audio.s3.ap-southeast-2.amazonaws.com/data_v8_1/lung/audio/sprsound_64070366_5.0_1_p4_5371_5.wav,data/processed/UnifiedLungSymptomDataset/audio/sprsound_64070366_5.0_1_p4_5371_5.wav,,,,
lung,icbhi_187_1b1_Ll_sc_Meditron_13,Normal,borderline,0.7592,icbhi,1,False,92,93,Normal,True,0.0,Normal,True,0.8,Crackle,False,0.2,Crackle,False,0.4,Normal,True,Normal,True,https://simile-xai-audio.s3.ap-southeast-2.amazonaws.com/data_v8_1/lung/audio/icbhi_187_1b1_Ll_sc_Meditron_13.wav,data/processed/UnifiedLungSymptomDataset/audio/icbhi_187_1b1_Ll_sc_Meditron_13.wav,,,,
lung,fraiwan_146,Normal,borderline,0.8542,fraiwan,2,True,61,93,Normal,True,0.6,Normal,True,0.8,Normal,True,0.6,Normal,True,0.6,Normal,True,Crackle,False,https://simile-xai-audio.s3.ap-southeast-2.amazonaws.com/data_v8_1/lung/audio/fraiwan_146.wav,data/processed/UnifiedLungSymptomDataset/audio/fraiwan_146.wav,,,,
lung,sprsound_65106469_0.7_0_p3_4251_2,Normal,borderline,0.7483,sprsound,1,False,89,93,Normal,True,1.0,Normal,True,1.0,Normal,True,0.8,Normal,True,0.8,Normal,True,Normal,True,https://simile-xai-audio.s3.ap-southeast-2.amazonaws.com/data_v8_1/lung/audio/sprsound_65106469_0.7_0_p3_4251_2.wav,data/processed/UnifiedLungSymptomDataset/audio/sprsound_65106469_0.7_0_p3_4251_2.wav,,,,
lung,icbhi_115_1b1_Ar_sc_Meditron_8,Normal,borderline,0.7694,icbhi,1,False,92,93,Normal,True,0.6,Normal,True,0.8,Normal,True,0.4,Normal,True,0.6,Normal,True,Normal,True,https://simile-xai-audio.s3.ap-southeast-2.amazonaws.com/data_v8_1/lung/audio/icbhi_115_1b1_Ar_sc_Meditron_8.wav,data/processed/UnifiedLungSymptomDataset/audio/icbhi_115_1b1_Ar_sc_Meditron_8.wav,,,,
lung,sprsound_41187871_3.8_1_p4_3255_4,Normal,borderline,0.749,sprsound,1,False,92,93,Normal,True,0.0,Normal,True,0.8,Normal,True,0.6,Normal,True,0.6,Normal,True,Normal,True,https://simile-xai-audio.s3.ap-southeast-2.amazonaws.com/data_v8_1/lung/audio/sprsound_41187871_3.8_1_p4_3255_4.wav,data/processed/UnifiedLungSymptomDataset/audio/sprsound_41187871_3.8_1_p4_3255_4.wav,,,,
lung,icbhi_187_1b1_Ll_sc_Meditron_10,Normal,borderline,0.777,icbhi,1,False,92,93,Normal,True,0.4,Normal,True,1.0,Normal,True,0.6,Normal,True,0.6,Normal,True,Normal,True,https://simile-xai-audio.s3.ap-southeast-2.amazonaws.com/data_v8_1/lung/audio/icbhi_187_1b1_Ll_sc_Meditron_10.wav,data/processed/UnifiedLungSymptomDataset/audio/icbhi_187_1b1_Ll_sc_Meditron_10.wav,,,,
lung,sprsound_66336391_3.3_0_p2_7968_2,Normal,borderline,0.7494,sprsound,1,False,91,93,Normal,True,1.0,Normal,True,0.8,Normal,True,1.0,Normal,True,1.0,Normal,True,Normal,True,https://simile-xai-audio.s3.ap-southeast-2.amazonaws.com/data_v8_1/lung/audio/sprsound_66336391_3.3_0_p2_7968_2.wav,data/processed/UnifiedLungSymptomDataset/audio/sprsound_66336391_3.3_0_p2_7968_2.wav,,,,
lung,icbhi_115_1b1_Ar_sc_Meditron_3,Normal,borderline,0.7882,icbhi,1,False,93,93,Normal,True,0.6,Normal,True,0.8,Normal,True,0.8,Normal,True,0.6,Normal,True,Normal,True,https://simile-xai-audio.s3.ap-southeast-2.amazonaws.com/data_v8_1/lung/audio/icbhi_115_1b1_Ar_sc_Meditron_3.wav,data/processed/UnifiedLungSymptomDataset/audio/icbhi_115_1b1_Ar_sc_Meditron_3.wav,,,,
lung,sprsound_41200159_7.3_0_p1_11462_2,Normal,borderline,0.7521,sprsound,1,False,27,93,Crackle,False,0.4,Crackle,False,0.8,Crackle,False,0.4,Crackle,False,0.4,Normal,True,Crackle,False,https://simile-xai-audio.s3.ap-southeast-2.amazonaws.com/data_v8_1/lung/audio/sprsound_41200159_7.3_0_p1_11462_2.wav,data/processed/UnifiedLungSymptomDataset/audio/sprsound_41200159_7.3_0_p1_11462_2.wav,,,,
lung,icbhi_115_1b1_Ar_sc_Meditron_10,Normal,borderline,0.8076,icbhi,1,False,55,93,Wheeze,False,0.0,Wheeze,False,0.4,Wheeze,False,0.0,Normal,True,0.2,Normal,True,Normal,True,https://simile-xai-audio.s3.ap-southeast-2.amazonaws.com/data_v8_1/lung/audio/icbhi_115_1b1_Ar_sc_Meditron_10.wav,data/processed/UnifiedLungSymptomDataset/audio/icbhi_115_1b1_Ar_sc_Meditron_10.wav,,,,
lung,sprsound_40638274_9.7_1_p3_1708_2,Normal,borderline,0.7528,sprsound,1,False,92,93,Normal,True,0.8,Normal,True,0.6,Normal,True,1.0,Normal,True,0.8,Normal,True,Normal,True,https://simile-xai-audio.s3.ap-southeast-2.amazonaws.com/data_v8_1/lung/audio/sprsound_40638274_9.7_1_p3_1708_2.wav,data/processed/UnifiedLungSymptomDataset/audio/sprsound_40638274_9.7_1_p3_1708_2.wav,,,,
lung,icbhi_115_1b1_Ar_sc_Meditron_5,Normal,borderline,0.8081,icbhi,1,False,93,93,Normal,True,0.4,Normal,True,0.8,Crackle,False,0.4,Crackle,False,0.6,Normal,True,Normal,True,https://simile-xai-audio.s3.ap-southeast-2.amazonaws.com/data_v8_1/lung/audio/icbhi_115_1b1_Ar_sc_Meditron_5.wav,data/processed/UnifiedLungSymptomDataset/audio/icbhi_115_1b1_Ar_sc_Meditron_5.wav,,,,
lung,sprsound_40638274_9.7_1_p3_1708_1,Normal,borderline,0.7528,sprsound,1,False,92,93,Normal,True,0.8,Normal,True,0.6,Normal,True,1.0,Normal,True,0.8,Normal,True,Normal,True,https://simile-xai-audio.s3.ap-southeast-2.amazonaws.com/data_v8_1/lung/audio/sprsound_40638274_9.7_1_p3_1708_1.wav,data/processed/UnifiedLungSymptomDataset/audio/sprsound_40638274_9.7_1_p3_1708_1.wav,,,,
lung,icbhi_187_1b1_Ll_sc_Meditron_15,Normal,borderline,0.8409,icbhi,1,False,90,93,Normal,True,0.4,Normal,True,0.8,Crackle,False,0.6,Normal,True,0.6,Normal,True,Normal,True,https://simile-xai-audio.s3.ap-southeast-2.amazonaws.com/data_v8_1/lung/audio/icbhi_187_1b1_Ll_sc_Meditron_15.wav,data/processed/UnifiedLungSymptomDataset/audio/icbhi_187_1b1_Ll_sc_Meditron_15.wav,,,,
lung,sprsound_66329061_9.9_0_p3_6593_5,Normal,clear,1.3455,sprsound,1,False,92,93,Normal,True,1.0,Normal,True,0.4,Normal,True,1.0,Normal,True,1.0,Normal,True,Normal,True,https://simile-xai-audio.s3.ap-southeast-2.amazonaws.com/data_v8_1/lung/audio/sprsound_66329061_9.9_0_p3_6593_5.wav,data/processed/UnifiedLungSymptomDataset/audio/sprsound_66329061_9.9_0_p3_6593_5.wav,,,,
lung,icbhi_116_1b2_Pl_sc_Meditron_3,Normal,clear,1.1384,icbhi,1,False,92,93,Normal,True,0.8,Normal,True,0.8,Crackle,False,0.6,Normal,True,0.4,Normal,True,Crackle,False,https://simile-xai-audio.s3.ap-southeast-2.amazonaws.com/data_v8_1/lung/audio/icbhi_116_1b2_Pl_sc_Meditron_3.wav,data/processed/UnifiedLungSymptomDataset/audio/icbhi_116_1b2_Pl_sc_Meditron_3.wav,,,,
lung,sprsound_66329061_9.9_0_p3_6593_4,Normal,clear,1.3446,sprsound,1,False,92,93,Normal,True,1.0,Normal,True,0.2,Normal,True,1.0,Normal,True,1.0,Normal,True,Normal,True,https://simile-xai-audio.s3.ap-southeast-2.amazonaws.com/data_v8_1/lung/audio/sprsound_66329061_9.9_0_p3_6593_4.wav,data/processed/UnifiedLungSymptomDataset/audio/sprsound_66329061_9.9_0_p3_6593_4.wav,,,,
lung,sprsound_66329061_9.9_0_p3_6593_0,Normal,clear,1.3443,sprsound,1,False,92,93,Normal,True,1.0,Normal,True,0.6,Normal,True,1.0,Normal,True,0.8,Normal,True,Normal,True,https://simile-xai-audio.s3.ap-southeast-2.amazonaws.com/data_v8_1/lung/audio/sprsound_66329061_9.9_0_p3_6593_0.wav,data/processed/UnifiedLungSymptomDataset/audio/sprsound_66329061_9.9_0_p3_6593_0.wav,,,,
lung,sprsound_66434708_4.9_1_p4_12932_1,Normal,clear,1.3416,sprsound,1,False,92,93,Normal,True,0.8,Normal,True,1.0,Normal,True,1.0,Normal,True,0.8,Normal,True,Normal,True,https://simile-xai-audio.s3.ap-southeast-2.amazonaws.com/data_v8_1/lung/audio/sprsound_66434708_4.9_1_p4_12932_1.wav,data/processed/UnifiedLungSymptomDataset/audio/sprsound_66434708_4.9_1_p4_12932_1.wav,,,,
lung,sprsound_66403300_4.7_1_p2_11851_5,Normal,clear,1.3413,sprsound,1,False,92,93,Normal,True,0.8,Normal,True,0.4,Normal,True,1.0,Normal,True,1.0,Normal,True,Normal,True,https://simile-xai-audio.s3.ap-southeast-2.amazonaws.com/data_v8_1/lung/audio/sprsound_66403300_4.7_1_p2_11851_5.wav,data/processed/UnifiedLungSymptomDataset/audio/sprsound_66403300_4.7_1_p2_11851_5.wav,,,,
lung,sprsound_66328498_4.3_0_p4_6602_1,Normal,clear,1.3389,sprsound,1,False,93,93,Normal,True,0.8,Normal,True,0.6,Normal,True,0.8,Normal,True,0.8,Normal,True,Normal,True,https://simile-xai-audio.s3.ap-southeast-2.amazonaws.com/data_v8_1/lung/audio/sprsound_66328498_4.3_0_p4_6602_1.wav,data/processed/UnifiedLungSymptomDataset/audio/sprsound_66328498_4.3_0_p4_6602_1.wav,,,,
lung,sprsound_66419188_4.9_1_p2_12572_1,Normal,clear,1.3356,sprsound,1,False,93,93,Normal,True,0.8,Normal,True,0.4,Normal,True,0.8,Normal,True,1.0,Normal,True,Normal,True,https://simile-xai-audio.s3.ap-southeast-2.amazonaws.com/data_v8_1/lung/audio/sprsound_66419188_4.9_1_p2_12572_1.wav,data/processed/UnifiedLungSymptomDataset/audio/sprsound_66419188_4.9_1_p2_12572_1.wav,,,,
lung,sprsound_41279516_4.0_0_p1_5186_4,Normal,clear,1.333,sprsound,1,False,93,93,Normal,True,0.8,Normal,True,0.4,Normal,True,0.8,Normal,True,0.8,Normal,True,Normal,True,https://simile-xai-audio.s3.ap-southeast-2.amazonaws.com/data_v8_1/lung/audio/sprsound_41279516_4.0_0_p1_5186_4.wav,data/processed/UnifiedLungSymptomDataset/audio/sprsound_41279516_4.0_0_p1_5186_4.wav,,,,
lung,sprsound_41042359_9.0_1_p2_21901_1,Normal,clear,1.3269,sprsound,1,False,93,93,Normal,True,1.0,Normal,True,0.8,Normal,True,1.0,Normal,True,1.0,Normal,True,Normal,True,https://simile-xai-audio.s3.ap-southeast-2.amazonaws.com/data_v8_1/lung/audio/sprsound_41042359_9.0_1_p2_21901_1.wav,data/processed/UnifiedLungSymptomDataset/audio/sprsound_41042359_9.0_1_p2_21901_1.wav,,,,
lung,sprsound_64007452_4.6_0_p4_3034_2,Normal,clear,1.3223,sprsound,1,False,91,93,Normal,True,0.8,Normal,True,0.6,Normal,True,1.0,Normal,True,1.0,Normal,True,Normal,True,https://simile-xai-audio.s3.ap-southeast-2.amazonaws.com/data_v8_1/lung/audio/sprsound_64007452_4.6_0_p4_3034_2.wav,data/processed/UnifiedLungSymptomDataset/audio/sprsound_64007452_4.6_0_p4_3034_2.wav,,,,
lung,sprsound_41255551_4.5_0_p2_11683_2,Normal,clear,1.3222,sprsound,1,False,92,93,Normal,True,0.6,Normal,True,0.4,Normal,True,1.0,Normal,True,0.6,Normal,True,Normal,True,https://simile-xai-audio.s3.ap-southeast-2.amazonaws.com/data_v8_1/lung/audio/sprsound_41255551_4.5_0_p2_11683_2.wav,data/processed/UnifiedLungSymptomDataset/audio/sprsound_41255551_4.5_0_p2_11683_2.wav,,,,
lung,sprsound_66316273_0.9_1_p2_5705_0,Normal,clear,1.3214,sprsound,1,False,93,93,Normal,True,0.8,Normal,True,0.6,Normal,True,1.0,Normal,True,0.6,Normal,True,Normal,True,https://simile-xai-audio.s3.ap-southeast-2.amazonaws.com/data_v8_1/lung/audio/sprsound_66316273_0.9_1_p2_5705_0.wav,data/processed/UnifiedLungSymptomDataset/audio/sprsound_66316273_0.9_1_p2_5705_0.wav,,,,
lung,sprsound_40822278_5.7_1_p2_5688_6,Normal,clear,1.3201,sprsound,1,False,93,93,Normal,True,0.6,Normal,True,0.8,Normal,True,0.8,Normal,True,1.0,Normal,True,Normal,True,https://simile-xai-audio.s3.ap-southeast-2.amazonaws.com/data_v8_1/lung/audio/sprsound_40822278_5.7_1_p2_5688_6.wav,data/processed/UnifiedLungSymptomDataset/audio/sprsound_40822278_5.7_1_p2_5688_6.wav,,,,
lung,sprsound_41115029_8.3_0_p3_6110_2,Normal,clear,1.3187,sprsound,1,False,92,93,Normal,True,0.8,Normal,True,0.4,Normal,True,1.0,Normal,True,0.8,Normal,True,Normal,True,https://simile-xai-audio.s3.ap-southeast-2.amazonaws.com/data_v8_1/lung/audio/sprsound_41115029_8.3_0_p3_6110_2.wav,data/processed/UnifiedLungSymptomDataset/audio/sprsound_41115029_8.3_0_p3_6110_2.wav,,,,
lung,hflung_trunc_2019-08-08-11-08-00-L4_10_5,Rhonchi,ambiguous,-2.6612,hflung,3,False,1,93,Wheeze,False,0.0,Wheeze,False,0.2,Wheeze,False,0.2,Wheeze,False,0.2,Wheeze,False,Wheeze,False,https://simile-xai-audio.s3.ap-southeast-2.amazonaws.com/data_v8_1/lung/audio/hflung_trunc_2019-08-08-11-08-00-L4_10_5.wav,data/processed/UnifiedLungSymptomDataset/audio/hflung_trunc_2019-08-08-11-08-00-L4_10_5.wav,,,,
lung,sprsound_65045423_5.2_1_p2_2870_3,Rhonchi,ambiguous,-2.155,sprsound,1,False,1,93,Normal,False,0.2,Normal,False,0.0,Normal,False,0.0,Normal,False,0.2,Normal,False,Normal,False,https://simile-xai-audio.s3.ap-southeast-2.amazonaws.com/data_v8_1/lung/audio/sprsound_65045423_5.2_1_p2_2870_3.wav,data/processed/UnifiedLungSymptomDataset/audio/sprsound_65045423_5.2_1_p2_2870_3.wav,,,,
lung,hflung_steth_20190807_10_44_45_5,Rhonchi,ambiguous,-2.622,hflung,3,False,1,93,Crackle,False,0.2,Crackle,False,0.0,Crackle,False,0.2,Crackle,False,0.2,Crackle,False,Crackle,False,https://simile-xai-audio.s3.ap-southeast-2.amazonaws.com/data_v8_1/lung/audio/hflung_steth_20190807_10_44_45_5.wav,data/processed/UnifiedLungSymptomDataset/audio/hflung_steth_20190807_10_44_45_5.wav,,,,
lung,sprsound_66252562_11.7_1_p1_4561_2,Rhonchi,ambiguous,-2.0393,sprsound,1,False,0,93,Crackle,False,0.0,Crackle,False,0.2,Crackle,False,0.0,Crackle,False,0.0,Normal,False,Normal,False,https://simile-xai-audio.s3.ap-southeast-2.amazonaws.com/data_v8_1/lung/audio/sprsound_66252562_11.7_1_p1_4561_2.wav,data/processed/UnifiedLungSymptomDataset/audio/sprsound_66252562_11.7_1_p1_4561_2.wav,,,,
lung,hflung_trunc_2019-08-08-11-08-00-L4_10_9,Rhonchi,ambiguous,-2.608,hflung,3,False,0,93,Wheeze,False,0.0,Wheeze,False,0.0,Wheeze,False,0.0,Wheeze,False,0.0,Wheeze,False,Wheeze,False,https://simile-xai-audio.s3.ap-southeast-2.amazonaws.com/data_v8_1/lung/audio/hflung_trunc_2019-08-08-11-08-00-L4_10_9.wav,data/processed/UnifiedLungSymptomDataset/audio/hflung_trunc_2019-08-08-11-08-00-L4_10_9.wav,,,,
lung,sprsound_65043263_2.0_0_p3_319_4,Rhonchi,ambiguous,-1.891,sprsound,1,False,39,93,Wheeze,False,0.2,Rhonchi,True,0.6,Crackle,False,0.2,Crackle,False,0.4,Crackle,False,Crackle,False,https://simile-xai-audio.s3.ap-southeast-2.amazonaws.com/data_v8_1/lung/audio/sprsound_65043263_2.0_0_p3_319_4.wav,data/processed/UnifiedLungSymptomDataset/audio/sprsound_65043263_2.0_0_p3_319_4.wav,,,,
lung,hflung_trunc_2019-08-08-11-08-00-L4_10_1,Rhonchi,ambiguous,-2.592,hflung,3,False,1,93,Wheeze,False,0.2,Wheeze,False,0.0,Wheeze,False,0.2,Wheeze,False,0.4,Wheeze,False,Wheeze,False,https://simile-xai-audio.s3.ap-southeast-2.amazonaws.com/data_v8_1/lung/audio/hflung_trunc_2019-08-08-11-08-00-L4_10_1.wav,data/processed/UnifiedLungSymptomDataset/audio/hflung_trunc_2019-08-08-11-08-00-L4_10_1.wav,,,,
lung,sprsound_66252562_11.7_1_p1_4561_0,Rhonchi,ambiguous,-1.8881,sprsound,1,False,6,93,Wheeze,False,0.4,Wheeze,False,0.4,Wheeze,False,0.6,Wheeze,False,0.4,Normal,False,Normal,False,https://simile-xai-audio.s3.ap-southeast-2.amazonaws.com/data_v8_1/lung/audio/sprsound_66252562_11.7_1_p1_4561_0.wav,data/processed/UnifiedLungSymptomDataset/audio/sprsound_66252562_11.7_1_p1_4561_0.wav,,,,
lung,hflung_trunc_2019-08-08-11-08-00-L4_10_7,Rhonchi,ambiguous,-2.5868,hflung,3,False,1,93,Wheeze,False,0.0,Wheeze,False,0.0,Wheeze,False,0.0,Wheeze,False,0.2,Wheeze,False,Wheeze,False,https://simile-xai-audio.s3.ap-southeast-2.amazonaws.com/data_v8_1/lung/audio/hflung_trunc_2019-08-08-11-08-00-L4_10_7.wav,data/processed/UnifiedLungSymptomDataset/audio/hflung_trunc_2019-08-08-11-08-00-L4_10_7.wav,,,,
lung,sprsound_65043263_2.0_0_p3_319_3,Rhonchi,ambiguous,-1.8434,sprsound,1,False,0,93,Wheeze,False,0.0,Wheeze,False,0.0,Wheeze,False,0.0,Wheeze,False,0.0,Crackle,False,Wheeze,False,https://simile-xai-audio.s3.ap-southeast-2.amazonaws.com/data_v8_1/lung/audio/sprsound_65043263_2.0_0_p3_319_3.wav,data/processed/UnifiedLungSymptomDataset/audio/sprsound_65043263_2.0_0_p3_319_3.wav,,,,
lung,hflung_trunc_2019-08-08-11-08-00-L4_10_3,Rhonchi,ambiguous,-2.5162,hflung,3,False,0,93,Crackle,False,0.4,Wheeze,False,0.2,Crackle,False,0.4,Wheeze,False,0.4,Wheeze,False,Wheeze,False,https://simile-xai-audio.s3.ap-southeast-2.amazonaws.com/data_v8_1/lung/audio/hflung_trunc_2019-08-08-11-08-00-L4_10_3.wav,data/processed/UnifiedLungSymptomDataset/audio/hflung_trunc_2019-08-08-11-08-00-L4_10_3.wav,,,,
lung,sprsound_65045423_5.2_1_p2_2870_2,Rhonchi,ambiguous,-1.6379,sprsound,1,False,8,93,Wheeze,False,0.4,Wheeze,False,0.4,Wheeze,False,0.6,Wheeze,False,0.6,Rhonchi,True,Rhonchi,True,https://simile-xai-audio.s3.ap-southeast-2.amazonaws.com/data_v8_1/lung/audio/sprsound_65045423_5.2_1_p2_2870_2.wav,data/processed/UnifiedLungSymptomDataset/audio/sprsound_65045423_5.2_1_p2_2870_2.wav,,,,
lung,hflung_steth_20190807_10_44_45_2,Rhonchi,ambiguous,-2.4783,hflung,3,False,37,93,Rhonchi,True,0.8,Crackle,False,0.4,Crackle,False,0.4,Crackle,False,0.6,Crackle,False,Crackle,False,https://simile-xai-audio.s3.ap-southeast-2.amazonaws.com/data_v8_1/lung/audio/hflung_steth_20190807_10_44_45_2.wav,data/processed/UnifiedLungSymptomDataset/audio/hflung_steth_20190807_10_44_45_2.wav,,,,
lung,sprsound_41132911_3.0_0_p2_6066_4,Rhonchi,ambiguous,-1.3562,sprsound,1,False,91,93,Rhonchi,True,1.0,Rhonchi,True,0.4,Rhonchi,True,0.4,Rhonchi,True,0.8,Rhonchi,True,Rhonchi,True,https://simile-xai-audio.s3.ap-southeast-2.amazonaws.com/data_v8_1/lung/audio/sprsound_41132911_3.0_0_p2_6066_4.wav,data/processed/UnifiedLungSymptomDataset/audio/sprsound_41132911_3.0_0_p2_6066_4.wav,,,,
lung,hflung_steth_20190817_15_55_46_7,Rhonchi,ambiguous,-2.4567,hflung,3,False,85,93,Rhonchi,True,0.6,Rhonchi,True,0.6,Rhonchi,True,0.6,Rhonchi,True,0.8,Rhonchi,True,Rhonchi,True,https://simile-xai-audio.s3.ap-southeast-2.amazonaws.com/data_v8_1/lung/audio/hflung_steth_20190817_15_55_46_7.wav,data/processed/UnifiedLungSymptomDataset/audio/hflung_steth_20190817_15_55_46_7.wav,,,,
lung,hflung_steth_20190423_16_03_48_5,Rhonchi,borderline,-1.2474,hflung,3,False,27,93,Crackle,False,0.4,Rhonchi,True,0.4,Crackle,False,0.4,Crackle,False,0.6,Crackle,False,Crackle,False,https://simile-xai-audio.s3.ap-southeast-2.amazonaws.com/data_v8_1/lung/audio/hflung_steth_20190423_16_03_48_5.wav,data/processed/UnifiedLungSymptomDataset/audio/hflung_steth_20190423_16_03_48_5.wav,,,,
lung,sprsound_41213916_3.1_1_p2_5627_0,Rhonchi,borderline,-1.0529,sprsound,1,False,87,93,Rhonchi,True,0.6,Rhonchi,True,0.8,Rhonchi,True,0.6,Rhonchi,True,1.0,Normal,False,Rhonchi,True,https://simile-xai-audio.s3.ap-southeast-2.amazonaws.com/data_v8_1/lung/audio/sprsound_41213916_3.1_1_p2_5627_0.wav,data/processed/UnifiedLungSymptomDataset/audio/sprsound_41213916_3.1_1_p2_5627_0.wav,,,,
lung,hflung_steth_20180921_15_14_00_3,Rhonchi,borderline,-1.2468,hflung,3,False,44,93,Rhonchi,True,0.8,Crackle,False,0.4,Crackle,False,0.8,Rhonchi,True,0.8,Crackle,False,Rhonchi,True,https://simile-xai-audio.s3.ap-southeast-2.amazonaws.com/data_v8_1/lung/audio/hflung_steth_20180921_15_14_00_3.wav,data/processed/UnifiedLungSymptomDataset/audio/hflung_steth_20180921_15_14_00_3.wav,,,,
lung,sprsound_41132911_3.0_0_p2_6066_3,Rhonchi,borderline,-1.0467,sprsound,1,False,90,93,Rhonchi,True,1.0,Rhonchi,True,0.6,Rhonchi,True,0.6,Rhonchi,True,0.8,Rhonchi,True,Rhonchi,True,https://simile-xai-audio.s3.ap-southeast-2.amazonaws.com/data_v8_1/lung/audio/sprsound_41132911_3.0_0_p2_6066_3.wav,data/processed/UnifiedLungSymptomDataset/audio/sprsound_41132911_3.0_0_p2_6066_3.wav,,,,
lung,hflung_steth_20181017_12_43_58_18,Rhonchi,borderline,-1.2446,hflung,3,False,1,93,Wheeze,False,0.2,Wheeze,False,0.0,Wheeze,False,0.2,Wheeze,False,0.2,Wheeze,False,Wheeze,False,https://simile-xai-audio.s3.ap-southeast-2.amazonaws.com/data_v8_1/lung/audio/hflung_steth_20181017_12_43_58_18.wav,data/processed/UnifiedLungSymptomDataset/audio/hflung_steth_20181017_12_43_58_18.wav,,,,
lung,sprsound_41213916_3.1_1_p2_5627_1,Rhonchi,borderline,-1.0268,sprsound,1,False,71,93,Crackle,False,0.4,Rhonchi,True,0.4,Crackle,False,0.4,Rhonchi,True,0.8,Crackle,False,Rhonchi,True,https://simile-xai-audio.s3.ap-southeast-2.amazonaws.com/data_v8_1/lung/audio/sprsound_41213916_3.1_1_p2_5627_1.wav,data/processed/UnifiedLungSymptomDataset/audio/sprsound_41213916_3.1_1_p2_5627_1.wav,,,,
lung,hflung_steth_20190308_12_09_58_1,Rhonchi,borderline,-1.241,hflung,3,False,3,93,Wheeze,False,0.0,Wheeze,False,0.0,Wheeze,False,0.4,Wheeze,False,0.4,Crackle,False,Crackle,False,https://simile-xai-audio.s3.ap-southeast-2.amazonaws.com/data_v8_1/lung/audio/hflung_steth_20190308_12_09_58_1.wav,data/processed/UnifiedLungSymptomDataset/audio/hflung_steth_20190308_12_09_58_1.wav,,,,
lung,sprsound_41132911_3.0_0_p2_6066_2,Rhonchi,borderline,-0.8855,sprsound,1,False,91,93,Rhonchi,True,1.0,Rhonchi,True,0.8,Rhonchi,True,0.6,Rhonchi,True,0.8,Rhonchi,True,Rhonchi,True,https://simile-xai-audio.s3.ap-southeast-2.amazonaws.com/data_v8_1/lung/audio/sprsound_41132911_3.0_0_p2_6066_2.wav,data/processed/UnifiedLungSymptomDataset/audio/sprsound_41132911_3.0_0_p2_6066_2.wav,,,,
lung,hflung_steth_20181017_12_43_58_13,Rhonchi,borderline,-1.224,hflung,3,False,1,93,Wheeze,False,0.0,Wheeze,False,0.2,Wheeze,False,0.2,Wheeze,False,0.2,Rhonchi,True,Wheeze,False,https://simile-xai-audio.s3.ap-southeast-2.amazonaws.com/data_v8_1/lung/audio/hflung_steth_20181017_12_43_58_13.wav,data/processed/UnifiedLungSymptomDataset/audio/hflung_steth_20181017_12_43_58_13.wav,,,,
lung,sprsound_41213916_3.1_1_p2_5627_2,Rhonchi,borderline,-0.8816,sprsound,1,False,20,93,Wheeze,False,0.0,Rhonchi,True,0.4,Wheeze,False,0.4,Wheeze,False,0.4,Crackle,False,Crackle,False,https://simile-xai-audio.s3.ap-southeast-2.amazonaws.com/data_v8_1/lung/audio/sprsound_41213916_3.1_1_p2_5627_2.wav,data/processed/UnifiedLungSymptomDataset/audio/sprsound_41213916_3.1_1_p2_5627_2.wav,,,,
lung,hflung_steth_20190118_09_56_38_10,Rhonchi,borderline,-1.2227,hflung,3,False,91,93,Rhonchi,True,0.6,Rhonchi,True,0.6,Rhonchi,True,0.6,Rhonchi,True,0.8,Wheeze,False,Wheeze,False,https://simile-xai-audio.s3.ap-southeast-2.amazonaws.com/data_v8_1/lung/audio/hflung_steth_20190118_09_56_38_10.wav,data/processed/UnifiedLungSymptomDataset/audio/hflung_steth_20190118_09_56_38_10.wav,,,,
lung,sprsound_41132911_3.0_0_p2_6066_1,Rhonchi,borderline,-0.6677,sprsound,1,False,92,93,Rhonchi,True,1.0,Rhonchi,True,0.6,Rhonchi,True,0.6,Rhonchi,True,0.8,Rhonchi,True,Rhonchi,True,https://simile-xai-audio.s3.ap-southeast-2.amazonaws.com/data_v8_1/lung/audio/sprsound_41132911_3.0_0_p2_6066_1.wav,data/processed/UnifiedLungSymptomDataset/audio/sprsound_41132911_3.0_0_p2_6066_1.wav,,,,
lung,hflung_steth_20190113_14_45_21_3,Rhonchi,borderline,-1.2176,hflung,3,False,3,93,Wheeze,False,0.2,Wheeze,False,0.2,Wheeze,False,0.2,Wheeze,False,0.0,Rhonchi,True,Rhonchi,True,https://simile-xai-audio.s3.ap-southeast-2.amazonaws.com/data_v8_1/lung/audio/hflung_steth_20190113_14_45_21_3.wav,data/processed/UnifiedLungSymptomDataset/audio/hflung_steth_20190113_14_45_21_3.wav,,,,
lung,sprsound_64739121_2.0_0_p3_7742_0,Rhonchi,borderline,-0.6339,sprsound,1,False,89,93,Rhonchi,True,0.6,Rhonchi,True,0.6,Wheeze,False,0.2,Rhonchi,True,0.6,Rhonchi,True,Rhonchi,True,https://simile-xai-audio.s3.ap-southeast-2.amazonaws.com/data_v8_1/lung/audio/sprsound_64739121_2.0_0_p3_7742_0.wav,data/processed/UnifiedLungSymptomDataset/audio/sprsound_64739121_2.0_0_p3_7742_0.wav,,,,
lung,hflung_trunc_2019-07-16-11-46-52-L2_7_3,Rhonchi,borderline,-1.2109,hflung,3,False,92,93,Rhonchi,True,0.8,Rhonchi,True,0.6,Rhonchi,True,0.8,Rhonchi,True,0.8,Rhonchi,True,Rhonchi,True,https://simile-xai-audio.s3.ap-southeast-2.amazonaws.com/data_v8_1/lung/audio/hflung_trunc_2019-07-16-11-46-52-L2_7_3.wav,data/processed/UnifiedLungSymptomDataset/audio/hflung_trunc_2019-07-16-11-46-52-L2_7_3.wav,,,,
lung,hflung_trunc_2019-07-16-10-41-27-L4_10_5,Rhonchi,clear,0.8498,hflung,3,False,92,93,Rhonchi,True,0.8,Rhonchi,True,0.8,Rhonchi,True,1.0,Rhonchi,True,1.0,Rhonchi,True,Rhonchi,True,https://simile-xai-audio.s3.ap-southeast-2.amazonaws.com/data_v8_1/lung/audio/hflung_trunc_2019-07-16-10-41-27-L4_10_5.wav,data/processed/UnifiedLungSymptomDataset/audio/hflung_trunc_2019-07-16-10-41-27-L4_10_5.wav,,,,
lung,sprsound_64739121_2.0_0_p3_7742_4,Rhonchi,clear,0.5943,sprsound,1,False,90,93,Rhonchi,True,0.6,Rhonchi,True,0.6,Normal,False,0.4,Rhonchi,True,0.8,Rhonchi,True,Rhonchi,True,https://simile-xai-audio.s3.ap-southeast-2.amazonaws.com/data_v8_1/lung/audio/sprsound_64739121_2.0_0_p3_7742_4.wav,data/processed/UnifiedLungSymptomDataset/audio/sprsound_64739121_2.0_0_p3_7742_4.wav,,,,
lung,hflung_trunc_2019-07-16-11-46-52-L5_11_18,Rhonchi,clear,0.8482,hflung,3,False,93,93,Rhonchi,True,0.8,Rhonchi,True,1.0,Rhonchi,True,1.0,Rhonchi,True,1.0,Rhonchi,True,Rhonchi,True,https://simile-xai-audio.s3.ap-southeast-2.amazonaws.com/data_v8_1/lung/audio/hflung_trunc_2019-07-16-11-46-52-L5_11_18.wav,data/processed/UnifiedLungSymptomDataset/audio/hflung_trunc_2019-07-16-11-46-52-L5_11_18.wav,,,,
lung,sprsound_64739121_2.0_0_p3_7742_3,Rhonchi,clear,0.3706,sprsound,1,False,88,93,Rhonchi,True,0.8,Rhonchi,True,0.6,Normal,False,0.2,Rhonchi,True,0.6,Rhonchi,True,Rhonchi,True,https://simile-xai-audio.s3.ap-southeast-2.amazonaws.com/data_v8_1/lung/audio/sprsound_64739121_2.0_0_p3_7742_3.wav,data/processed/UnifiedLungSymptomDataset/audio/sprsound_64739121_2.0_0_p3_7742_3.wav,,,,
lung,hflung_trunc_2019-07-16-10-41-27-L4_10_13,Rhonchi,clear,0.8436,hflung,3,False,92,93,Rhonchi,True,0.8,Rhonchi,True,1.0,Rhonchi,True,0.8,Rhonchi,True,1.0,Rhonchi,True,Rhonchi,True,https://simile-xai-audio.s3.ap-southeast-2.amazonaws.com/data_v8_1/lung/audio/hflung_trunc_2019-07-16-10-41-27-L4_10_13.wav,data/processed/UnifiedLungSymptomDataset/audio/hflung_trunc_2019-07-16-10-41-27-L4_10_13.wav,,,,
lung,sprsound_64739121_2.0_0_p3_7742_1,Rhonchi,clear,0.3674,sprsound,1,False,89,93,Rhonchi,True,0.6,Rhonchi,True,0.6,Normal,False,0.2,Rhonchi,True,0.6,Rhonchi,True,Rhonchi,True,https://simile-xai-audio.s3.ap-southeast-2.amazonaws.com/data_v8_1/lung/audio/sprsound_64739121_2.0_0_p3_7742_1.wav,data/processed/UnifiedLungSymptomDataset/audio/sprsound_64739121_2.0_0_p3_7742_1.wav,,,,
lung,hflung_trunc_2019-07-16-10-41-27-L6_9_9,Rhonchi,clear,0.8416,hflung,3,False,93,93,Rhonchi,True,0.8,Rhonchi,True,0.8,Rhonchi,True,0.8,Rhonchi,True,1.0,Rhonchi,True,Rhonchi,True,https://simile-xai-audio.s3.ap-southeast-2.amazonaws.com/data_v8_1/lung/audio/hflung_trunc_2019-07-16-10-41-27-L6_9_9.wav,data/processed/UnifiedLungSymptomDataset/audio/hflung_trunc_2019-07-16-10-41-27-L6_9_9.wav,,,,
lung,sprsound_64739121_2.0_0_p3_7742_5,Rhonchi,clear,0.3426,sprsound,1,False,89,93,Rhonchi,True,1.0,Rhonchi,True,0.6,Rhonchi,True,0.4,Rhonchi,True,0.6,Rhonchi,True,Rhonchi,True,https://simile-xai-audio.s3.ap-southeast-2.amazonaws.com/data_v8_1/lung/audio/sprsound_64739121_2.0_0_p3_7742_5.wav,data/processed/UnifiedLungSymptomDataset/audio/sprsound_64739121_2.0_0_p3_7742_5.wav,,,,
lung,hflung_trunc_2019-07-16-10-41-27-L4_10_1,Rhonchi,clear,0.8274,hflung,3,False,91,93,Rhonchi,True,0.8,Rhonchi,True,0.8,Rhonchi,True,1.0,Rhonchi,True,1.0,Rhonchi,True,Rhonchi,True,https://simile-xai-audio.s3.ap-southeast-2.amazonaws.com/data_v8_1/lung/audio/hflung_trunc_2019-07-16-10-41-27-L4_10_1.wav,data/processed/UnifiedLungSymptomDataset/audio/hflung_trunc_2019-07-16-10-41-27-L4_10_1.wav,,,,
lung,sprsound_64739121_2.0_0_p3_7742_2,Rhonchi,clear,0.2656,sprsound,1,False,88,93,Rhonchi,True,0.4,Rhonchi,True,0.6,Wheeze,False,0.2,Rhonchi,True,0.6,Rhonchi,True,Rhonchi,True,https://simile-xai-audio.s3.ap-southeast-2.amazonaws.com/data_v8_1/lung/audio/sprsound_64739121_2.0_0_p3_7742_2.wav,data/processed/UnifiedLungSymptomDataset/audio/sprsound_64739121_2.0_0_p3_7742_2.wav,,,,
lung,hflung_trunc_2019-07-16-10-41-27-L6_9_3,Rhonchi,clear,0.82,hflung,3,False,93,93,Rhonchi,True,0.8,Rhonchi,True,0.8,Rhonchi,True,1.0,Rhonchi,True,1.0,Rhonchi,True,Rhonchi,True,https://simile-xai-audio.s3.ap-southeast-2.amazonaws.com/data_v8_1/lung/audio/hflung_trunc_2019-07-16-10-41-27-L6_9_3.wav,data/processed/UnifiedLungSymptomDataset/audio/hflung_trunc_2019-07-16-10-41-27-L6_9_3.wav,,,,
lung,sprsound_41213916_3.1_1_p2_5627_6,Rhonchi,clear,0.2037,sprsound,1,False,91,93,Rhonchi,True,0.4,Rhonchi,True,0.6,Rhonchi,True,0.4,Rhonchi,True,0.6,Rhonchi,True,Rhonchi,True,https://simile-xai-audio.s3.ap-southeast-2.amazonaws.com/data_v8_1/lung/audio/sprsound_41213916_3.1_1_p2_5627_6.wav,data/processed/UnifiedLungSymptomDataset/audio/sprsound_41213916_3.1_1_p2_5627_6.wav,,,,
lung,hflung_trunc_2019-07-16-10-41-27-L5_11_17,Rhonchi,clear,0.7675,hflung,3,False,93,93,Rhonchi,True,1.0,Rhonchi,True,1.0,Rhonchi,True,1.0,Rhonchi,True,1.0,Rhonchi,True,Rhonchi,True,https://simile-xai-audio.s3.ap-southeast-2.amazonaws.com/data_v8_1/lung/audio/hflung_trunc_2019-07-16-10-41-27-L5_11_17.wav,data/processed/UnifiedLungSymptomDataset/audio/hflung_trunc_2019-07-16-10-41-27-L5_11_17.wav,,,,
lung,sprsound_41213916_3.1_1_p2_5627_5,Rhonchi,clear,-0.3872,sprsound,1,False,92,93,Rhonchi,True,0.6,Rhonchi,True,0.6,Rhonchi,True,0.6,Rhonchi,True,0.6,Rhonchi,True,Rhonchi,True,https://simile-xai-audio.s3.ap-southeast-2.amazonaws.com/data_v8_1/lung/audio/sprsound_41213916_3.1_1_p2_5627_5.wav,data/processed/UnifiedLungSymptomDataset/audio/sprsound_41213916_3.1_1_p2_5627_5.wav,,,,
lung,hflung_trunc_2019-07-16-10-41-27-L5_11_11,Rhonchi,clear,0.7625,hflung,3,False,92,93,Rhonchi,True,0.8,Rhonchi,True,0.8,Rhonchi,True,1.0,Rhonchi,True,1.0,Rhonchi,True,Rhonchi,True,https://simile-xai-audio.s3.ap-southeast-2.amazonaws.com/data_v8_1/lung/audio/hflung_trunc_2019-07-16-10-41-27-L5_11_11.wav,data/processed/UnifiedLungSymptomDataset/audio/hflung_trunc_2019-07-16-10-41-27-L5_11_11.wav,,,,
lung,hflung_trunc_2019-06-23-11-02-58-L8_3_5,Stridor,ambiguous,-2.5014,hflung,3,False,14,93,Wheeze,False,0.6,Wheeze,False,0.4,Wheeze,False,0.8,Wheeze,False,0.8,Crackle,False,Crackle,False,https://simile-xai-audio.s3.ap-southeast-2.amazonaws.com/data_v8_1/lung/audio/hflung_trunc_2019-06-23-11-02-58-L8_3_5.wav,data/processed/UnifiedLungSymptomDataset/audio/hflung_trunc_2019-06-23-11-02-58-L8_3_5.wav,,,,
lung,hflung_trunc_2019-06-23-11-02-58-L8_3_0,Stridor,ambiguous,-2.5012,hflung,3,False,2,93,Wheeze,False,0.4,Wheeze,False,0.2,Wheeze,False,0.4,Wheeze,False,0.2,Wheeze,False,Crackle,False,https://simile-xai-audio.s3.ap-southeast-2.amazonaws.com/data_v8_1/lung/audio/hflung_trunc_2019-06-23-11-02-58-L8_3_0.wav,data/processed/UnifiedLungSymptomDataset/audio/hflung_trunc_2019-06-23-11-02-58-L8_3_0.wav,,,,
lung,hflung_trunc_2019-06-23-11-02-58-L8_3_2,Stridor,ambiguous,-2.4883,hflung,3,False,3,93,Wheeze,False,0.2,Wheeze,False,0.2,Wheeze,False,0.4,Wheeze,False,0.4,Wheeze,False,Crackle,False,https://simile-xai-audio.s3.ap-southeast-2.amazonaws.com/data_v8_1/lung/audio/hflung_trunc_2019-06-23-11-02-58-L8_3_2.wav,data/processed/UnifiedLungSymptomDataset/audio/hflung_trunc_2019-06-23-11-02-58-L8_3_2.wav,,,,
lung,hflung_trunc_2019-07-17-11-06-06-L2_2_5,Stridor,ambiguous,-2.2757,hflung,3,False,0,93,Crackle,False,0.0,Crackle,False,0.6,Crackle,False,0.8,Crackle,False,0.6,Crackle,False,Crackle,False,https://simile-xai-audio.s3.ap-southeast-2.amazonaws.com/data_v8_1/lung/audio/hflung_trunc_2019-07-17-11-06-06-L2_2_5.wav,data/processed/UnifiedLungSymptomDataset/audio/hflung_trunc_2019-07-17-11-06-06-L2_2_5.wav,,,,
lung,hflung_trunc_2019-07-17-11-06-06-L2_2_1,Stridor,ambiguous,-2.2757,hflung,3,False,0,93,Crackle,False,0.0,Crackle,False,0.6,Crackle,False,0.8,Crackle,False,0.6,Crackle,False,Crackle,False,https://simile-xai-audio.s3.ap-southeast-2.amazonaws.com/data_v8_1/lung/audio/hflung_trunc_2019-07-17-11-06-06-L2_2_1.wav,data/processed/UnifiedLungSymptomDataset/audio/hflung_trunc_2019-07-17-11-06-06-L2_2_1.wav,,,,
lung,hflung_steth_20181022_09_55_05_4,Stridor,ambiguous,-2.1803,hflung,3,False,0,93,Wheeze,False,0.0,Wheeze,False,0.0,Wheeze,False,0.2,Wheeze,False,0.2,Wheeze,False,Wheeze,False,https://simile-xai-audio.s3.ap-southeast-2.amazonaws.com/data_v8_1/lung/audio/hflung_steth_20181022_09_55_05_4.wav,data/processed/UnifiedLungSymptomDataset/audio/hflung_steth_20181022_09_55_05_4.wav,,,,
lung,hflung_steth_20190102_10_27_06_4,Stridor,ambiguous,-2.1662,hflung,3,False,0,93,Wheeze,False,0.6,Wheeze,False,0.6,Wheeze,False,0.8,Wheeze,False,0.6,Wheeze,False,Wheeze,False,https://simile-xai-audio.s3.ap-southeast-2.amazonaws.com/data_v8_1/lung/audio/hflung_steth_20190102_10_27_06_4.wav,data/processed/UnifiedLungSymptomDataset/audio/hflung_steth_20190102_10_27_06_4.wav,,,,
lung,hflung_steth_20180901_10_19_28_3,Stridor,ambiguous,-2.138,hflung,3,False,0,93,Wheeze,False,0.4,Wheeze,False,0.2,Wheeze,False,0.4,Wheeze,False,0.4,Wheeze,False,Wheeze,False,https://simile-xai-audio.s3.ap-southeast-2.amazonaws.com/data_v8_1/lung/audio/hflung_steth_20180901_10_19_28_3.wav,data/processed/UnifiedLungSymptomDataset/audio/hflung_steth_20180901_10_19_28_3.wav,,,,
lung,hflung_steth_20190102_10_27_06_2,Stridor,ambiguous,-2.1303,hflung,3,False,20,93,Wheeze,False,0.6,Wheeze,False,0.6,Wheeze,False,0.8,Wheeze,False,0.6,Wheeze,False,Wheeze,False,https://simile-xai-audio.s3.ap-southeast-2.amazonaws.com/data_v8_1/lung/audio/hflung_steth_20190102_10_27_06_2.wav,data/processed/UnifiedLungSymptomDataset/audio/hflung_steth_20190102_10_27_06_2.wav,,,,
lung,hflung_steth_20180901_10_19_28_5,Stridor,ambiguous,-2.1178,hflung,3,False,1,93,Rhonchi,False,0.4,Wheeze,False,0.0,Wheeze,False,0.4,Wheeze,False,0.4,Wheeze,False,Wheeze,False,https://simile-xai-audio.s3.ap-southeast-2.amazonaws.com/data_v8_1/lung/audio/hflung_steth_20180901_10_19_28_5.wav,data/processed/UnifiedLungSymptomDataset/audio/hflung_steth_20180901_10_19_28_5.wav,,,,
lung,hflung_steth_20191027_10_38_34_1,Stridor,ambiguous,-2.0656,hflung,3,False,0,93,Crackle,False,0.0,Rhonchi,False,0.0,Crackle,False,0.0,Crackle,False,0.0,Crackle,False,Rhonchi,False,https://simile-xai-audio.s3.ap-southeast-2.amazonaws.com/data_v8_1/lung/audio/hflung_steth_20191027_10_38_34_1.wav,data/processed/UnifiedLungSymptomDataset/audio/hflung_steth_20191027_10_38_34_1.wav,,,,
lung,hflung_trunc_2019-07-17-11-06-06-L2_2_7,Stridor,ambiguous,-2.062,hflung,3,False,0,93,Crackle,False,0.2,Crackle,False,0.2,Crackle,False,0.6,Crackle,False,0.4,Crackle,False,Crackle,False,https://simile-xai-audio.s3.ap-southeast-2.amazonaws.com/data_v8_1/lung/audio/hflung_trunc_2019-07-17-11-06-06-L2_2_7.wav,data/processed/UnifiedLungSymptomDataset/audio/hflung_trunc_2019-07-17-11-06-06-L2_2_7.wav,,,,
lung,hflung_steth_20181022_09_55_05_9,Stridor,ambiguous,-2.0525,hflung,3,False,0,93,Wheeze,False,0.0,Wheeze,False,0.2,Wheeze,False,0.2,Wheeze,False,0.2,Wheeze,False,Wheeze,False,https://simile-xai-audio.s3.ap-southeast-2.amazonaws.com/data_v8_1/lung/audio/hflung_steth_20181022_09_55_05_9.wav,data/processed/UnifiedLungSymptomDataset/audio/hflung_steth_20181022_09_55_05_9.wav,,,,
lung,hflung_steth_20190308_12_13_38_3,Stridor,ambiguous,-2.0291,hflung,3,False,4,93,Wheeze,False,0.4,Stridor,True,0.6,Wheeze,False,0.6,Wheeze,False,0.8,Crackle,False,Wheeze,False,https://simile-xai-audio.s3.ap-southeast-2.amazonaws.com/data_v8_1/lung/audio/hflung_steth_20190308_12_13_38_3.wav,data/processed/UnifiedLungSymptomDataset/audio/hflung_steth_20190308_12_13_38_3.wav,,,,
lung,hflung_trunc_2019-06-23-10-02-49-L1_10_0,Stridor,ambiguous,-2.0241,hflung,3,False,2,93,Wheeze,False,0.2,Crackle,False,0.2,Crackle,False,0.4,Wheeze,False,0.2,Crackle,False,Crackle,False,https://simile-xai-audio.s3.ap-southeast-2.amazonaws.com/data_v8_1/lung/audio/hflung_trunc_2019-06-23-10-02-49-L1_10_0.wav,data/processed/UnifiedLungSymptomDataset/audio/hflung_trunc_2019-06-23-10-02-49-L1_10_0.wav,,,,
lung,hflung_steth_20180816_11_06_45_6,Stridor,borderline,-1.7823,hflung,3,False,1,93,Wheeze,False,0.4,Wheeze,False,0.4,Wheeze,False,0.8,Wheeze,False,0.6,Rhonchi,False,Wheeze,False,https://simile-xai-audio.s3.ap-southeast-2.amazonaws.com/data_v8_1/lung/audio/hflung_steth_20180816_11_06_45_6.wav,data/processed/UnifiedLungSymptomDataset/audio/hflung_steth_20180816_11_06_45_6.wav,,,,
lung,sprsound_66293753_1.3_0_p1_4837_0,Stridor,borderline,-1.7036,sprsound,1,False,3,93,Wheeze,False,0.4,Wheeze,False,0.2,Wheeze,False,0.6,Wheeze,False,0.4,Wheeze,False,Wheeze,False,https://simile-xai-audio.s3.ap-southeast-2.amazonaws.com/data_v8_1/lung/audio/sprsound_66293753_1.3_0_p1_4837_0.wav,data/processed/UnifiedLungSymptomDataset/audio/sprsound_66293753_1.3_0_p1_4837_0.wav,,,,
lung,hflung_steth_20181022_09_55_05_13,Stridor,borderline,-1.7697,hflung,3,False,0,93,Wheeze,False,0.2,Wheeze,False,0.6,Wheeze,False,0.6,Wheeze,False,0.4,Wheeze,False,Wheeze,False,https://simile-xai-audio.s3.ap-southeast-2.amazonaws.com/data_v8_1/lung/audio/hflung_steth_20181022_09_55_05_13.wav,data/processed/UnifiedLungSymptomDataset/audio/hflung_steth_20181022_09_55_05_13.wav,,,,
lung,sprsound_66293753_1.3_0_p4_4843_1,Stridor,borderline,-1.6023,sprsound,1,False,24,93,Rhonchi,False,0.0,Rhonchi,False,0.2,Rhonchi,False,0.6,Rhonchi,False,0.8,Wheeze,False,Wheeze,False,https://simile-xai-audio.s3.ap-southeast-2.amazonaws.com/data_v8_1/lung/audio/sprsound_66293753_1.3_0_p4_4843_1.wav,data/processed/UnifiedLungSymptomDataset/audio/sprsound_66293753_1.3_0_p4_4843_1.wav,,,,
lung,hflung_steth_20181022_09_55_05_0,Stridor,borderline,-1.735,hflung,3,False,0,93,Wheeze,False,0.0,Wheeze,False,0.2,Wheeze,False,0.2,Wheeze,False,0.2,Wheeze,False,Wheeze,False,https://simile-xai-audio.s3.ap-southeast-2.amazonaws.com/data_v8_1/lung/audio/hflung_steth_20181022_09_55_05_0.wav,data/processed/UnifiedLungSymptomDataset/audio/hflung_steth_20181022_09_55_05_0.wav,,,,
lung,sprsound_66293753_1.3_0_p4_4843_0,Stridor,borderline,-1.5609,sprsound,1,False,10,93,Rhonchi,False,0.4,Rhonchi,False,0.4,Normal,False,1.0,Normal,False,0.6,Rhonchi,False,Wheeze,False,https://simile-xai-audio.s3.ap-southeast-2.amazonaws.com/data_v8_1/lung/audio/sprsound_66293753_1.3_0_p4_4843_0.wav,data/processed/UnifiedLungSymptomDataset/audio/sprsound_66293753_1.3_0_p4_4843_0.wav,,,,
lung,hflung_trunc_2019-05-28-14-07-13-L6_1_5,Stridor,borderline,-1.7222,hflung,3,False,90,93,Stridor,True,1.0,Stridor,True,0.6,Stridor,True,1.0,Stridor,True,1.0,Stridor,True,Crackle,False,https://simile-xai-audio.s3.ap-southeast-2.amazonaws.com/data_v8_1/lung/audio/hflung_trunc_2019-05-28-14-07-13-L6_1_5.wav,data/processed/UnifiedLungSymptomDataset/audio/hflung_trunc_2019-05-28-14-07-13-L6_1_5.wav,,,,
lung,hflung_trunc_2019-05-31-14-07-30-L5_0_1,Stridor,borderline,-1.7004,hflung,3,False,2,93,Wheeze,False,0.6,Wheeze,False,0.2,Wheeze,False,0.8,Wheeze,False,0.8,Wheeze,False,Wheeze,False,https://simile-xai-audio.s3.ap-southeast-2.amazonaws.com/data_v8_1/lung/audio/hflung_trunc_2019-05-31-14-07-30-L5_0_1.wav,data/processed/UnifiedLungSymptomDataset/audio/hflung_trunc_2019-05-31-14-07-30-L5_0_1.wav,,,,
lung,hflung_trunc_2019-05-31-14-07-30-L5_0_3,Stridor,borderline,-1.6953,hflung,3,False,25,93,Wheeze,False,0.4,Wheeze,False,0.4,Wheeze,False,0.6,Wheeze,False,0.8,Wheeze,False,Wheeze,False,https://simile-xai-audio.s3.ap-southeast-2.amazonaws.com/data_v8_1/lung/audio/hflung_trunc_2019-05-31-14-07-30-L5_0_3.wav,data/processed/UnifiedLungSymptomDataset/audio/hflung_trunc_2019-05-31-14-07-30-L5_0_3.wav,,,,
lung,hflung_trunc_2019-07-17-10-38-33-L2_5_0,Stridor,borderline,-1.6221,hflung,3,False,89,93,Stridor,True,1.0,Stridor,True,0.8,Stridor,True,1.0,Stridor,True,1.0,Stridor,True,Wheeze,False,https://simile-xai-audio.s3.ap-southeast-2.amazonaws.com/data_v8_1/lung/audio/hflung_trunc_2019-07-17-10-38-33-L2_5_0.wav,data/processed/UnifiedLungSymptomDataset/audio/hflung_trunc_2019-07-17-10-38-33-L2_5_0.wav,,,,
lung,hflung_trunc_2019-07-17-10-38-33-L2_5_4,Stridor,borderline,-1.6,hflung,3,False,90,93,Stridor,True,1.0,Stridor,True,1.0,Stridor,True,1.0,Stridor,True,1.0,Stridor,True,Crackle,False,https://simile-xai-audio.s3.ap-southeast-2.amazonaws.com/data_v8_1/lung/audio/hflung_trunc_2019-07-17-10-38-33-L2_5_4.wav,data/processed/UnifiedLungSymptomDataset/audio/hflung_trunc_2019-07-17-10-38-33-L2_5_4.wav,,,,
lung,hflung_trunc_2019-05-31-14-07-30-L5_0_5,Stridor,borderline,-1.5506,hflung,3,False,12,93,Wheeze,False,0.6,Wheeze,False,0.4,Wheeze,False,0.8,Wheeze,False,1.0,Crackle,False,Wheeze,False,https://simile-xai-audio.s3.ap-southeast-2.amazonaws.com/data_v8_1/lung/audio/hflung_trunc_2019-05-31-14-07-30-L5_0_5.wav,data/processed/UnifiedLungSymptomDataset/audio/hflung_trunc_2019-05-31-14-07-30-L5_0_5.wav,,,,
lung,hflung_trunc_2019-05-28-14-44-45-L6_0_3,Stridor,borderline,-1.5364,hflung,3,False,90,93,Stridor,True,1.0,Stridor,True,0.8,Stridor,True,1.0,Stridor,True,1.0,Stridor,True,Stridor,True,https://simile-xai-audio.s3.ap-southeast-2.amazonaws.com/data_v8_1/lung/audio/hflung_trunc_2019-05-28-14-44-45-L6_0_3.wav,data/processed/UnifiedLungSymptomDataset/audio/hflung_trunc_2019-05-28-14-44-45-L6_0_3.wav,,,,
lung,hflung_trunc_2019-05-28-14-07-13-L8_8_3,Stridor,borderline,-1.5189,hflung,3,False,88,93,Stridor,True,1.0,Stridor,True,1.0,Stridor,True,1.0,Stridor,True,1.0,Stridor,True,Wheeze,False,https://simile-xai-audio.s3.ap-southeast-2.amazonaws.com/data_v8_1/lung/audio/hflung_trunc_2019-05-28-14-07-13-L8_8_3.wav,data/processed/UnifiedLungSymptomDataset/audio/hflung_trunc_2019-05-28-14-07-13-L8_8_3.wav,,,,
lung,hflung_trunc_2019-05-28-15-46-01-L1_7_10,Stridor,borderline,-1.5167,hflung,3,False,87,93,Stridor,True,1.0,Stridor,True,1.0,Stridor,True,1.0,Stridor,True,1.0,Crackle,False,Wheeze,False,https://simile-xai-audio.s3.ap-southeast-2.amazonaws.com/data_v8_1/lung/audio/hflung_trunc_2019-05-28-15-46-01-L1_7_10.wav,data/processed/UnifiedLungSymptomDataset/audio/hflung_trunc_2019-05-28-15-46-01-L1_7_10.wav,,,,
lung,hflung_trunc_2019-06-26-12-04-27-L2_7_6,Stridor,clear,0.0372,hflung,3,False,89,93,Stridor,True,0.8,Stridor,True,0.8,Stridor,True,1.0,Wheeze,False,1.0,Wheeze,False,Rhonchi,False,https://simile-xai-audio.s3.ap-southeast-2.amazonaws.com/data_v8_1/lung/audio/hflung_trunc_2019-06-26-12-04-27-L2_7_6.wav,data/processed/UnifiedLungSymptomDataset/audio/hflung_trunc_2019-06-26-12-04-27-L2_7_6.wav,,,,
lung,hflung_trunc_2019-06-26-12-04-27-L2_7_16,Stridor,clear,-0.2309,hflung,3,False,88,93,Stridor,True,0.8,Stridor,True,0.8,Stridor,True,1.0,Stridor,True,1.0,Stridor,True,Wheeze,False,https://simile-xai-audio.s3.ap-southeast-2.amazonaws.com/data_v8_1/lung/audio/hflung_trunc_2019-06-26-12-04-27-L2_7_16.wav,data/processed/UnifiedLungSymptomDataset/audio/hflung_trunc_2019-06-26-12-04-27-L2_7_16.wav,,,,
lung,hflung_trunc_2019-06-26-12-04-27-L2_7_20,Stridor,clear,-0.2322,hflung,3,False,89,93,Stridor,True,0.8,Stridor,True,0.8,Stridor,True,1.0,Stridor,True,1.0,Stridor,True,Wheeze,False,https://simile-xai-audio.s3.ap-southeast-2.amazonaws.com/data_v8_1/lung/audio/hflung_trunc_2019-06-26-12-04-27-L2_7_20.wav,data/processed/UnifiedLungSymptomDataset/audio/hflung_trunc_2019-06-26-12-04-27-L2_7_20.wav,,,,
lung,hflung_trunc_2019-06-26-12-04-27-L2_7_17,Stridor,clear,-0.2322,hflung,3,False,89,93,Stridor,True,0.8,Stridor,True,0.8,Stridor,True,1.0,Stridor,True,1.0,Stridor,True,Wheeze,False,https://simile-xai-audio.s3.ap-southeast-2.amazonaws.com/data_v8_1/lung/audio/hflung_trunc_2019-06-26-12-04-27-L2_7_17.wav,data/processed/UnifiedLungSymptomDataset/audio/hflung_trunc_2019-06-26-12-04-27-L2_7_17.wav,,,,
lung,hflung_trunc_2019-06-26-12-04-27-L2_7_14,Stridor,clear,-0.4692,hflung,3,False,88,93,Stridor,True,0.8,Stridor,True,0.8,Stridor,True,1.0,Stridor,True,1.0,Wheeze,False,Wheeze,False,https://simile-xai-audio.s3.ap-southeast-2.amazonaws.com/data_v8_1/lung/audio/hflung_trunc_2019-06-26-12-04-27-L2_7_14.wav,data/processed/UnifiedLungSymptomDataset/audio/hflung_trunc_2019-06-26-12-04-27-L2_7_14.wav,,,,
lung,hflung_trunc_2019-05-28-14-07-13-L5_5_2,Stridor,clear,-0.576,hflung,3,False,63,93,Wheeze,False,1.0,Stridor,True,0.4,Stridor,True,1.0,Stridor,True,1.0,Wheeze,False,Stridor,True,https://simile-xai-audio.s3.ap-southeast-2.amazonaws.com/data_v8_1/lung/audio/hflung_trunc_2019-05-28-14-07-13-L5_5_2.wav,data/processed/UnifiedLungSymptomDataset/audio/hflung_trunc_2019-05-28-14-07-13-L5_5_2.wav,,,,
lung,hflung_trunc_2019-06-26-12-04-27-L2_7_9,Stridor,clear,-0.6221,hflung,3,False,91,93,Stridor,True,0.8,Stridor,True,1.0,Stridor,True,1.0,Stridor,True,1.0,Stridor,True,Rhonchi,False,https://simile-xai-audio.s3.ap-southeast-2.amazonaws.com/data_v8_1/lung/audio/hflung_trunc_2019-06-26-12-04-27-L2_7_9.wav,data/processed/UnifiedLungSymptomDataset/audio/hflung_trunc_2019-06-26-12-04-27-L2_7_9.wav,,,,
lung,hflung_trunc_2019-06-26-12-04-27-L2_7_12,Stridor,clear,-0.6816,hflung,3,False,90,93,Stridor,True,0.8,Stridor,True,1.0,Stridor,True,1.0,Wheeze,False,1.0,Stridor,True,Rhonchi,False,https://simile-xai-audio.s3.ap-southeast-2.amazonaws.com/data_v8_1/lung/audio/hflung_trunc_2019-06-26-12-04-27-L2_7_12.wav,data/processed/UnifiedLungSymptomDataset/audio/hflung_trunc_2019-06-26-12-04-27-L2_7_12.wav,,,,
lung,hflung_trunc_2019-05-28-14-07-13-L5_5_12,Stridor,clear,-0.8657,hflung,3,False,92,93,Stridor,True,1.0,Stridor,True,0.8,Stridor,True,1.0,Stridor,True,1.0,Stridor,True,Crackle,False,https://simile-xai-audio.s3.ap-southeast-2.amazonaws.com/data_v8_1/lung/audio/hflung_trunc_2019-05-28-14-07-13-L5_5_12.wav,data/processed/UnifiedLungSymptomDataset/audio/hflung_trunc_2019-05-28-14-07-13-L5_5_12.wav,,,,
lung,hflung_trunc_2019-05-28-14-44-45-L5_5_11,Stridor,clear,-0.9537,hflung,3,False,4,93,Crackle,False,0.2,Crackle,False,0.2,Crackle,False,0.8,Crackle,False,0.8,Crackle,False,Crackle,False,https://simile-xai-audio.s3.ap-southeast-2.amazonaws.com/data_v8_1/lung/audio/hflung_trunc_2019-05-28-14-44-45-L5_5_11.wav,data/processed/UnifiedLungSymptomDataset/audio/hflung_trunc_2019-05-28-14-44-45-L5_5_11.wav,,,,
lung,hflung_trunc_2019-05-28-14-44-45-L4_7_4,Stridor,clear,-0.9994,hflung,3,False,85,93,Stridor,True,0.8,Stridor,True,0.8,Crackle,False,1.0,Crackle,False,1.0,Stridor,True,Stridor,True,https://simile-xai-audio.s3.ap-southeast-2.amazonaws.com/data_v8_1/lung/audio/hflung_trunc_2019-05-28-14-44-45-L4_7_4.wav,data/processed/UnifiedLungSymptomDataset/audio/hflung_trunc_2019-05-28-14-44-45-L4_7_4.wav,,,,
lung,hflung_trunc_2019-05-28-14-07-13-L6_1_1,Stridor,clear,-1.0494,hflung,3,False,90,93,Stridor,True,1.0,Stridor,True,0.6,Stridor,True,1.0,Stridor,True,1.0,Stridor,True,Crackle,False,https://simile-xai-audio.s3.ap-southeast-2.amazonaws.com/data_v8_1/lung/audio/hflung_trunc_2019-05-28-14-07-13-L6_1_1.wav,data/processed/UnifiedLungSymptomDataset/audio/hflung_trunc_2019-05-28-14-07-13-L6_1_1.wav,,,,
lung,hflung_trunc_2019-05-28-14-44-45-L5_5_12,Stridor,clear,-1.1481,hflung,3,False,32,93,Crackle,False,0.6,Crackle,False,0.6,Crackle,False,0.8,Crackle,False,1.0,Stridor,True,Crackle,False,https://simile-xai-audio.s3.ap-southeast-2.amazonaws.com/data_v8_1/lung/audio/hflung_trunc_2019-05-28-14-44-45-L5_5_12.wav,data/processed/UnifiedLungSymptomDataset/audio/hflung_trunc_2019-05-28-14-44-45-L5_5_12.wav,,,,
lung,hflung_trunc_2019-05-28-14-07-13-L5_5_10,Stridor,clear,-1.1678,hflung,3,False,91,93,Stridor,True,1.0,Stridor,True,0.8,Stridor,True,1.0,Stridor,True,1.0,Wheeze,False,Crackle,False,https://simile-xai-audio.s3.ap-southeast-2.amazonaws.com/data_v8_1/lung/audio/hflung_trunc_2019-05-28-14-07-13-L5_5_10.wav,data/processed/UnifiedLungSymptomDataset/audio/hflung_trunc_2019-05-28-14-07-13-L5_5_10.wav,,,,
lung,hflung_trunc_2019-05-28-14-44-45-L6_0_2,Stridor,clear,-1.1944,hflung,3,False,92,93,Stridor,True,1.0,Stridor,True,0.8,Stridor,True,1.0,Stridor,True,1.0,Stridor,True,Stridor,True,https://simile-xai-audio.s3.ap-southeast-2.amazonaws.com/data_v8_1/lung/audio/hflung_trunc_2019-05-28-14-44-45-L6_0_2.wav,data/processed/UnifiedLungSymptomDataset/audio/hflung_trunc_2019-05-28-14-44-45-L6_0_2.wav,,,,
lung,hflung_trunc_2019-05-16-14-23-13-L5_8_14,Wheeze,ambiguous,-2.7184,hflung,3,False,1,93,Rhonchi,False,0.0,Rhonchi,False,0.0,Rhonchi,False,0.0,Crackle,False,0.0,Crackle,False,Crackle,False,https://simile-xai-audio.s3.ap-southeast-2.amazonaws.com/data_v8_1/lung/audio/hflung_trunc_2019-05-16-14-23-13-L5_8_14.wav,data/processed/UnifiedLungSymptomDataset/audio/hflung_trunc_2019-05-16-14-23-13-L5_8_14.wav,,,,
lung,sprsound_65099422_0.5_0_p2_2760_2,Wheeze,ambiguous,-2.2772,sprsound,1,False,36,93,Wheeze,True,0.0,Crackle,False,0.0,Crackle,False,0.2,Crackle,False,0.6,Normal,False,Wheeze,True,https://simile-xai-audio.s3.ap-southeast-2.amazonaws.com/data_v8_1/lung/audio/sprsound_65099422_0.5_0_p2_2760_2.wav,data/processed/UnifiedLungSymptomDataset/audio/sprsound_65099422_0.5_0_p2_2760_2.wav,,,,
lung,icbhi_118_1b1_Pr_sc_Litt3200_1,Wheeze,ambiguous,-2.1789,icbhi,1,False,1,93,Normal,False,0.4,Normal,False,0.0,Wheeze,True,0.4,Normal,False,0.4,Normal,False,Normal,False,https://simile-xai-audio.s3.ap-southeast-2.amazonaws.com/data_v8_1/lung/audio/icbhi_118_1b1_Pr_sc_Litt3200_1.wav,data/processed/UnifiedLungSymptomDataset/audio/icbhi_118_1b1_Pr_sc_Litt3200_1.wav,,,,
lung,fraiwan_257,Wheeze,ambiguous,-1.8214,fraiwan,2,True,11,93,Crackle,False,0.2,Crackle,False,0.0,Crackle,False,0.0,Crackle,False,0.2,Normal,False,Normal,False,https://simile-xai-audio.s3.ap-southeast-2.amazonaws.com/data_v8_1/lung/audio/fraiwan_257.wav,data/processed/UnifiedLungSymptomDataset/audio/fraiwan_257.wav,,,,
lung,hflung_trunc_2019-05-16-14-23-13-L5_8_15,Wheeze,ambiguous,-2.6431,hflung,3,False,0,93,Crackle,False,0.0,Crackle,False,0.0,Crackle,False,0.2,Crackle,False,0.4,Crackle,False,Crackle,False,https://simile-xai-audio.s3.ap-southeast-2.amazonaws.com/data_v8_1/lung/audio/hflung_trunc_2019-05-16-14-23-13-L5_8_15.wav,data/processed/UnifiedLungSymptomDataset/audio/hflung_trunc_2019-05-16-14-23-13-L5_8_15.wav,,,,
lung,sprsound_65099422_0.5_0_p2_2760_6,Wheeze,ambiguous,-2.1765,sprsound,1,False,1,93,Crackle,False,0.0,Crackle,False,0.0,Crackle,False,0.2,Crackle,False,0.4,Crackle,False,Crackle,False,https://simile-xai-audio.s3.ap-southeast-2.amazonaws.com/data_v8_1/lung/audio/sprsound_65099422_0.5_0_p2_2760_6.wav,data/processed/UnifiedLungSymptomDataset/audio/sprsound_65099422_0.5_0_p2_2760_6.wav,,,,
lung,icbhi_118_1b1_Al_sc_Litt3200_4,Wheeze,ambiguous,-2.0951,icbhi,1,False,71,93,Wheeze,True,0.4,Wheeze,True,0.4,Wheeze,True,0.4,Wheeze,True,0.6,Normal,False,Normal,False,https://simile-xai-audio.s3.ap-southeast-2.amazonaws.com/data_v8_1/lung/audio/icbhi_118_1b1_Al_sc_Litt3200_4.wav,data/processed/UnifiedLungSymptomDataset/audio/icbhi_118_1b1_Al_sc_Litt3200_4.wav,,,,
lung,fraiwan_196,Wheeze,ambiguous,-1.6694,fraiwan,2,True,0,93,Crackle,False,0.0,Crackle,False,0.0,Crackle,False,0.0,Crackle,False,0.2,Crackle,False,Normal,False,https://simile-xai-audio.s3.ap-southeast-2.amazonaws.com/data_v8_1/lung/audio/fraiwan_196.wav,data/processed/UnifiedLungSymptomDataset/audio/fraiwan_196.wav,,,,
lung,hflung_trunc_2019-07-16-10-11-12-L1_13_10,Wheeze,ambiguous,-2.5696,hflung,3,False,1,93,Crackle,False,0.0,Rhonchi,False,0.0,Rhonchi,False,0.0,Rhonchi,False,0.0,Crackle,False,Rhonchi,False,https://simile-xai-audio.s3.ap-southeast-2.amazonaws.com/data_v8_1/lung/audio/hflung_trunc_2019-07-16-10-11-12-L1_13_10.wav,data/processed/UnifiedLungSymptomDataset/audio/hflung_trunc_2019-07-16-10-11-12-L1_13_10.wav,,,,
lung,sprsound_65099422_0.5_0_p2_2760_0,Wheeze,ambiguous,-2.1765,sprsound,1,False,1,93,Crackle,False,0.0,Crackle,False,0.0,Crackle,False,0.2,Crackle,False,0.4,Crackle,False,Crackle,False,https://simile-xai-audio.s3.ap-southeast-2.amazonaws.com/data_v8_1/lung/audio/sprsound_65099422_0.5_0_p2_2760_0.wav,data/processed/UnifiedLungSymptomDataset/audio/sprsound_65099422_0.5_0_p2_2760_0.wav,,,,
lung,icbhi_106_2b1_Pr_mc_LittC2SE_1,Wheeze,ambiguous,-2.0917,icbhi,1,False,0,93,Normal,False,0.0,Normal,False,0.0,Normal,False,0.0,Normal,False,0.0,Normal,False,Normal,False,https://simile-xai-audio.s3.ap-southeast-2.amazonaws.com/data_v8_1/lung/audio/icbhi_106_2b1_Pr_mc_LittC2SE_1.wav,data/processed/UnifiedLungSymptomDataset/audio/icbhi_106_2b1_Pr_mc_LittC2SE_1.wav,,,,
lung,fraiwan_271,Wheeze,ambiguous,-1.3922,fraiwan,2,True,14,93,Normal,False,0.0,Crackle,False,0.0,Crackle,False,0.2,Crackle,False,0.0,Wheeze,True,Crackle,False,https://simile-xai-audio.s3.ap-southeast-2.amazonaws.com/data_v8_1/lung/audio/fraiwan_271.wav,data/processed/UnifiedLungSymptomDataset/audio/fraiwan_271.wav,,,,
lung,hflung_trunc_2019-05-16-14-23-13-L5_8_12,Wheeze,ambiguous,-2.43,hflung,3,False,84,93,Wheeze,True,0.4,Wheeze,True,0.8,Wheeze,True,0.8,Wheeze,True,0.6,Wheeze,True,Crackle,False,https://simile-xai-audio.s3.ap-southeast-2.amazonaws.com/data_v8_1/lung/audio/hflung_trunc_2019-05-16-14-23-13-L5_8_12.wav,data/processed/UnifiedLungSymptomDataset/audio/hflung_trunc_2019-05-16-14-23-13-L5_8_12.wav,,,,
lung,sprsound_66366234_3.8_1_p4_9759_0,Wheeze,ambiguous,-2.1542,sprsound,1,False,0,93,Normal,False,0.0,Normal,False,0.0,Normal,False,0.0,Normal,False,0.0,Normal,False,Normal,False,https://simile-xai-audio.s3.ap-southeast-2.amazonaws.com/data_v8_1/lung/audio/sprsound_66366234_3.8_1_p4_9759_0.wav,data/processed/UnifiedLungSymptomDataset/audio/sprsound_66366234_3.8_1_p4_9759_0.wav,,,,
lung,icbhi_166_1p1_Pr_sc_Meditron_4,Wheeze,ambiguous,-2.0807,icbhi,1,False,0,93,Crackle,False,0.0,Crackle,False,0.0,Crackle,False,0.0,Crackle,False,0.0,Normal,False,Normal,False,https://simile-xai-audio.s3.ap-southeast-2.amazonaws.com/data_v8_1/lung/audio/icbhi_166_1p1_Pr_sc_Meditron_4.wav,data/processed/UnifiedLungSymptomDataset/audio/icbhi_166_1p1_Pr_sc_Meditron_4.wav,,,,
lung,hflung_steth_20190808_10_02_09_8,Wheeze,borderline,-1.1575,hflung,3,False,92,93,Wheeze,True,0.8,Wheeze,True,0.6,Wheeze,True,0.2,Wheeze,True,0.6,Wheeze,True,Wheeze,True,https://simile-xai-audio.s3.ap-southeast-2.amazonaws.com/data_v8_1/lung/audio/hflung_steth_20190808_10_02_09_8.wav,data/processed/UnifiedLungSymptomDataset/audio/hflung_steth_20190808_10_02_09_8.wav,,,,
lung,fraiwan_62,Wheeze,borderline,-1.1528,fraiwan,2,True,88,93,Wheeze,True,0.6,Wheeze,True,0.6,Wheeze,True,0.2,Wheeze,True,0.6,Rhonchi,False,Wheeze,True,https://simile-xai-audio.s3.ap-southeast-2.amazonaws.com/data_v8_1/lung/audio/fraiwan_62.wav,data/processed/UnifiedLungSymptomDataset/audio/fraiwan_62.wav,,,,
lung,sprsound_41228434_2.2_1_p4_21474_0,Wheeze,borderline,-1.1325,sprsound,1,False,61,93,Wheeze,True,0.6,Crackle,False,0.6,Wheeze,True,0.4,Wheeze,True,0.6,Wheeze,True,Wheeze,True,https://simile-xai-audio.s3.ap-southeast-2.amazonaws.com/data_v8_1/lung/audio/sprsound_41228434_2.2_1_p4_21474_0.wav,data/processed/UnifiedLungSymptomDataset/audio/sprsound_41228434_2.2_1_p4_21474_0.wav,,,,
lung,icbhi_156_8b3_Pl_mc_AKGC417L_1,Wheeze,borderline,-0.8844,icbhi,1,False,90,93,Wheeze,True,1.0,Wheeze,True,0.8,Wheeze,True,1.0,Wheeze,True,1.0,Normal,False,Normal,False,https://simile-xai-audio.s3.ap-southeast-2.amazonaws.com/data_v8_1/lung/audio/icbhi_156_8b3_Pl_mc_AKGC417L_1.wav,data/processed/UnifiedLungSymptomDataset/audio/icbhi_156_8b3_Pl_mc_AKGC417L_1.wav,,,,
lung,hflung_steth_20190113_14_44_44_0,Wheeze,borderline,-1.1527,hflung,3,False,76,93,Rhonchi,False,0.2,Wheeze,True,0.6,Rhonchi,False,0.2,Wheeze,True,0.2,Rhonchi,False,Rhonchi,False,https://simile-xai-audio.s3.ap-southeast-2.amazonaws.com/data_v8_1/lung/audio/hflung_steth_20190113_14_44_44_0.wav,data/processed/UnifiedLungSymptomDataset/audio/hflung_steth_20190113_14_44_44_0.wav,,,,
lung,fraiwan_220,Wheeze,borderline,-0.8915,fraiwan,2,True,73,93,Wheeze,True,0.6,Wheeze,True,0.4,Wheeze,True,0.6,Wheeze,True,0.6,Normal,False,Normal,False,https://simile-xai-audio.s3.ap-southeast-2.amazonaws.com/data_v8_1/lung/audio/fraiwan_220.wav,data/processed/UnifiedLungSymptomDataset/audio/fraiwan_220.wav,,,,
lung,sprsound_41228434_2.2_1_p4_21474_1,Wheeze,borderline,-1.1325,sprsound,1,False,61,93,Wheeze,True,0.6,Crackle,False,0.6,Wheeze,True,0.4,Wheeze,True,0.6,Wheeze,True,Wheeze,True,https://simile-xai-audio.s3.ap-southeast-2.amazonaws.com/data_v8_1/lung/audio/sprsound_41228434_2.2_1_p4_21474_1.wav,data/processed/UnifiedLungSymptomDataset/audio/sprsound_41228434_2.2_1_p4_21474_1.wav,,,,
lung,icbhi_180_1b4_Al_mc_AKGC417L_5,Wheeze,borderline,-0.7835,icbhi,1,False,61,93,Normal,False,0.4,Wheeze,True,0.6,Wheeze,True,0.2,Wheeze,True,0.6,Normal,False,Normal,False,https://simile-xai-audio.s3.ap-southeast-2.amazonaws.com/data_v8_1/lung/audio/icbhi_180_1b4_Al_mc_AKGC417L_5.wav,data/processed/UnifiedLungSymptomDataset/audio/icbhi_180_1b4_Al_mc_AKGC417L_5.wav,,,,
lung,hflung_trunc_2019-06-30-10-08-35-L8_0_3,Wheeze,borderline,-1.1512,hflung,3,False,28,93,Wheeze,True,0.2,Crackle,False,0.2,Crackle,False,0.2,Crackle,False,0.2,Wheeze,True,Crackle,False,https://simile-xai-audio.s3.ap-southeast-2.amazonaws.com/data_v8_1/lung/audio/hflung_trunc_2019-06-30-10-08-35-L8_0_3.wav,data/processed/UnifiedLungSymptomDataset/audio/hflung_trunc_2019-06-30-10-08-35-L8_0_3.wav,,,,
lung,fraiwan_33,Wheeze,borderline,-0.5925,fraiwan,2,True,92,93,Wheeze,True,0.6,Wheeze,True,0.8,Wheeze,True,0.4,Wheeze,True,0.4,Wheeze,True,Normal,False,https://simile-xai-audio.s3.ap-southeast-2.amazonaws.com/data_v8_1/lung/audio/fraiwan_33.wav,data/processed/UnifiedLungSymptomDataset/audio/fraiwan_33.wav,,,,
lung,sprsound_66239166_9.6_1_p4_4334_8,Wheeze,borderline,-1.1254,sprsound,1,False,88,93,Wheeze,True,0.6,Wheeze,True,0.4,Wheeze,True,0.4,Wheeze,True,0.4,Wheeze,True,Normal,False,https://simile-xai-audio.s3.ap-southeast-2.amazonaws.com/data_v8_1/lung/audio/sprsound_66239166_9.6_1_p4_4334_8.wav,data/processed/UnifiedLungSymptomDataset/audio/sprsound_66239166_9.6_1_p4_4334_8.wav,,,,
lung,hflung_steth_20190808_10_02_09_6,Wheeze,borderline,-1.1486,hflung,3,False,86,93,Wheeze,True,0.6,Wheeze,True,0.6,Wheeze,True,0.6,Wheeze,True,0.6,Wheeze,True,Wheeze,True,https://simile-xai-audio.s3.ap-southeast-2.amazonaws.com/data_v8_1/lung/audio/hflung_steth_20190808_10_02_09_6.wav,data/processed/UnifiedLungSymptomDataset/audio/hflung_steth_20190808_10_02_09_6.wav,,,,
lung,sprsound_41173389_4.1_1_p3_1554_7,Wheeze,borderline,-1.1146,sprsound,1,False,93,93,Wheeze,True,0.8,Wheeze,True,0.8,Wheeze,True,1.0,Wheeze,True,1.0,Wheeze,True,Normal,False,https://simile-xai-audio.s3.ap-southeast-2.amazonaws.com/data_v8_1/lung/audio/sprsound_41173389_4.1_1_p3_1554_7.wav,data/processed/UnifiedLungSymptomDataset/audio/sprsound_41173389_4.1_1_p3_1554_7.wav,,,,
lung,hflung_trunc_2019-07-16-10-11-12-L4_1_3,Wheeze,borderline,-1.1467,hflung,3,False,84,93,Wheeze,True,0.4,Wheeze,True,0.2,Wheeze,True,0.4,Wheeze,True,0.4,Wheeze,True,Wheeze,True,https://simile-xai-audio.s3.ap-southeast-2.amazonaws.com/data_v8_1/lung/audio/hflung_trunc_2019-07-16-10-11-12-L4_1_3.wav,data/processed/UnifiedLungSymptomDataset/audio/hflung_trunc_2019-07-16-10-11-12-L4_1_3.wav,,,,
lung,sprsound_41223618_1.0_0_p1_3607_1,Wheeze,borderline,-1.1142,sprsound,1,False,78,93,Wheeze,True,0.8,Normal,False,0.2,Normal,False,0.2,Normal,False,0.2,Normal,False,Normal,False,https://simile-xai-audio.s3.ap-southeast-2.amazonaws.com/data_v8_1/lung/audio/sprsound_41223618_1.0_0_p1_3607_1.wav,data/processed/UnifiedLungSymptomDataset/audio/sprsound_41223618_1.0_0_p1_3607_1.wav,,,,
lung,hflung_trunc_2019-08-08-10-07-05-L2_10_1,Wheeze,clear,0.8774,hflung,3,False,93,93,Wheeze,True,0.8,Wheeze,True,1.0,Wheeze,True,0.8,Wheeze,True,0.8,Wheeze,True,Wheeze,True,https://simile-xai-audio.s3.ap-southeast-2.amazonaws.com/data_v8_1/lung/audio/hflung_trunc_2019-08-08-10-07-05-L2_10_1.wav,data/processed/UnifiedLungSymptomDataset/audio/hflung_trunc_2019-08-08-10-07-05-L2_10_1.wav,,,,
lung,fraiwan_65,Wheeze,clear,0.0232,fraiwan,2,True,92,93,Wheeze,True,0.8,Wheeze,True,0.8,Wheeze,True,0.8,Wheeze,True,0.8,Wheeze,True,Normal,False,https://simile-xai-audio.s3.ap-southeast-2.amazonaws.com/data_v8_1/lung/audio/fraiwan_65.wav,data/processed/UnifiedLungSymptomDataset/audio/fraiwan_65.wav,,,,
lung,sprsound_64779933_1.3_0_p2_3810_2,Wheeze,clear,-0.2005,sprsound,1,False,88,93,Wheeze,True,0.6,Wheeze,True,0.6,Wheeze,True,0.4,Wheeze,True,0.6,Wheeze,True,Normal,False,https://simile-xai-audio.s3.ap-southeast-2.amazonaws.com/data_v8_1/lung/audio/sprsound_64779933_1.3_0_p2_3810_2.wav,data/processed/UnifiedLungSymptomDataset/audio/sprsound_64779933_1.3_0_p2_3810_2.wav,,,,
lung,icbhi_156_5b3_Ar_mc_AKGC417L_3,Wheeze,clear,-0.2904,icbhi,1,False,90,93,Wheeze,True,0.8,Wheeze,True,0.8,Wheeze,True,0.8,Wheeze,True,0.8,Wheeze,True,Normal,False,https://simile-xai-audio.s3.ap-southeast-2.amazonaws.com/data_v8_1/lung/audio/icbhi_156_5b3_Ar_mc_AKGC417L_3.wav,data/processed/UnifiedLungSymptomDataset/audio/icbhi_156_5b3_Ar_mc_AKGC417L_3.wav,,,,
lung,hflung_trunc_2019-08-08-09-36-47-L6_4_11,Wheeze,clear,0.8311,hflung,3,False,93,93,Wheeze,True,1.0,Wheeze,True,1.0,Wheeze,True,0.8,Wheeze,True,0.8,Wheeze,True,Wheeze,True,https://simile-xai-audio.s3.ap-southeast-2.amazonaws.com/data_v8_1/lung/audio/hflung_trunc_2019-08-08-09-36-47-L6_4_11.wav,data/processed/UnifiedLungSymptomDataset/audio/hflung_trunc_2019-08-08-09-36-47-L6_4_11.wav,,,,
lung,fraiwan_140,Wheeze,clear,-0.037,fraiwan,2,True,91,93,Wheeze,True,0.4,Wheeze,True,0.8,Wheeze,True,0.6,Wheeze,True,0.6,Wheeze,True,Wheeze,True,https://simile-xai-audio.s3.ap-southeast-2.amazonaws.com/data_v8_1/lung/audio/fraiwan_140.wav,data/processed/UnifiedLungSymptomDataset/audio/fraiwan_140.wav,,,,
lung,sprsound_41184079_6.2_0_p3_5761_0,Wheeze,clear,-0.2079,sprsound,1,False,92,93,Wheeze,True,0.4,Wheeze,True,0.8,Wheeze,True,0.4,Wheeze,True,0.6,Wheeze,True,Wheeze,True,https://simile-xai-audio.s3.ap-southeast-2.amazonaws.com/data_v8_1/lung/audio/sprsound_41184079_6.2_0_p3_5761_0.wav,data/processed/UnifiedLungSymptomDataset/audio/sprsound_41184079_6.2_0_p3_5761_0.wav,,,,
lung,hflung_trunc_2019-08-08-09-36-47-L6_4_12,Wheeze,clear,0.8311,hflung,3,False,93,93,Wheeze,True,1.0,Wheeze,True,1.0,Wheeze,True,0.8,Wheeze,True,0.8,Wheeze,True,Wheeze,True,https://simile-xai-audio.s3.ap-southeast-2.amazonaws.com/data_v8_1/lung/audio/hflung_trunc_2019-08-08-09-36-47-L6_4_12.wav,data/processed/UnifiedLungSymptomDataset/audio/hflung_trunc_2019-08-08-09-36-47-L6_4_12.wav,,,,
lung,fraiwan_55,Wheeze,clear,-0.2028,fraiwan,2,True,93,93,Wheeze,True,0.8,Wheeze,True,0.8,Wheeze,True,0.8,Wheeze,True,0.8,Wheeze,True,Wheeze,True,https://simile-xai-audio.s3.ap-southeast-2.amazonaws.com/data_v8_1/lung/audio/fraiwan_55.wav,data/processed/UnifiedLungSymptomDataset/audio/fraiwan_55.wav,,,,
lung,sprsound_66366234_3.8_1_p3_9762_7,Wheeze,clear,-0.2828,sprsound,1,False,88,93,Wheeze,True,0.8,Wheeze,True,0.2,Wheeze,True,0.4,Wheeze,True,0.6,Wheeze,True,Normal,False,https://simile-xai-audio.s3.ap-southeast-2.amazonaws.com/data_v8_1/lung/audio/sprsound_66366234_3.8_1_p3_9762_7.wav,data/processed/UnifiedLungSymptomDataset/audio/sprsound_66366234_3.8_1_p3_9762_7.wav,,,,
lung,hflung_trunc_2019-08-08-09-36-47-L5_13_9,Wheeze,clear,0.8051,hflung,3,False,92,93,Wheeze,True,0.8,Wheeze,True,0.8,Wheeze,True,0.6,Wheeze,True,0.8,Wheeze,True,Wheeze,True,https://simile-xai-audio.s3.ap-southeast-2.amazonaws.com/data_v8_1/lung/audio/hflung_trunc_2019-08-08-09-36-47-L5_13_9.wav,data/processed/UnifiedLungSymptomDataset/audio/hflung_trunc_2019-08-08-09-36-47-L5_13_9.wav,,,,
lung,fraiwan_297,Wheeze,clear,-0.2525,fraiwan,2,True,93,93,Wheeze,True,0.8,Wheeze,True,0.8,Wheeze,True,0.8,Wheeze,True,1.0,Wheeze,True,Wheeze,True,https://simile-xai-audio.s3.ap-southeast-2.amazonaws.com/data_v8_1/lung/audio/fraiwan_297.wav,data/processed/UnifiedLungSymptomDataset/audio/fraiwan_297.wav,,,,
lung,sprsound_66366234_3.8_1_p3_9762_5,Wheeze,clear,-0.3032,sprsound,1,False,93,93,Wheeze,True,0.6,Wheeze,True,0.6,Wheeze,True,0.2,Wheeze,True,0.6,Wheeze,True,Normal,False,https://simile-xai-audio.s3.ap-southeast-2.amazonaws.com/data_v8_1/lung/audio/sprsound_66366234_3.8_1_p3_9762_5.wav,data/processed/UnifiedLungSymptomDataset/audio/sprsound_66366234_3.8_1_p3_9762_5.wav,,,,
lung,hflung_trunc_2019-08-08-09-36-47-L6_0_14,Wheeze,clear,0.7644,hflung,3,False,92,93,Wheeze,True,0.6,Wheeze,True,1.0,Wheeze,True,0.8,Wheeze,True,0.8,Wheeze,True,Wheeze,True,https://simile-xai-audio.s3.ap-southeast-2.amazonaws.com/data_v8_1/lung/audio/hflung_trunc_2019-08-08-09-36-47-L6_0_14.wav,data/processed/UnifiedLungSymptomDataset/audio/hflung_trunc_2019-08-08-09-36-47-L6_0_14.wav,,,,
lung,fraiwan_25,Wheeze,clear,-0.3636,fraiwan,2,True,93,93,Wheeze,True,0.6,Wheeze,True,0.8,Wheeze,True,0.8,Wheeze,True,0.8,Wheeze,True,Wheeze,True,https://simile-xai-audio.s3.ap-southeast-2.amazonaws.com/data_v8_1/lung/audio/fraiwan_25.wav,data/processed/UnifiedLungSymptomDataset/audio/fraiwan_25.wav,,,,
bird,bird_Recording_4_Recording_4_Segment_09_143,Black-capped Chickadee,ambiguous,-1.8977,all,0,False,12,21,Black-capped Chickadee,True,0.2,Eastern Towhee,False,0.2,Black-capped Chickadee,True,0.8,Black-capped Chickadee,True,0.8,Black-capped Chickadee,True,Black-capped Chickadee,True,https://simile-xai-audio.s3.ap-southeast-2.amazonaws.com/data_v8_1/bird/audio/bird_Recording_4_Recording_4_Segment_09_143.wav,data/processed/BirdSoundsDataset_v2/audio/bird_Recording_4_Recording_4_Segment_09_143.wav,,,,
bird,bird_Recording_4_Recording_4_Segment_13_40,Black-capped Chickadee,ambiguous,-1.8811,all,0,False,15,21,Black-capped Chickadee,True,0.0,Eastern Towhee,False,0.2,Black-capped Chickadee,True,0.8,Black-capped Chickadee,True,0.8,Black-capped Chickadee,True,Eastern Towhee,False,https://simile-xai-audio.s3.ap-southeast-2.amazonaws.com/data_v8_1/bird/audio/bird_Recording_4_Recording_4_Segment_13_40.wav,data/processed/BirdSoundsDataset_v2/audio/bird_Recording_4_Recording_4_Segment_13_40.wav,,,,
bird,bird_Recording_2_Recording_2_Segment_01_72,Black-capped Chickadee,ambiguous,-1.8586,all,0,False,0,21,Wood Thrush,False,0.0,Wood Thrush,False,0.2,Wood Thrush,False,0.0,Wood Thrush,False,0.2,Wood Thrush,False,Wood Thrush,False,https://simile-xai-audio.s3.ap-southeast-2.amazonaws.com/data_v8_1/bird/audio/bird_Recording_2_Recording_2_Segment_01_72.wav,data/processed/BirdSoundsDataset_v2/audio/bird_Recording_2_Recording_2_Segment_01_72.wav,,,,
bird,bird_Recording_1_Recording_1_Segment_26_83,Black-capped Chickadee,ambiguous,-1.825,all,0,False,14,21,Black-capped Chickadee,True,0.0,Black-capped Chickadee,True,0.2,Black-capped Chickadee,True,0.8,Black-capped Chickadee,True,1.0,Black-capped Chickadee,True,Eastern Towhee,False,https://simile-xai-audio.s3.ap-southeast-2.amazonaws.com/data_v8_1/bird/audio/bird_Recording_1_Recording_1_Segment_26_83.wav,data/processed/BirdSoundsDataset_v2/audio/bird_Recording_1_Recording_1_Segment_26_83.wav,,,,
bird,bird_Recording_1_Recording_1_Segment_24_68,Black-capped Chickadee,ambiguous,-1.767,all,0,False,3,21,Eastern Towhee,False,0.0,Black-capped Chickadee,True,0.2,Tufted Titmouse,False,0.0,Tufted Titmouse,False,0.0,Tufted Titmouse,False,Eastern Towhee,False,https://simile-xai-audio.s3.ap-southeast-2.amazonaws.com/data_v8_1/bird/audio/bird_Recording_1_Recording_1_Segment_24_68.wav,data/processed/BirdSoundsDataset_v2/audio/bird_Recording_1_Recording_1_Segment_24_68.wav,,,,
bird,bird_Recording_1_Recording_1_Segment_06_315,Black-capped Chickadee,ambiguous,-1.715,all,0,False,9,21,Black-capped Chickadee,True,0.4,Wood Thrush,False,0.0,Wood Thrush,False,0.2,Wood Thrush,False,0.2,Eastern Towhee,False,Eastern Towhee,False,https://simile-xai-audio.s3.ap-southeast-2.amazonaws.com/data_v8_1/bird/audio/bird_Recording_1_Recording_1_Segment_06_315.wav,data/processed/BirdSoundsDataset_v2/audio/bird_Recording_1_Recording_1_Segment_06_315.wav,,,,
bird,bird_Recording_2_Recording_2_Segment_05_31,Black-capped Chickadee,ambiguous,-1.6982,all,0,False,17,21,Black-capped Chickadee,True,0.2,Wood Thrush,False,0.2,Black-capped Chickadee,True,0.6,Black-capped Chickadee,True,0.4,Black-capped Chickadee,True,Black-capped Chickadee,True,https://simile-xai-audio.s3.ap-southeast-2.amazonaws.com/data_v8_1/bird/audio/bird_Recording_2_Recording_2_Segment_05_31.wav,data/processed/BirdSoundsDataset_v2/audio/bird_Recording_2_Recording_2_Segment_05_31.wav,,,,
bird,bird_Recording_1_Recording_1_Segment_21_177,Black-capped Chickadee,ambiguous,-1.6683,all,0,False,11,21,Tufted Titmouse,False,0.2,Black-capped Chickadee,True,0.2,Black-capped Chickadee,True,0.2,Black-capped Chickadee,True,0.8,Black-capped Chickadee,True,Black-capped Chickadee,True,https://simile-xai-audio.s3.ap-southeast-2.amazonaws.com/data_v8_1/bird/audio/bird_Recording_1_Recording_1_Segment_21_177.wav,data/processed/BirdSoundsDataset_v2/audio/bird_Recording_1_Recording_1_Segment_21_177.wav,,,,
bird,bird_Recording_4_Recording_4_Segment_17_58,Black-capped Chickadee,ambiguous,-1.6307,all,0,False,14,21,Black-capped Chickadee,True,0.2,Eastern Towhee,False,0.0,Black-capped Chickadee,True,0.2,Black-capped Chickadee,True,0.4,Black-capped Chickadee,True,Black-capped Chickadee,True,https://simile-xai-audio.s3.ap-southeast-2.amazonaws.com/data_v8_1/bird/audio/bird_Recording_4_Recording_4_Segment_17_58.wav,data/processed/BirdSoundsDataset_v2/audio/bird_Recording_4_Recording_4_Segment_17_58.wav,,,,
bird,bird_Recording_2_Recording_2_Segment_03_35,Black-capped Chickadee,ambiguous,-1.6258,all,0,False,2,21,Wood Thrush,False,0.0,Wood Thrush,False,0.2,Wood Thrush,False,0.0,Wood Thrush,False,0.2,Wood Thrush,False,Wood Thrush,False,https://simile-xai-audio.s3.ap-southeast-2.amazonaws.com/data_v8_1/bird/audio/bird_Recording_2_Recording_2_Segment_03_35.wav,data/processed/BirdSoundsDataset_v2/audio/bird_Recording_2_Recording_2_Segment_03_35.wav,,,,
bird,bird_Recording_1_Recording_1_Segment_06_19,Black-capped Chickadee,ambiguous,-1.6077,all,0,False,0,21,Tufted Titmouse,False,0.2,Tufted Titmouse,False,0.4,Tufted Titmouse,False,0.2,Tufted Titmouse,False,0.0,Tufted Titmouse,False,Tufted Titmouse,False,https://simile-xai-audio.s3.ap-southeast-2.amazonaws.com/data_v8_1/bird/audio/bird_Recording_1_Recording_1_Segment_06_19.wav,data/processed/BirdSoundsDataset_v2/audio/bird_Recording_1_Recording_1_Segment_06_19.wav,,,,
bird,bird_Recording_4_Recording_4_Segment_23_130,Black-capped Chickadee,ambiguous,-1.5928,all,0,False,12,21,Black-capped Chickadee,True,0.0,Black-capped Chickadee,True,0.0,Black-capped Chickadee,True,0.8,Black-capped Chickadee,True,0.8,Eastern Towhee,False,Black-capped Chickadee,True,https://simile-xai-audio.s3.ap-southeast-2.amazonaws.com/data_v8_1/bird/audio/bird_Recording_4_Recording_4_Segment_23_130.wav,data/processed/BirdSoundsDataset_v2/audio/bird_Recording_4_Recording_4_Segment_23_130.wav,,,,
bird,bird_Recording_2_Recording_2_Segment_03_45,Black-capped Chickadee,ambiguous,-1.5554,all,0,False,8,21,Black-capped Chickadee,True,0.0,Wood Thrush,False,0.2,Wood Thrush,False,0.2,Wood Thrush,False,0.4,Black-capped Chickadee,True,Black-capped Chickadee,True,https://simile-xai-audio.s3.ap-southeast-2.amazonaws.com/data_v8_1/bird/audio/bird_Recording_2_Recording_2_Segment_03_45.wav,data/processed/BirdSoundsDataset_v2/audio/bird_Recording_2_Recording_2_Segment_03_45.wav,,,,
bird,bird_Recording_1_Recording_1_Segment_05_153,Black-capped Chickadee,ambiguous,-1.5534,all,0,False,2,21,Black-capped Chickadee,True,0.2,Wood Thrush,False,0.2,Wood Thrush,False,0.2,Wood Thrush,False,0.4,Black-capped Chickadee,True,Black-capped Chickadee,True,https://simile-xai-audio.s3.ap-southeast-2.amazonaws.com/data_v8_1/bird/audio/bird_Recording_1_Recording_1_Segment_05_153.wav,data/processed/BirdSoundsDataset_v2/audio/bird_Recording_1_Recording_1_Segment_05_153.wav,,,,
bird,bird_Recording_1_Recording_1_Segment_05_105,Black-capped Chickadee,ambiguous,-1.5364,all,0,False,14,21,Black-capped Chickadee,True,0.0,Tufted Titmouse,False,0.2,Black-capped Chickadee,True,0.4,Black-capped Chickadee,True,0.6,Black-capped Chickadee,True,Black-capped Chickadee,True,https://simile-xai-audio.s3.ap-southeast-2.amazonaws.com/data_v8_1/bird/audio/bird_Recording_1_Recording_1_Segment_05_105.wav,data/processed/BirdSoundsDataset_v2/audio/bird_Recording_1_Recording_1_Segment_05_105.wav,,,,
bird,bird_Recording_1_Recording_1_Segment_23_140,Black-capped Chickadee,borderline,-1.3124,all,0,False,14,21,Tufted Titmouse,False,0.2,Tufted Titmouse,False,0.2,Black-capped Chickadee,True,0.6,Black-capped Chickadee,True,0.4,Black-capped Chickadee,True,Black-capped Chickadee,True,https://simile-xai-audio.s3.ap-southeast-2.amazonaws.com/data_v8_1/bird/audio/bird_Recording_1_Recording_1_Segment_23_140.wav,data/processed/BirdSoundsDataset_v2/audio/bird_Recording_1_Recording_1_Segment_23_140.wav,,,,
bird,bird_Recording_1_Recording_1_Segment_24_148,Black-capped Chickadee,borderline,-1.2999,all,0,False,17,21,Black-capped Chickadee,True,0.2,Black-capped Chickadee,True,0.2,Black-capped Chickadee,True,0.8,Black-capped Chickadee,True,0.8,Eastern Towhee,False,Eastern Towhee,False,https://simile-xai-audio.s3.ap-southeast-2.amazonaws.com/data_v8_1/bird/audio/bird_Recording_1_Recording_1_Segment_24_148.wav,data/processed/BirdSoundsDataset_v2/audio/bird_Recording_1_Recording_1_Segment_24_148.wav,,,,
bird,bird_Recording_4_Recording_4_Segment_16_53,Black-capped Chickadee,borderline,-1.2966,all,0,False,9,21,Black-capped Chickadee,True,0.2,Eastern Towhee,False,0.0,Eastern Towhee,False,0.4,Eastern Towhee,False,0.4,Black-capped Chickadee,True,Black-capped Chickadee,True,https://simile-xai-audio.s3.ap-southeast-2.amazonaws.com/data_v8_1/bird/audio/bird_Recording_4_Recording_4_Segment_16_53.wav,data/processed/BirdSoundsDataset_v2/audio/bird_Recording_4_Recording_4_Segment_16_53.wav,,,,
bird,bird_Recording_1_Recording_1_Segment_06_154,Black-capped Chickadee,borderline,-1.2774,all,0,False,11,21,Black-capped Chickadee,True,0.4,Tufted Titmouse,False,0.0,Black-capped Chickadee,True,0.6,Black-capped Chickadee,True,0.4,Black-capped Chickadee,True,Black-capped Chickadee,True,https://simile-xai-audio.s3.ap-southeast-2.amazonaws.com/data_v8_1/bird/audio/bird_Recording_1_Recording_1_Segment_06_154.wav,data/processed/BirdSoundsDataset_v2/audio/bird_Recording_1_Recording_1_Segment_06_154.wav,,,,
bird,bird_Recording_4_Recording_4_Segment_15_197,Black-capped Chickadee,borderline,-1.2578,all,0,False,14,21,Tufted Titmouse,False,0.2,Black-capped Chickadee,True,0.2,Black-capped Chickadee,True,0.8,Black-capped Chickadee,True,0.8,Black-capped Chickadee,True,Black-capped Chickadee,True,https://simile-xai-audio.s3.ap-southeast-2.amazonaws.com/data_v8_1/bird/audio/bird_Recording_4_Recording_4_Segment_15_197.wav,data/processed/BirdSoundsDataset_v2/audio/bird_Recording_4_Recording_4_Segment_15_197.wav,,,,
bird,bird_Recording_4_Recording_4_Segment_24_1,Black-capped Chickadee,borderline,-1.2504,all,0,False,2,21,Eastern Towhee,False,0.2,Black-capped Chickadee,True,0.2,Eastern Towhee,False,0.6,Tufted Titmouse,False,0.2,Tufted Titmouse,False,Tufted Titmouse,False,https://simile-xai-audio.s3.ap-southeast-2.amazonaws.com/data_v8_1/bird/audio/bird_Recording_4_Recording_4_Segment_24_1.wav,data/processed/BirdSoundsDataset_v2/audio/bird_Recording_4_Recording_4_Segment_24_1.wav,,,,
bird,bird_Recording_3_Recording_3_Segment_01_193,Black-capped Chickadee,borderline,-1.2469,all,0,False,10,21,Eastern Towhee,False,0.4,Wood Thrush,False,0.2,Eastern Towhee,False,0.6,Black-capped Chickadee,True,0.8,Eastern Towhee,False,Eastern Towhee,False,https://simile-xai-audio.s3.ap-southeast-2.amazonaws.com/data_v8_1/bird/audio/bird_Recording_3_Recording_3_Segment_01_193.wav,data/processed/BirdSoundsDataset_v2/audio/bird_Recording_3_Recording_3_Segment_01_193.wav,,,,
bird,bird_Recording_1_Recording_1_Segment_06_303,Black-capped Chickadee,borderline,-1.2462,all,0,False,15,21,Black-capped Chickadee,True,0.4,Wood Thrush,False,0.4,Black-capped Chickadee,True,1.0,Black-capped Chickadee,True,0.8,Black-capped Chickadee,True,Eastern Towhee,False,https://simile-xai-audio.s3.ap-southeast-2.amazonaws.com/data_v8_1/bird/audio/bird_Recording_1_Recording_1_Segment_06_303.wav,data/processed/BirdSoundsDataset_v2/audio/bird_Recording_1_Recording_1_Segment_06_303.wav,,,,
bird,bird_Recording_4_Recording_4_Segment_23_47,Black-capped Chickadee,borderline,-1.187,all,0,False,5,21,Tufted Titmouse,False,0.0,Tufted Titmouse,False,0.0,Tufted Titmouse,False,0.2,Tufted Titmouse,False,0.6,Black-capped Chickadee,True,Black-capped Chickadee,True,https://simile-xai-audio.s3.ap-southeast-2.amazonaws.com/data_v8_1/bird/audio/bird_Recording_4_Recording_4_Segment_23_47.wav,data/processed/BirdSoundsDataset_v2/audio/bird_Recording_4_Recording_4_Segment_23_47.wav,,,,
bird,bird_Recording_4_Recording_4_Segment_22_156,Black-capped Chickadee,borderline,-1.1748,all,0,False,7,21,Eastern Towhee,False,0.0,Black-capped Chickadee,True,0.0,Tufted Titmouse,False,0.4,Black-capped Chickadee,True,0.6,Black-capped Chickadee,True,Black-capped Chickadee,True,https://simile-xai-audio.s3.ap-southeast-2.amazonaws.com/data_v8_1/bird/audio/bird_Recording_4_Recording_4_Segment_22_156.wav,data/processed/BirdSoundsDataset_v2/audio/bird_Recording_4_Recording_4_Segment_22_156.wav,,,,
bird,bird_Recording_1_Recording_1_Segment_27_1,Black-capped Chickadee,borderline,-1.1742,all,0,False,2,21,Tufted Titmouse,False,0.2,Black-capped Chickadee,True,0.2,Tufted Titmouse,False,0.2,Tufted Titmouse,False,0.0,Tufted Titmouse,False,Tufted Titmouse,False,https://simile-xai-audio.s3.ap-southeast-2.amazonaws.com/data_v8_1/bird/audio/bird_Recording_1_Recording_1_Segment_27_1.wav,data/processed/BirdSoundsDataset_v2/audio/bird_Recording_1_Recording_1_Segment_27_1.wav,,,,
bird,bird_Recording_1_Recording_1_Segment_21_182,Black-capped Chickadee,borderline,-1.1633,all,0,False,17,21,Black-capped Chickadee,True,0.0,Wood Thrush,False,0.4,Black-capped Chickadee,True,0.2,Black-capped Chickadee,True,0.6,Black-capped Chickadee,True,Eastern Towhee,False,https://simile-xai-audio.s3.ap-southeast-2.amazonaws.com/data_v8_1/bird/audio/bird_Recording_1_Recording_1_Segment_21_182.wav,data/processed/BirdSoundsDataset_v2/audio/bird_Recording_1_Recording_1_Segment_21_182.wav,,,,
bird,bird_Recording_4_Recording_4_Segment_22_138,Black-capped Chickadee,borderline,-1.1626,all,0,False,14,21,Eastern Towhee,False,0.2,Blue Jay,False,0.2,Black-capped Chickadee,True,0.8,Black-capped Chickadee,True,0.8,Black-capped Chickadee,True,Eastern Towhee,False,https://simile-xai-audio.s3.ap-southeast-2.amazonaws.com/data_v8_1/bird/audio/bird_Recording_4_Recording_4_Segment_22_138.wav,data/processed/BirdSoundsDataset_v2/audio/bird_Recording_4_Recording_4_Segment_22_138.wav,,,,
bird,bird_Recording_4_Recording_4_Segment_16_369,Black-capped Chickadee,borderline,-1.1575,all,0,False,17,21,Black-capped Chickadee,True,0.2,Blue Jay,False,0.2,Black-capped Chickadee,True,0.8,Black-capped Chickadee,True,0.8,Black-capped Chickadee,True,Black-capped Chickadee,True,https://simile-xai-audio.s3.ap-southeast-2.amazonaws.com/data_v8_1/bird/audio/bird_Recording_4_Recording_4_Segment_16_369.wav,data/processed/BirdSoundsDataset_v2/audio/bird_Recording_4_Recording_4_Segment_16_369.wav,,,,
bird,bird_Recording_2_Recording_2_Segment_08_284,Black-capped Chickadee,borderline,-1.1428,all,0,False,17,21,Black-capped Chickadee,True,0.4,Black-capped Chickadee,True,0.4,Black-capped Chickadee,True,0.8,Black-capped Chickadee,True,0.8,Black-capped Chickadee,True,Black-capped Chickadee,True,https://simile-xai-audio.s3.ap-southeast-2.amazonaws.com/data_v8_1/bird/audio/bird_Recording_2_Recording_2_Segment_08_284.wav,data/processed/BirdSoundsDataset_v2/audio/bird_Recording_2_Recording_2_Segment_08_284.wav,,,,
bird,bird_Recording_2_Recording_2_Segment_07_299,Black-capped Chickadee,clear,0.3509,all,0,False,18,21,Black-capped Chickadee,True,0.2,Black-capped Chickadee,True,0.2,Black-capped Chickadee,True,0.8,Black-capped Chickadee,True,0.8,Black-capped Chickadee,True,Black-capped Chickadee,True,https://simile-xai-audio.s3.ap-southeast-2.amazonaws.com/data_v8_1/bird/audio/bird_Recording_2_Recording_2_Segment_07_299.wav,data/processed/BirdSoundsDataset_v2/audio/bird_Recording_2_Recording_2_Segment_07_299.wav,,,,
bird,bird_Recording_1_Recording_1_Segment_26_70,Black-capped Chickadee,clear,0.2697,all,0,False,18,21,Black-capped Chickadee,True,0.2,Black-capped Chickadee,True,0.0,Black-capped Chickadee,True,0.8,Black-capped Chickadee,True,1.0,Black-capped Chickadee,True,Black-capped Chickadee,True,https://simile-xai-audio.s3.ap-southeast-2.amazonaws.com/data_v8_1/bird/audio/bird_Recording_1_Recording_1_Segment_26_70.wav,data/processed/BirdSoundsDataset_v2/audio/bird_Recording_1_Recording_1_Segment_26_70.wav,,,,
bird,bird_Recording_1_Recording_1_Segment_26_128,Black-capped Chickadee,clear,0.2649,all,0,False,20,21,Black-capped Chickadee,True,0.0,Black-capped Chickadee,True,0.0,Black-capped Chickadee,True,0.8,Black-capped Chickadee,True,0.8,Black-capped Chickadee,True,Black-capped Chickadee,True,https://simile-xai-audio.s3.ap-southeast-2.amazonaws.com/data_v8_1/bird/audio/bird_Recording_1_Recording_1_Segment_26_128.wav,data/processed/BirdSoundsDataset_v2/audio/bird_Recording_1_Recording_1_Segment_26_128.wav,,,,
bird,bird_Recording_1_Recording_1_Segment_24_245,Black-capped Chickadee,clear,0.1448,all,0,False,18,21,Black-capped Chickadee,True,0.0,Tufted Titmouse,False,0.2,Black-capped Chickadee,True,0.6,Black-capped Chickadee,True,0.6,Black-capped Chickadee,True,Tufted Titmouse,False,https://simile-xai-audio.s3.ap-southeast-2.amazonaws.com/data_v8_1/bird/audio/bird_Recording_1_Recording_1_Segment_24_245.wav,data/processed/BirdSoundsDataset_v2/audio/bird_Recording_1_Recording_1_Segment_24_245.wav,,,,
bird,bird_Recording_1_Recording_1_Segment_27_56,Black-capped Chickadee,clear,0.1279,all,0,False,18,21,Black-capped Chickadee,True,0.2,Black-capped Chickadee,True,0.2,Black-capped Chickadee,True,0.8,Black-capped Chickadee,True,0.8,Black-capped Chickadee,True,Black-capped Chickadee,True,https://simile-xai-audio.s3.ap-southeast-2.amazonaws.com/data_v8_1/bird/audio/bird_Recording_1_Recording_1_Segment_27_56.wav,data/processed/BirdSoundsDataset_v2/audio/bird_Recording_1_Recording_1_Segment_27_56.wav,,,,
bird,bird_Recording_2_Recording_2_Segment_08_22,Black-capped Chickadee,clear,0.1164,all,0,False,21,21,Black-capped Chickadee,True,0.4,Black-capped Chickadee,True,0.4,Black-capped Chickadee,True,0.8,Black-capped Chickadee,True,1.0,Black-capped Chickadee,True,Black-capped Chickadee,True,https://simile-xai-audio.s3.ap-southeast-2.amazonaws.com/data_v8_1/bird/audio/bird_Recording_2_Recording_2_Segment_08_22.wav,data/processed/BirdSoundsDataset_v2/audio/bird_Recording_2_Recording_2_Segment_08_22.wav,,,,
bird,bird_Recording_4_Recording_4_Segment_16_38,Black-capped Chickadee,clear,0.0842,all,0,False,18,21,Black-capped Chickadee,True,0.2,Eastern Towhee,False,0.2,Black-capped Chickadee,True,0.8,Black-capped Chickadee,True,0.6,Black-capped Chickadee,True,Black-capped Chickadee,True,https://simile-xai-audio.s3.ap-southeast-2.amazonaws.com/data_v8_1/bird/audio/bird_Recording_4_Recording_4_Segment_16_38.wav,data/processed/BirdSoundsDataset_v2/audio/bird_Recording_4_Recording_4_Segment_16_38.wav,,,,
bird,bird_Recording_2_Recording_2_Segment_07_349,Black-capped Chickadee,clear,0.0695,all,0,False,19,21,Black-capped Chickadee,True,0.2,Black-capped Chickadee,True,0.2,Black-capped Chickadee,True,1.0,Black-capped Chickadee,True,1.0,Black-capped Chickadee,True,Black-capped Chickadee,True,https://simile-xai-audio.s3.ap-southeast-2.amazonaws.com/data_v8_1/bird/audio/bird_Recording_2_Recording_2_Segment_07_349.wav,data/processed/BirdSoundsDataset_v2/audio/bird_Recording_2_Recording_2_Segment_07_349.wav,,,,
bird,bird_Recording_2_Recording_2_Segment_07_337,Black-capped Chickadee,clear,0.0693,all,0,False,16,21,Black-capped Chickadee,True,0.0,Black-capped Chickadee,True,0.2,Black-capped Chickadee,True,0.8,Black-capped Chickadee,True,1.0,Black-capped Chickadee,True,Eastern Towhee,False,https://simile-xai-audio.s3.ap-southeast-2.amazonaws.com/data_v8_1/bird/audio/bird_Recording_2_Recording_2_Segment_07_337.wav,data/processed/BirdSoundsDataset_v2/audio/bird_Recording_2_Recording_2_Segment_07_337.wav,,,,
bird,bird_Recording_2_Recording_2_Segment_07_325,Black-capped Chickadee,clear,0.0009,all,0,False,14,21,Black-capped Chickadee,True,0.2,Black-capped Chickadee,True,0.4,Black-capped Chickadee,True,1.0,Black-capped Chickadee,True,1.0,Black-capped Chickadee,True,Black-capped Chickadee,True,https://simile-xai-audio.s3.ap-southeast-2.amazonaws.com/data_v8_1/bird/audio/bird_Recording_2_Recording_2_Segment_07_325.wav,data/processed/BirdSoundsDataset_v2/audio/bird_Recording_2_Recording_2_Segment_07_325.wav,,,,
bird,bird_Recording_1_Recording_1_Segment_27_66,Black-capped Chickadee,clear,-0.0046,all,0,False,19,21,Black-capped Chickadee,True,0.2,Black-capped Chickadee,True,0.0,Black-capped Chickadee,True,0.8,Black-capped Chickadee,True,0.8,Black-capped Chickadee,True,Black-capped Chickadee,True,https://simile-xai-audio.s3.ap-southeast-2.amazonaws.com/data_v8_1/bird/audio/bird_Recording_1_Recording_1_Segment_27_66.wav,data/processed/BirdSoundsDataset_v2/audio/bird_Recording_1_Recording_1_Segment_27_66.wav,,,,
bird,bird_Recording_2_Recording_2_Segment_08_48,Black-capped Chickadee,clear,-0.0593,all,0,False,15,21,Black-capped Chickadee,True,0.0,Black-capped Chickadee,True,0.2,Black-capped Chickadee,True,0.6,Black-capped Chickadee,True,0.8,Black-capped Chickadee,True,Black-capped Chickadee,True,https://simile-xai-audio.s3.ap-southeast-2.amazonaws.com/data_v8_1/bird/audio/bird_Recording_2_Recording_2_Segment_08_48.wav,data/processed/BirdSoundsDataset_v2/audio/bird_Recording_2_Recording_2_Segment_08_48.wav,,,,
bird,bird_Recording_2_Recording_2_Segment_07_241,Black-capped Chickadee,clear,-0.1072,all,0,False,16,21,Black-capped Chickadee,True,0.2,Black-capped Chickadee,True,0.2,Black-capped Chickadee,True,1.0,Black-capped Chickadee,True,0.8,Black-capped Chickadee,True,Black-capped Chickadee,True,https://simile-xai-audio.s3.ap-southeast-2.amazonaws.com/data_v8_1/bird/audio/bird_Recording_2_Recording_2_Segment_07_241.wav,data/processed/BirdSoundsDataset_v2/audio/bird_Recording_2_Recording_2_Segment_07_241.wav,,,,
bird,bird_Recording_2_Recording_2_Segment_07_258,Black-capped Chickadee,clear,-0.1374,all,0,False,20,21,Black-capped Chickadee,True,0.4,Black-capped Chickadee,True,0.0,Black-capped Chickadee,True,1.0,Black-capped Chickadee,True,1.0,Black-capped Chickadee,True,Black-capped Chickadee,True,https://simile-xai-audio.s3.ap-southeast-2.amazonaws.com/data_v8_1/bird/audio/bird_Recording_2_Recording_2_Segment_07_258.wav,data/processed/BirdSoundsDataset_v2/audio/bird_Recording_2_Recording_2_Segment_07_258.wav,,,,
bird,bird_Recording_4_Recording_4_Segment_16_240,Black-capped Chickadee,clear,-0.1828,all,0,False,17,21,Black-capped Chickadee,True,0.4,Black-capped Chickadee,True,0.2,Black-capped Chickadee,True,0.8,Black-capped Chickadee,True,0.8,Black-capped Chickadee,True,Black-capped Chickadee,True,https://simile-xai-audio.s3.ap-southeast-2.amazonaws.com/data_v8_1/bird/audio/bird_Recording_4_Recording_4_Segment_16_240.wav,data/processed/BirdSoundsDataset_v2/audio/bird_Recording_4_Recording_4_Segment_16_240.wav,,,,
bird,bird_Recording_4_Recording_4_Segment_01_89,Blue Jay,ambiguous,-1.7825,all,0,False,15,21,Blue Jay,True,0.2,Blue Jay,True,0.4,Blue Jay,True,1.0,Blue Jay,True,1.0,Blue Jay,True,Eastern Towhee,False,https://simile-xai-audio.s3.ap-southeast-2.amazonaws.com/data_v8_1/bird/audio/bird_Recording_4_Recording_4_Segment_01_89.wav,data/processed/BirdSoundsDataset_v2/audio/bird_Recording_4_Recording_4_Segment_01_89.wav,,,,
bird,bird_Recording_4_Recording_4_Segment_04_162,Blue Jay,ambiguous,-1.7591,all,0,False,16,21,Blue Jay,True,0.2,Blue Jay,True,0.4,Blue Jay,True,0.8,Blue Jay,True,1.0,Blue Jay,True,Blue Jay,True,https://simile-xai-audio.s3.ap-southeast-2.amazonaws.com/data_v8_1/bird/audio/bird_Recording_4_Recording_4_Segment_04_162.wav,data/processed/BirdSoundsDataset_v2/audio/bird_Recording_4_Recording_4_Segment_04_162.wav,,,,
bird,bird_Recording_4_Recording_4_Segment_12_147,Blue Jay,ambiguous,-1.7273,all,0,False,17,21,Blue Jay,True,0.4,Blue Jay,True,0.4,Blue Jay,True,1.0,Blue Jay,True,1.0,Blue Jay,True,Eastern Towhee,False,https://simile-xai-audio.s3.ap-southeast-2.amazonaws.com/data_v8_1/bird/audio/bird_Recording_4_Recording_4_Segment_12_147.wav,data/processed/BirdSoundsDataset_v2/audio/bird_Recording_4_Recording_4_Segment_12_147.wav,,,,
bird,bird_Recording_2_Recording_2_Segment_09_124,Blue Jay,ambiguous,-1.6682,all,0,False,11,21,Black-capped Chickadee,False,0.0,Black-capped Chickadee,False,0.2,Blue Jay,True,0.6,Blue Jay,True,1.0,Black-capped Chickadee,False,Eastern Towhee,False,https://simile-xai-audio.s3.ap-southeast-2.amazonaws.com/data_v8_1/bird/audio/bird_Recording_2_Recording_2_Segment_09_124.wav,data/processed/BirdSoundsDataset_v2/audio/bird_Recording_2_Recording_2_Segment_09_124.wav,,,,
bird,bird_Recording_4_Recording_4_Segment_17_80,Blue Jay,ambiguous,-1.615,all,0,False,16,21,Black-capped Chickadee,False,0.4,Eastern Towhee,False,0.6,Blue Jay,True,1.0,Blue Jay,True,1.0,Blue Jay,True,Eastern Towhee,False,https://simile-xai-audio.s3.ap-southeast-2.amazonaws.com/data_v8_1/bird/audio/bird_Recording_4_Recording_4_Segment_17_80.wav,data/processed/BirdSoundsDataset_v2/audio/bird_Recording_4_Recording_4_Segment_17_80.wav,,,,
bird,bird_Recording_4_Recording_4_Segment_03_161,Blue Jay,ambiguous,-1.5695,all,0,False,14,21,Blue Jay,True,0.4,Blue Jay,True,0.2,Blue Jay,True,0.8,Blue Jay,True,1.0,Blue Jay,True,Eastern Towhee,False,https://simile-xai-audio.s3.ap-southeast-2.amazonaws.com/data_v8_1/bird/audio/bird_Recording_4_Recording_4_Segment_03_161.wav,data/processed/BirdSoundsDataset_v2/audio/bird_Recording_4_Recording_4_Segment_03_161.wav,,,,
bird,bird_Recording_4_Recording_4_Segment_03_139,Blue Jay,ambiguous,-1.5613,all,0,False,18,21,Blue Jay,True,0.0,Blue Jay,True,0.4,Blue Jay,True,0.8,Blue Jay,True,0.8,Blue Jay,True,Blue Jay,True,https://simile-xai-audio.s3.ap-southeast-2.amazonaws.com/data_v8_1/bird/audio/bird_Recording_4_Recording_4_Segment_03_139.wav,data/processed/BirdSoundsDataset_v2/audio/bird_Recording_4_Recording_4_Segment_03_139.wav,,,,
bird,bird_Recording_4_Recording_4_Segment_01_224,Blue Jay,ambiguous,-1.5605,all,0,False,16,21,Blue Jay,True,0.2,Blue Jay,True,0.4,Blue Jay,True,1.0,Blue Jay,True,1.0,Blue Jay,True,Blue Jay,True,https://simile-xai-audio.s3.ap-southeast-2.amazonaws.com/data_v8_1/bird/audio/bird_Recording_4_Recording_4_Segment_01_224.wav,data/processed/BirdSoundsDataset_v2/audio/bird_Recording_4_Recording_4_Segment_01_224.wav,,,,
bird,bird_Recording_4_Recording_4_Segment_04_85,Blue Jay,ambiguous,-1.5563,all,0,False,15,21,Blue Jay,True,0.2,Blue Jay,True,0.4,Blue Jay,True,0.8,Blue Jay,True,1.0,Blue Jay,True,Eastern Towhee,False,https://simile-xai-audio.s3.ap-southeast-2.amazonaws.com/data_v8_1/bird/audio/bird_Recording_4_Recording_4_Segment_04_85.wav,data/processed/BirdSoundsDataset_v2/audio/bird_Recording_4_Recording_4_Segment_04_85.wav,,,,
bird,bird_Recording_4_Recording_4_Segment_03_119,Blue Jay,ambiguous,-1.4783,all,0,False,19,21,Blue Jay,True,0.4,Blue Jay,True,0.4,Blue Jay,True,0.8,Blue Jay,True,1.0,Blue Jay,True,Blue Jay,True,https://simile-xai-audio.s3.ap-southeast-2.amazonaws.com/data_v8_1/bird/audio/bird_Recording_4_Recording_4_Segment_03_119.wav,data/processed/BirdSoundsDataset_v2/audio/bird_Recording_4_Recording_4_Segment_03_119.wav,,,,
bird,bird_Recording_4_Recording_4_Segment_03_1,Blue Jay,ambiguous,-1.4658,all,0,False,17,21,Blue Jay,True,0.4,Blue Jay,True,0.4,Blue Jay,True,1.0,Blue Jay,True,1.0,Blue Jay,True,Eastern Towhee,False,https://simile-xai-audio.s3.ap-southeast-2.amazonaws.com/data_v8_1/bird/audio/bird_Recording_4_Recording_4_Segment_03_1.wav,data/processed/BirdSoundsDataset_v2/audio/bird_Recording_4_Recording_4_Segment_03_1.wav,,,,
bird,bird_Recording_4_Recording_4_Segment_17_139,Blue Jay,ambiguous,-1.4524,all,0,False,18,21,Blue Jay,True,0.4,Blue Jay,True,0.4,Blue Jay,True,0.8,Blue Jay,True,1.0,Blue Jay,True,Blue Jay,True,https://simile-xai-audio.s3.ap-southeast-2.amazonaws.com/data_v8_1/bird/audio/bird_Recording_4_Recording_4_Segment_17_139.wav,data/processed/BirdSoundsDataset_v2/audio/bird_Recording_4_Recording_4_Segment_17_139.wav,,,,
bird,bird_Recording_4_Recording_4_Segment_02_207,Blue Jay,ambiguous,-1.42,all,0,False,18,21,Blue Jay,True,0.4,Blue Jay,True,0.4,Blue Jay,True,0.8,Blue Jay,True,1.0,Blue Jay,True,Blue Jay,True,https://simile-xai-audio.s3.ap-southeast-2.amazonaws.com/data_v8_1/bird/audio/bird_Recording_4_Recording_4_Segment_02_207.wav,data/processed/BirdSoundsDataset_v2/audio/bird_Recording_4_Recording_4_Segment_02_207.wav,,,,
bird,bird_Recording_2_Recording_2_Segment_10_238,Blue Jay,ambiguous,-1.4055,all,0,False,8,21,Wood Thrush,False,0.4,Blue Jay,True,0.0,Wood Thrush,False,0.4,Wood Thrush,False,0.6,Blue Jay,True,Eastern Towhee,False,https://simile-xai-audio.s3.ap-southeast-2.amazonaws.com/data_v8_1/bird/audio/bird_Recording_2_Recording_2_Segment_10_238.wav,data/processed/BirdSoundsDataset_v2/audio/bird_Recording_2_Recording_2_Segment_10_238.wav,,,,
bird,bird_Recording_4_Recording_4_Segment_03_182,Blue Jay,ambiguous,-1.4032,all,0,False,8,21,Eastern Towhee,False,0.2,Blue Jay,True,0.4,Eastern Towhee,False,0.6,Eastern Towhee,False,1.0,Blue Jay,True,Eastern Towhee,False,https://simile-xai-audio.s3.ap-southeast-2.amazonaws.com/data_v8_1/bird/audio/bird_Recording_4_Recording_4_Segment_03_182.wav,data/processed/BirdSoundsDataset_v2/audio/bird_Recording_4_Recording_4_Segment_03_182.wav,,,,
bird,bird_Recording_4_Recording_4_Segment_02_250,Blue Jay,borderline,-1.362,all,0,False,19,21,Blue Jay,True,0.2,Blue Jay,True,0.6,Blue Jay,True,0.8,Blue Jay,True,1.0,Blue Jay,True,Eastern Towhee,False,https://simile-xai-audio.s3.ap-southeast-2.amazonaws.com/data_v8_1/bird/audio/bird_Recording_4_Recording_4_Segment_02_250.wav,data/processed/BirdSoundsDataset_v2/audio/bird_Recording_4_Recording_4_Segment_02_250.wav,,,,
bird,bird_Recording_4_Recording_4_Segment_09_49,Blue Jay,borderline,-1.3324,all,0,False,15,21,Blue Jay,True,0.4,Blue Jay,True,0.4,Blue Jay,True,0.8,Blue Jay,True,1.0,Blue Jay,True,Blue Jay,True,https://simile-xai-audio.s3.ap-southeast-2.amazonaws.com/data_v8_1/bird/audio/bird_Recording_4_Recording_4_Segment_09_49.wav,data/processed/BirdSoundsDataset_v2/audio/bird_Recording_4_Recording_4_Segment_09_49.wav,,,,
bird,bird_Recording_4_Recording_4_Segment_16_143,Blue Jay,borderline,-1.3031,all,0,False,16,21,Blue Jay,True,0.0,Blue Jay,True,0.0,Blue Jay,True,0.6,Blue Jay,True,1.0,Blue Jay,True,Eastern Towhee,False,https://simile-xai-audio.s3.ap-southeast-2.amazonaws.com/data_v8_1/bird/audio/bird_Recording_4_Recording_4_Segment_16_143.wav,data/processed/BirdSoundsDataset_v2/audio/bird_Recording_4_Recording_4_Segment_16_143.wav,,,,
bird,bird_Recording_4_Recording_4_Segment_02_186,Blue Jay,borderline,-1.2999,all,0,False,18,21,Blue Jay,True,0.4,Blue Jay,True,0.4,Blue Jay,True,0.8,Blue Jay,True,1.0,Blue Jay,True,Blue Jay,True,https://simile-xai-audio.s3.ap-southeast-2.amazonaws.com/data_v8_1/bird/audio/bird_Recording_4_Recording_4_Segment_02_186.wav,data/processed/BirdSoundsDataset_v2/audio/bird_Recording_4_Recording_4_Segment_02_186.wav,,,,
bird,bird_Recording_4_Recording_4_Segment_09_66,Blue Jay,borderline,-1.2966,all,0,False,17,21,Blue Jay,True,0.4,Blue Jay,True,0.2,Blue Jay,True,0.8,Blue Jay,True,1.0,Blue Jay,True,Blue Jay,True,https://simile-xai-audio.s3.ap-southeast-2.amazonaws.com/data_v8_1/bird/audio/bird_Recording_4_Recording_4_Segment_09_66.wav,data/processed/BirdSoundsDataset_v2/audio/bird_Recording_4_Recording_4_Segment_09_66.wav,,,,
bird,bird_Recording_4_Recording_4_Segment_02_129,Blue Jay,borderline,-1.273,all,0,False,18,21,Blue Jay,True,0.0,Blue Jay,True,0.4,Blue Jay,True,0.6,Blue Jay,True,1.0,Blue Jay,True,Blue Jay,True,https://simile-xai-audio.s3.ap-southeast-2.amazonaws.com/data_v8_1/bird/audio/bird_Recording_4_Recording_4_Segment_02_129.wav,data/processed/BirdSoundsDataset_v2/audio/bird_Recording_4_Recording_4_Segment_02_129.wav,,,,
bird,bird_Recording_4_Recording_4_Segment_04_63,Blue Jay,borderline,-1.2547,all,0,False,19,21,Blue Jay,True,0.4,Blue Jay,True,0.2,Blue Jay,True,0.6,Blue Jay,True,1.0,Blue Jay,True,Eastern Towhee,False,https://simile-xai-audio.s3.ap-southeast-2.amazonaws.com/data_v8_1/bird/audio/bird_Recording_4_Recording_4_Segment_04_63.wav,data/processed/BirdSoundsDataset_v2/audio/bird_Recording_4_Recording_4_Segment_04_63.wav,,,,
bird,bird_Recording_4_Recording_4_Segment_17_171,Blue Jay,borderline,-1.241,all,0,False,16,21,Blue Jay,True,0.2,Eastern Towhee,False,0.4,Blue Jay,True,0.8,Blue Jay,True,1.0,Blue Jay,True,Blue Jay,True,https://simile-xai-audio.s3.ap-southeast-2.amazonaws.com/data_v8_1/bird/audio/bird_Recording_4_Recording_4_Segment_17_171.wav,data/processed/BirdSoundsDataset_v2/audio/bird_Recording_4_Recording_4_Segment_17_171.wav,,,,
bird,bird_Recording_4_Recording_4_Segment_02_37,Blue Jay,borderline,-1.2279,all,0,False,15,21,Blue Jay,True,0.4,Blue Jay,True,0.4,Blue Jay,True,0.8,Blue Jay,True,1.0,Blue Jay,True,Eastern Towhee,False,https://simile-xai-audio.s3.ap-southeast-2.amazonaws.com/data_v8_1/bird/audio/bird_Recording_4_Recording_4_Segment_02_37.wav,data/processed/BirdSoundsDataset_v2/audio/bird_Recording_4_Recording_4_Segment_02_37.wav,,,,
bird,bird_Recording_4_Recording_4_Segment_04_219,Blue Jay,borderline,-1.2116,all,0,False,7,21,Blue Jay,True,0.2,Blue Jay,True,0.4,Blue Jay,True,0.8,Eastern Towhee,False,1.0,Blue Jay,True,Eastern Towhee,False,https://simile-xai-audio.s3.ap-southeast-2.amazonaws.com/data_v8_1/bird/audio/bird_Recording_4_Recording_4_Segment_04_219.wav,data/processed/BirdSoundsDataset_v2/audio/bird_Recording_4_Recording_4_Segment_04_219.wav,,,,
bird,bird_Recording_4_Recording_4_Segment_04_4,Blue Jay,borderline,-1.1657,all,0,False,19,21,Blue Jay,True,0.4,Blue Jay,True,0.4,Blue Jay,True,1.0,Blue Jay,True,1.0,Blue Jay,True,Eastern Towhee,False,https://simile-xai-audio.s3.ap-southeast-2.amazonaws.com/data_v8_1/bird/audio/bird_Recording_4_Recording_4_Segment_04_4.wav,data/processed/BirdSoundsDataset_v2/audio/bird_Recording_4_Recording_4_Segment_04_4.wav,,,,
bird,bird_Recording_4_Recording_4_Segment_02_100,Blue Jay,borderline,-1.1164,all,0,False,20,21,Blue Jay,True,0.2,Blue Jay,True,0.6,Blue Jay,True,0.6,Blue Jay,True,1.0,Blue Jay,True,Blue Jay,True,https://simile-xai-audio.s3.ap-southeast-2.amazonaws.com/data_v8_1/bird/audio/bird_Recording_4_Recording_4_Segment_02_100.wav,data/processed/BirdSoundsDataset_v2/audio/bird_Recording_4_Recording_4_Segment_02_100.wav,,,,
bird,bird_Recording_4_Recording_4_Segment_10_3,Blue Jay,borderline,-1.1088,all,0,False,19,21,Blue Jay,True,0.4,Blue Jay,True,0.2,Blue Jay,True,0.8,Blue Jay,True,1.0,Blue Jay,True,Eastern Towhee,False,https://simile-xai-audio.s3.ap-southeast-2.amazonaws.com/data_v8_1/bird/audio/bird_Recording_4_Recording_4_Segment_10_3.wav,data/processed/BirdSoundsDataset_v2/audio/bird_Recording_4_Recording_4_Segment_10_3.wav,,,,
bird,bird_Recording_4_Recording_4_Segment_03_104,Blue Jay,borderline,-1.074,all,0,False,20,21,Blue Jay,True,0.2,Blue Jay,True,0.6,Blue Jay,True,1.0,Blue Jay,True,1.0,Blue Jay,True,Blue Jay,True,https://simile-xai-audio.s3.ap-southeast-2.amazonaws.com/data_v8_1/bird/audio/bird_Recording_4_Recording_4_Segment_03_104.wav,data/processed/BirdSoundsDataset_v2/audio/bird_Recording_4_Recording_4_Segment_03_104.wav,,,,
bird,bird_Recording_4_Recording_4_Segment_02_177,Blue Jay,borderline,-1.0607,all,0,False,17,21,Blue Jay,True,0.0,Blue Jay,True,0.4,Blue Jay,True,0.8,Blue Jay,True,1.0,Blue Jay,True,Blue Jay,True,https://simile-xai-audio.s3.ap-southeast-2.amazonaws.com/data_v8_1/bird/audio/bird_Recording_4_Recording_4_Segment_02_177.wav,data/processed/BirdSoundsDataset_v2/audio/bird_Recording_4_Recording_4_Segment_02_177.wav,,,,
bird,bird_Recording_4_Recording_4_Segment_03_141,Blue Jay,clear,0.0018,all,0,False,21,21,Blue Jay,True,0.2,Blue Jay,True,0.8,Blue Jay,True,0.8,Blue Jay,True,1.0,Blue Jay,True,Eastern Towhee,False,https://simile-xai-audio.s3.ap-southeast-2.amazonaws.com/data_v8_1/bird/audio/bird_Recording_4_Recording_4_Segment_03_141.wav,data/processed/BirdSoundsDataset_v2/audio/bird_Recording_4_Recording_4_Segment_03_141.wav,,,,
bird,bird_Recording_4_Recording_4_Segment_08_87,Blue Jay,clear,-0.2893,all,0,False,17,21,Blue Jay,True,0.2,Blue Jay,True,0.4,Blue Jay,True,0.8,Blue Jay,True,1.0,Blue Jay,True,Eastern Towhee,False,https://simile-xai-audio.s3.ap-southeast-2.amazonaws.com/data_v8_1/bird/audio/bird_Recording_4_Recording_4_Segment_08_87.wav,data/processed/BirdSoundsDataset_v2/audio/bird_Recording_4_Recording_4_Segment_08_87.wav,,,,
bird,bird_Recording_4_Recording_4_Segment_02_200,Blue Jay,clear,-0.3829,all,0,False,20,21,Blue Jay,True,0.4,Blue Jay,True,0.4,Blue Jay,True,1.0,Blue Jay,True,1.0,Blue Jay,True,Blue Jay,True,https://simile-xai-audio.s3.ap-southeast-2.amazonaws.com/data_v8_1/bird/audio/bird_Recording_4_Recording_4_Segment_02_200.wav,data/processed/BirdSoundsDataset_v2/audio/bird_Recording_4_Recording_4_Segment_02_200.wav,,,,
bird,bird_Recording_4_Recording_4_Segment_01_205,Blue Jay,clear,-0.4467,all,0,False,20,21,Blue Jay,True,0.4,Blue Jay,True,0.4,Blue Jay,True,0.8,Blue Jay,True,1.0,Blue Jay,True,Blue Jay,True,https://simile-xai-audio.s3.ap-southeast-2.amazonaws.com/data_v8_1/bird/audio/bird_Recording_4_Recording_4_Segment_01_205.wav,data/processed/BirdSoundsDataset_v2/audio/bird_Recording_4_Recording_4_Segment_01_205.wav,,,,
bird,bird_Recording_4_Recording_4_Segment_19_142,Blue Jay,clear,-0.5233,all,0,False,14,21,Blue Jay,True,0.4,Black-capped Chickadee,False,0.0,Blue Jay,True,0.8,Blue Jay,True,1.0,Blue Jay,True,Blue Jay,True,https://simile-xai-audio.s3.ap-southeast-2.amazonaws.com/data_v8_1/bird/audio/bird_Recording_4_Recording_4_Segment_19_142.wav,data/processed/BirdSoundsDataset_v2/audio/bird_Recording_4_Recording_4_Segment_19_142.wav,,,,
bird,bird_Recording_4_Recording_4_Segment_19_168,Blue Jay,clear,-0.5374,all,0,False,17,21,Blue Jay,True,0.4,Blue Jay,True,0.0,Blue Jay,True,0.8,Blue Jay,True,1.0,Blue Jay,True,Blue Jay,True,https://simile-xai-audio.s3.ap-southeast-2.amazonaws.com/data_v8_1/bird/audio/bird_Recording_4_Recording_4_Segment_19_168.wav,data/processed/BirdSoundsDataset_v2/audio/bird_Recording_4_Recording_4_Segment_19_168.wav,,,,
bird,bird_Recording_4_Recording_4_Segment_04_69,Blue Jay,clear,-0.6331,all,0,False,20,21,Blue Jay,True,0.2,Blue Jay,True,0.4,Blue Jay,True,0.8,Blue Jay,True,1.0,Blue Jay,True,Eastern Towhee,False,https://simile-xai-audio.s3.ap-southeast-2.amazonaws.com/data_v8_1/bird/audio/bird_Recording_4_Recording_4_Segment_04_69.wav,data/processed/BirdSoundsDataset_v2/audio/bird_Recording_4_Recording_4_Segment_04_69.wav,,,,
bird,bird_Recording_4_Recording_4_Segment_06_92,Blue Jay,clear,-0.6613,all,0,False,20,21,Blue Jay,True,0.2,Blue Jay,True,0.2,Blue Jay,True,0.8,Blue Jay,True,1.0,Blue Jay,True,Eastern Towhee,False,https://simile-xai-audio.s3.ap-southeast-2.amazonaws.com/data_v8_1/bird/audio/bird_Recording_4_Recording_4_Segment_06_92.wav,data/processed/BirdSoundsDataset_v2/audio/bird_Recording_4_Recording_4_Segment_06_92.wav,,,,
bird,bird_Recording_4_Recording_4_Segment_01_160,Blue Jay,clear,-0.7078,all,0,False,19,21,Blue Jay,True,0.2,Blue Jay,True,0.4,Blue Jay,True,0.8,Blue Jay,True,1.0,Blue Jay,True,Eastern Towhee,False,https://simile-xai-audio.s3.ap-southeast-2.amazonaws.com/data_v8_1/bird/audio/bird_Recording_4_Recording_4_Segment_01_160.wav,data/processed/BirdSoundsDataset_v2/audio/bird_Recording_4_Recording_4_Segment_01_160.wav,,,,
bird,bird_Recording_4_Recording_4_Segment_03_72,Blue Jay,clear,-0.7812,all,0,False,19,21,Blue Jay,True,0.2,Blue Jay,True,0.4,Blue Jay,True,1.0,Blue Jay,True,1.0,Blue Jay,True,Blue Jay,True,https://simile-xai-audio.s3.ap-southeast-2.amazonaws.com/data_v8_1/bird/audio/bird_Recording_4_Recording_4_Segment_03_72.wav,data/processed/BirdSoundsDataset_v2/audio/bird_Recording_4_Recording_4_Segment_03_72.wav,,,,
bird,bird_Recording_4_Recording_4_Segment_10_39,Blue Jay,clear,-0.8106,all,0,False,19,21,Blue Jay,True,0.2,Blue Jay,True,0.4,Blue Jay,True,0.8,Blue Jay,True,1.0,Blue Jay,True,Eastern Towhee,False,https://simile-xai-audio.s3.ap-southeast-2.amazonaws.com/data_v8_1/bird/audio/bird_Recording_4_Recording_4_Segment_10_39.wav,data/processed/BirdSoundsDataset_v2/audio/bird_Recording_4_Recording_4_Segment_10_39.wav,,,,
bird,bird_Recording_4_Recording_4_Segment_01_173,Blue Jay,clear,-0.881,all,0,False,21,21,Blue Jay,True,0.4,Blue Jay,True,0.6,Blue Jay,True,1.0,Blue Jay,True,1.0,Blue Jay,True,Blue Jay,True,https://simile-xai-audio.s3.ap-southeast-2.amazonaws.com/data_v8_1/bird/audio/bird_Recording_4_Recording_4_Segment_01_173.wav,data/processed/BirdSoundsDataset_v2/audio/bird_Recording_4_Recording_4_Segment_01_173.wav,,,,
bird,bird_Recording_4_Recording_4_Segment_02_52,Blue Jay,clear,-0.9174,all,0,False,18,21,Blue Jay,True,0.2,Blue Jay,True,0.6,Blue Jay,True,1.0,Blue Jay,True,1.0,Blue Jay,True,Eastern Towhee,False,https://simile-xai-audio.s3.ap-southeast-2.amazonaws.com/data_v8_1/bird/audio/bird_Recording_4_Recording_4_Segment_02_52.wav,data/processed/BirdSoundsDataset_v2/audio/bird_Recording_4_Recording_4_Segment_02_52.wav,,,,
bird,bird_Recording_4_Recording_4_Segment_02_117,Blue Jay,clear,-0.9191,all,0,False,18,21,Blue Jay,True,0.4,Blue Jay,True,0.4,Blue Jay,True,0.8,Blue Jay,True,1.0,Blue Jay,True,Blue Jay,True,https://simile-xai-audio.s3.ap-southeast-2.amazonaws.com/data_v8_1/bird/audio/bird_Recording_4_Recording_4_Segment_02_117.wav,data/processed/BirdSoundsDataset_v2/audio/bird_Recording_4_Recording_4_Segment_02_117.wav,,,,
bird,bird_Recording_2_Recording_2_Segment_10_90,Blue Jay,clear,-1.0443,all,0,False,13,21,Eastern Towhee,False,0.2,Blue Jay,True,0.0,Blue Jay,True,0.8,Blue Jay,True,1.0,Blue Jay,True,Eastern Towhee,False,https://simile-xai-audio.s3.ap-southeast-2.amazonaws.com/data_v8_1/bird/audio/bird_Recording_2_Recording_2_Segment_10_90.wav,data/processed/BirdSoundsDataset_v2/audio/bird_Recording_2_Recording_2_Segment_10_90.wav,,,,
bird,bird_Recording_2_Recording_2_Segment_14_5,Eastern Towhee,ambiguous,-1.9154,all,0,False,2,21,Wood Thrush,False,0.0,Blue Jay,False,0.2,Wood Thrush,False,0.0,Wood Thrush,False,0.0,Eastern Towhee,True,Eastern Towhee,True,https://simile-xai-audio.s3.ap-southeast-2.amazonaws.com/data_v8_1/bird/audio/bird_Recording_2_Recording_2_Segment_14_5.wav,data/processed/BirdSoundsDataset_v2/audio/bird_Recording_2_Recording_2_Segment_14_5.wav,,,,
bird,bird_Recording_2_Recording_2_Segment_01_20,Eastern Towhee,ambiguous,-1.6701,all,0,False,1,21,Wood Thrush,False,0.2,Wood Thrush,False,0.0,Wood Thrush,False,0.0,Wood Thrush,False,0.0,Eastern Towhee,True,Eastern Towhee,True,https://simile-xai-audio.s3.ap-southeast-2.amazonaws.com/data_v8_1/bird/audio/bird_Recording_2_Recording_2_Segment_01_20.wav,data/processed/BirdSoundsDataset_v2/audio/bird_Recording_2_Recording_2_Segment_01_20.wav,,,,
bird,bird_Recording_2_Recording_2_Segment_01_92,Eastern Towhee,ambiguous,-1.5347,all,0,False,14,21,Eastern Towhee,True,0.0,Wood Thrush,False,0.2,Eastern Towhee,True,0.2,Wood Thrush,False,0.2,Eastern Towhee,True,Eastern Towhee,True,https://simile-xai-audio.s3.ap-southeast-2.amazonaws.com/data_v8_1/bird/audio/bird_Recording_2_Recording_2_Segment_01_92.wav,data/processed/BirdSoundsDataset_v2/audio/bird_Recording_2_Recording_2_Segment_01_92.wav,,,,
bird,bird_Recording_2_Recording_2_Segment_01_141,Eastern Towhee,ambiguous,-1.5127,all,0,False,4,21,Wood Thrush,False,0.4,Wood Thrush,False,0.2,Black-capped Chickadee,False,0.0,Wood Thrush,False,0.0,Black-capped Chickadee,False,Eastern Towhee,True,https://simile-xai-audio.s3.ap-southeast-2.amazonaws.com/data_v8_1/bird/audio/bird_Recording_2_Recording_2_Segment_01_141.wav,data/processed/BirdSoundsDataset_v2/audio/bird_Recording_2_Recording_2_Segment_01_141.wav,,,,
bird,bird_Recording_1_Recording_1_Segment_07_239,Eastern Towhee,ambiguous,-1.4894,all,0,False,4,21,Wood Thrush,False,0.0,Wood Thrush,False,0.2,Wood Thrush,False,0.0,Wood Thrush,False,0.0,Eastern Towhee,True,Eastern Towhee,True,https://simile-xai-audio.s3.ap-southeast-2.amazonaws.com/data_v8_1/bird/audio/bird_Recording_1_Recording_1_Segment_07_239.wav,data/processed/BirdSoundsDataset_v2/audio/bird_Recording_1_Recording_1_Segment_07_239.wav,,,,
bird,bird_Recording_1_Recording_1_Segment_04_98,Eastern Towhee,ambiguous,-1.4615,all,0,False,12,21,Eastern Towhee,True,0.6,Wood Thrush,False,0.0,Eastern Towhee,True,0.2,Eastern Towhee,True,0.4,Eastern Towhee,True,Eastern Towhee,True,https://simile-xai-audio.s3.ap-southeast-2.amazonaws.com/data_v8_1/bird/audio/bird_Recording_1_Recording_1_Segment_04_98.wav,data/processed/BirdSoundsDataset_v2/audio/bird_Recording_1_Recording_1_Segment_04_98.wav,,,,
bird,bird_Recording_2_Recording_2_Segment_05_11,Eastern Towhee,ambiguous,-1.4529,all,0,False,3,21,Black-capped Chickadee,False,0.4,Black-capped Chickadee,False,0.2,Black-capped Chickadee,False,0.0,Black-capped Chickadee,False,0.0,Black-capped Chickadee,False,Eastern Towhee,True,https://simile-xai-audio.s3.ap-southeast-2.amazonaws.com/data_v8_1/bird/audio/bird_Recording_2_Recording_2_Segment_05_11.wav,data/processed/BirdSoundsDataset_v2/audio/bird_Recording_2_Recording_2_Segment_05_11.wav,,,,
bird,bird_Recording_1_Recording_1_Segment_09_119,Eastern Towhee,ambiguous,-1.4276,all,0,False,7,21,Wood Thrush,False,0.0,Blue Jay,False,0.0,Wood Thrush,False,0.0,Wood Thrush,False,0.0,Wood Thrush,False,Eastern Towhee,True,https://simile-xai-audio.s3.ap-southeast-2.amazonaws.com/data_v8_1/bird/audio/bird_Recording_1_Recording_1_Segment_09_119.wav,data/processed/BirdSoundsDataset_v2/audio/bird_Recording_1_Recording_1_Segment_09_119.wav,,,,
bird,bird_Recording_1_Recording_1_Segment_08_184,Eastern Towhee,ambiguous,-1.2763,all,0,False,10,21,Tufted Titmouse,False,0.2,Tufted Titmouse,False,0.2,Eastern Towhee,True,0.2,Tufted Titmouse,False,0.0,Eastern Towhee,True,Eastern Towhee,True,https://simile-xai-audio.s3.ap-southeast-2.amazonaws.com/data_v8_1/bird/audio/bird_Recording_1_Recording_1_Segment_08_184.wav,data/processed/BirdSoundsDataset_v2/audio/bird_Recording_1_Recording_1_Segment_08_184.wav,,,,
bird,bird_Recording_2_Recording_2_Segment_05_234,Eastern Towhee,ambiguous,-1.2409,all,0,False,1,21,Black-capped Chickadee,False,0.4,Wood Thrush,False,0.0,Black-capped Chickadee,False,0.0,Black-capped Chickadee,False,0.0,Black-capped Chickadee,False,Black-capped Chickadee,False,https://simile-xai-audio.s3.ap-southeast-2.amazonaws.com/data_v8_1/bird/audio/bird_Recording_2_Recording_2_Segment_05_234.wav,data/processed/BirdSoundsDataset_v2/audio/bird_Recording_2_Recording_2_Segment_05_234.wav,,,,
bird,bird_Recording_2_Recording_2_Segment_07_131,Eastern Towhee,ambiguous,-1.2048,all,0,False,2,21,Wood Thrush,False,0.4,Wood Thrush,False,0.4,Wood Thrush,False,0.2,Wood Thrush,False,0.0,Wood Thrush,False,Eastern Towhee,True,https://simile-xai-audio.s3.ap-southeast-2.amazonaws.com/data_v8_1/bird/audio/bird_Recording_2_Recording_2_Segment_07_131.wav,data/processed/BirdSoundsDataset_v2/audio/bird_Recording_2_Recording_2_Segment_07_131.wav,,,,
bird,bird_Recording_1_Recording_1_Segment_07_147,Eastern Towhee,ambiguous,-1.1595,all,0,False,5,21,Tufted Titmouse,False,0.2,Tufted Titmouse,False,0.2,Tufted Titmouse,False,0.2,Tufted Titmouse,False,0.2,Tufted Titmouse,False,Eastern Towhee,True,https://simile-xai-audio.s3.ap-southeast-2.amazonaws.com/data_v8_1/bird/audio/bird_Recording_1_Recording_1_Segment_07_147.wav,data/processed/BirdSoundsDataset_v2/audio/bird_Recording_1_Recording_1_Segment_07_147.wav,,,,
bird,bird_Recording_4_Recording_4_Segment_16_3,Eastern Towhee,ambiguous,-1.123,all,0,False,12,21,Black-capped Chickadee,False,0.2,Eastern Towhee,True,0.4,Black-capped Chickadee,False,0.2,Eastern Towhee,True,0.4,Eastern Towhee,True,Eastern Towhee,True,https://simile-xai-audio.s3.ap-southeast-2.amazonaws.com/data_v8_1/bird/audio/bird_Recording_4_Recording_4_Segment_16_3.wav,data/processed/BirdSoundsDataset_v2/audio/bird_Recording_4_Recording_4_Segment_16_3.wav,,,,
bird,bird_Recording_1_Recording_1_Segment_05_22,Eastern Towhee,ambiguous,-1.0615,all,0,False,7,21,Eastern Towhee,True,0.0,Blue Jay,False,0.0,Wood Thrush,False,0.2,Wood Thrush,False,0.0,Eastern Towhee,True,Eastern Towhee,True,https://simile-xai-audio.s3.ap-southeast-2.amazonaws.com/data_v8_1/bird/audio/bird_Recording_1_Recording_1_Segment_05_22.wav,data/processed/BirdSoundsDataset_v2/audio/bird_Recording_1_Recording_1_Segment_05_22.wav,,,,
bird,bird_Recording_1_Recording_1_Segment_32_50,Eastern Towhee,ambiguous,-1.0378,all,0,False,4,21,Eastern Towhee,True,0.0,Black-capped Chickadee,False,0.0,Tufted Titmouse,False,0.0,Black-capped Chickadee,False,0.2,Eastern Towhee,True,Eastern Towhee,True,https://simile-xai-audio.s3.ap-southeast-2.amazonaws.com/data_v8_1/bird/audio/bird_Recording_1_Recording_1_Segment_32_50.wav,data/processed/BirdSoundsDataset_v2/audio/bird_Recording_1_Recording_1_Segment_32_50.wav,,,,
bird,bird_Recording_4_Recording_4_Segment_14_230,Eastern Towhee,borderline,0.2719,all,0,False,17,21,Eastern Towhee,True,0.4,Eastern Towhee,True,0.2,Eastern Towhee,True,1.0,Eastern Towhee,True,0.6,Eastern Towhee,True,Eastern Towhee,True,https://simile-xai-audio.s3.ap-southeast-2.amazonaws.com/data_v8_1/bird/audio/bird_Recording_4_Recording_4_Segment_14_230.wav,data/processed/BirdSoundsDataset_v2/audio/bird_Recording_4_Recording_4_Segment_14_230.wav,,,,
bird,bird_Recording_4_Recording_4_Segment_24_84,Eastern Towhee,borderline,0.2719,all,0,False,3,21,Eastern Towhee,True,0.0,Black-capped Chickadee,False,0.6,Black-capped Chickadee,False,0.0,Black-capped Chickadee,False,0.0,Eastern Towhee,True,Eastern Towhee,True,https://simile-xai-audio.s3.ap-southeast-2.amazonaws.com/data_v8_1/bird/audio/bird_Recording_4_Recording_4_Segment_24_84.wav,data/processed/BirdSoundsDataset_v2/audio/bird_Recording_4_Recording_4_Segment_24_84.wav,,,,
bird,bird_Recording_4_Recording_4_Segment_23_117,Eastern Towhee,borderline,0.2854,all,0,False,12,21,Eastern Towhee,True,0.0,Eastern Towhee,True,0.4,Black-capped Chickadee,False,0.2,Eastern Towhee,True,0.2,Eastern Towhee,True,Eastern Towhee,True,https://simile-xai-audio.s3.ap-southeast-2.amazonaws.com/data_v8_1/bird/audio/bird_Recording_4_Recording_4_Segment_23_117.wav,data/processed/BirdSoundsDataset_v2/audio/bird_Recording_4_Recording_4_Segment_23_117.wav,,,,
bird,bird_Recording_4_Recording_4_Segment_15_83,Eastern Towhee,borderline,0.287,all,0,False,17,21,Black-capped Chickadee,False,0.2,Wood Thrush,False,0.2,Eastern Towhee,True,0.2,Eastern Towhee,True,0.0,Eastern Towhee,True,Black-capped Chickadee,False,https://simile-xai-audio.s3.ap-southeast-2.amazonaws.com/data_v8_1/bird/audio/bird_Recording_4_Recording_4_Segment_15_83.wav,data/processed/BirdSoundsDataset_v2/audio/bird_Recording_4_Recording_4_Segment_15_83.wav,,,,
bird,bird_Recording_1_Recording_1_Segment_22_175,Eastern Towhee,borderline,0.2882,all,0,False,12,21,Eastern Towhee,True,0.8,Eastern Towhee,True,0.2,Eastern Towhee,True,0.4,Eastern Towhee,True,0.4,Eastern Towhee,True,Eastern Towhee,True,https://simile-xai-audio.s3.ap-southeast-2.amazonaws.com/data_v8_1/bird/audio/bird_Recording_1_Recording_1_Segment_22_175.wav,data/processed/BirdSoundsDataset_v2/audio/bird_Recording_1_Recording_1_Segment_22_175.wav,,,,
bird,bird_Recording_2_Recording_2_Segment_10_64,Eastern Towhee,borderline,0.2891,all,0,False,17,21,Wood Thrush,False,0.2,Blue Jay,False,0.2,Eastern Towhee,True,0.0,Eastern Towhee,True,0.2,Eastern Towhee,True,Eastern Towhee,True,https://simile-xai-audio.s3.ap-southeast-2.amazonaws.com/data_v8_1/bird/audio/bird_Recording_2_Recording_2_Segment_10_64.wav,data/processed/BirdSoundsDataset_v2/audio/bird_Recording_2_Recording_2_Segment_10_64.wav,,,,
bird,bird_Recording_4_Recording_4_Segment_24_206,Eastern Towhee,borderline,0.292,all,0,False,16,21,Eastern Towhee,True,0.0,Eastern Towhee,True,0.6,Eastern Towhee,True,0.6,Eastern Towhee,True,0.4,Eastern Towhee,True,Eastern Towhee,True,https://simile-xai-audio.s3.ap-southeast-2.amazonaws.com/data_v8_1/bird/audio/bird_Recording_4_Recording_4_Segment_24_206.wav,data/processed/BirdSoundsDataset_v2/audio/bird_Recording_4_Recording_4_Segment_24_206.wav,,,,
bird,bird_Recording_4_Recording_4_Segment_02_154,Eastern Towhee,borderline,0.2921,all,0,False,3,21,Blue Jay,False,0.2,Blue Jay,False,0.0,Blue Jay,False,0.0,Blue Jay,False,0.0,Eastern Towhee,True,Eastern Towhee,True,https://simile-xai-audio.s3.ap-southeast-2.amazonaws.com/data_v8_1/bird/audio/bird_Recording_4_Recording_4_Segment_02_154.wav,data/processed/BirdSoundsDataset_v2/audio/bird_Recording_4_Recording_4_Segment_02_154.wav,,,,
bird,bird_Recording_1_Recording_1_Segment_22_203,Eastern Towhee,borderline,0.2937,all,0,False,2,21,Eastern Towhee,True,0.6,Eastern Towhee,True,0.2,Tufted Titmouse,False,0.2,Tufted Titmouse,False,0.0,Eastern Towhee,True,Eastern Towhee,True,https://simile-xai-audio.s3.ap-southeast-2.amazonaws.com/data_v8_1/bird/audio/bird_Recording_1_Recording_1_Segment_22_203.wav,data/processed/BirdSoundsDataset_v2/audio/bird_Recording_1_Recording_1_Segment_22_203.wav,,,,
bird,bird_Recording_4_Recording_4_Segment_02_85,Eastern Towhee,borderline,0.3164,all,0,False,2,21,Eastern Towhee,True,0.2,Blue Jay,False,0.0,Blue Jay,False,0.0,Blue Jay,False,0.0,Blue Jay,False,Blue Jay,False,https://simile-xai-audio.s3.ap-southeast-2.amazonaws.com/data_v8_1/bird/audio/bird_Recording_4_Recording_4_Segment_02_85.wav,data/processed/BirdSoundsDataset_v2/audio/bird_Recording_4_Recording_4_Segment_02_85.wav,,,,
bird,bird_Recording_1_Recording_1_Segment_12_175,Eastern Towhee,borderline,0.319,all,0,False,5,21,Eastern Towhee,True,0.6,Wood Thrush,False,0.2,Wood Thrush,False,0.2,Wood Thrush,False,0.0,Wood Thrush,False,Wood Thrush,False,https://simile-xai-audio.s3.ap-southeast-2.amazonaws.com/data_v8_1/bird/audio/bird_Recording_1_Recording_1_Segment_12_175.wav,data/processed/BirdSoundsDataset_v2/audio/bird_Recording_1_Recording_1_Segment_12_175.wav,,,,
bird,bird_Recording_4_Recording_4_Segment_24_179,Eastern Towhee,borderline,0.324,all,0,False,14,21,Eastern Towhee,True,0.4,Eastern Towhee,True,0.0,Eastern Towhee,True,0.2,Eastern Towhee,True,0.0,Black-capped Chickadee,False,Eastern Towhee,True,https://simile-xai-audio.s3.ap-southeast-2.amazonaws.com/data_v8_1/bird/audio/bird_Recording_4_Recording_4_Segment_24_179.wav,data/processed/BirdSoundsDataset_v2/audio/bird_Recording_4_Recording_4_Segment_24_179.wav,,,,
bird,bird_Recording_1_Recording_1_Segment_22_130,Eastern Towhee,borderline,0.3327,all,0,False,17,21,Eastern Towhee,True,0.8,Wood Thrush,False,0.4,Eastern Towhee,True,0.2,Eastern Towhee,True,0.2,Eastern Towhee,True,Eastern Towhee,True,https://simile-xai-audio.s3.ap-southeast-2.amazonaws.com/data_v8_1/bird/audio/bird_Recording_1_Recording_1_Segment_22_130.wav,data/processed/BirdSoundsDataset_v2/audio/bird_Recording_1_Recording_1_Segment_22_130.wav,,,,
bird,bird_Recording_1_Recording_1_Segment_22_183,Eastern Towhee,borderline,0.3337,all,0,False,13,21,Eastern Towhee,True,0.6,Eastern Towhee,True,0.4,Eastern Towhee,True,0.2,Eastern Towhee,True,0.4,Eastern Towhee,True,Eastern Towhee,True,https://simile-xai-audio.s3.ap-southeast-2.amazonaws.com/data_v8_1/bird/audio/bird_Recording_1_Recording_1_Segment_22_183.wav,data/processed/BirdSoundsDataset_v2/audio/bird_Recording_1_Recording_1_Segment_22_183.wav,,,,
bird,bird_Recording_4_Recording_4_Segment_18_194,Eastern Towhee,borderline,0.3485,all,0,False,16,21,Eastern Towhee,True,0.2,Black-capped Chickadee,False,0.2,Eastern Towhee,True,0.6,Eastern Towhee,True,0.8,Eastern Towhee,True,Eastern Towhee,True,https://simile-xai-audio.s3.ap-southeast-2.amazonaws.com/data_v8_1/bird/audio/bird_Recording_4_Recording_4_Segment_18_194.wav,data/processed/BirdSoundsDataset_v2/audio/bird_Recording_4_Recording_4_Segment_18_194.wav,,,,
bird,bird_Recording_1_Recording_1_Segment_34_17,Eastern Towhee,clear,1.6258,all,0,False,18,21,Eastern Towhee,True,0.2,Tufted Titmouse,False,0.2,Eastern Towhee,True,0.8,Eastern Towhee,True,0.6,Eastern Towhee,True,Eastern Towhee,True,https://simile-xai-audio.s3.ap-southeast-2.amazonaws.com/data_v8_1/bird/audio/bird_Recording_1_Recording_1_Segment_34_17.wav,data/processed/BirdSoundsDataset_v2/audio/bird_Recording_1_Recording_1_Segment_34_17.wav,,,,
bird,bird_Recording_1_Recording_1_Segment_16_94,Eastern Towhee,clear,1.6155,all,0,False,19,21,Eastern Towhee,True,0.2,Tufted Titmouse,False,0.0,Eastern Towhee,True,0.4,Eastern Towhee,True,0.6,Eastern Towhee,True,Eastern Towhee,True,https://simile-xai-audio.s3.ap-southeast-2.amazonaws.com/data_v8_1/bird/audio/bird_Recording_1_Recording_1_Segment_16_94.wav,data/processed/BirdSoundsDataset_v2/audio/bird_Recording_1_Recording_1_Segment_16_94.wav,,,,
bird,bird_Recording_1_Recording_1_Segment_34_4,Eastern Towhee,clear,1.607,all,0,False,18,21,Eastern Towhee,True,0.2,Eastern Towhee,True,0.2,Eastern Towhee,True,0.8,Eastern Towhee,True,0.6,Eastern Towhee,True,Eastern Towhee,True,https://simile-xai-audio.s3.ap-southeast-2.amazonaws.com/data_v8_1/bird/audio/bird_Recording_1_Recording_1_Segment_34_4.wav,data/processed/BirdSoundsDataset_v2/audio/bird_Recording_1_Recording_1_Segment_34_4.wav,,,,
bird,bird_Recording_1_Recording_1_Segment_36_12,Eastern Towhee,clear,1.606,all,0,False,18,21,Eastern Towhee,True,0.4,Eastern Towhee,True,0.2,Eastern Towhee,True,0.8,Eastern Towhee,True,0.8,Eastern Towhee,True,Eastern Towhee,True,https://simile-xai-audio.s3.ap-southeast-2.amazonaws.com/data_v8_1/bird/audio/bird_Recording_1_Recording_1_Segment_36_12.wav,data/processed/BirdSoundsDataset_v2/audio/bird_Recording_1_Recording_1_Segment_36_12.wav,,,,
bird,bird_Recording_1_Recording_1_Segment_34_16,Eastern Towhee,clear,1.599,all,0,False,18,21,Eastern Towhee,True,0.2,Eastern Towhee,True,0.2,Eastern Towhee,True,0.8,Eastern Towhee,True,0.6,Eastern Towhee,True,Eastern Towhee,True,https://simile-xai-audio.s3.ap-southeast-2.amazonaws.com/data_v8_1/bird/audio/bird_Recording_1_Recording_1_Segment_34_16.wav,data/processed/BirdSoundsDataset_v2/audio/bird_Recording_1_Recording_1_Segment_34_16.wav,,,,
bird,bird_Recording_1_Recording_1_Segment_35_84,Eastern Towhee,clear,1.5566,all,0,False,17,21,Eastern Towhee,True,0.2,Eastern Towhee,True,0.2,Eastern Towhee,True,0.8,Eastern Towhee,True,0.8,Eastern Towhee,True,Eastern Towhee,True,https://simile-xai-audio.s3.ap-southeast-2.amazonaws.com/data_v8_1/bird/audio/bird_Recording_1_Recording_1_Segment_35_84.wav,data/processed/BirdSoundsDataset_v2/audio/bird_Recording_1_Recording_1_Segment_35_84.wav,,,,
bird,bird_Recording_1_Recording_1_Segment_35_23,Eastern Towhee,clear,1.5554,all,0,False,18,21,Tufted Titmouse,False,0.4,Eastern Towhee,True,0.2,Eastern Towhee,True,0.8,Eastern Towhee,True,0.8,Eastern Towhee,True,Eastern Towhee,True,https://simile-xai-audio.s3.ap-southeast-2.amazonaws.com/data_v8_1/bird/audio/bird_Recording_1_Recording_1_Segment_35_23.wav,data/processed/BirdSoundsDataset_v2/audio/bird_Recording_1_Recording_1_Segment_35_23.wav,,,,
bird,bird_Recording_1_Recording_1_Segment_33_104,Eastern Towhee,clear,1.5395,all,0,False,20,21,Eastern Towhee,True,0.2,Eastern Towhee,True,0.2,Eastern Towhee,True,0.6,Eastern Towhee,True,0.8,Eastern Towhee,True,Eastern Towhee,True,https://simile-xai-audio.s3.ap-southeast-2.amazonaws.com/data_v8_1/bird/audio/bird_Recording_1_Recording_1_Segment_33_104.wav,data/processed/BirdSoundsDataset_v2/audio/bird_Recording_1_Recording_1_Segment_33_104.wav,,,,
bird,bird_Recording_1_Recording_1_Segment_33_72,Eastern Towhee,clear,1.5213,all,0,False,19,21,Eastern Towhee,True,0.2,Eastern Towhee,True,0.2,Eastern Towhee,True,0.8,Eastern Towhee,True,1.0,Eastern Towhee,True,Eastern Towhee,True,https://simile-xai-audio.s3.ap-southeast-2.amazonaws.com/data_v8_1/bird/audio/bird_Recording_1_Recording_1_Segment_33_72.wav,data/processed/BirdSoundsDataset_v2/audio/bird_Recording_1_Recording_1_Segment_33_72.wav,,,,
bird,bird_Recording_4_Recording_4_Segment_20_119,Eastern Towhee,clear,1.5182,all,0,False,18,21,Eastern Towhee,True,0.2,Eastern Towhee,True,0.2,Eastern Towhee,True,0.6,Eastern Towhee,True,0.6,Eastern Towhee,True,Eastern Towhee,True,https://simile-xai-audio.s3.ap-southeast-2.amazonaws.com/data_v8_1/bird/audio/bird_Recording_4_Recording_4_Segment_20_119.wav,data/processed/BirdSoundsDataset_v2/audio/bird_Recording_4_Recording_4_Segment_20_119.wav,,,,
bird,bird_Recording_4_Recording_4_Segment_11_36,Eastern Towhee,clear,1.5059,all,0,False,20,21,Eastern Towhee,True,0.2,Eastern Towhee,True,0.2,Eastern Towhee,True,0.8,Eastern Towhee,True,0.8,Eastern Towhee,True,Eastern Towhee,True,https://simile-xai-audio.s3.ap-southeast-2.amazonaws.com/data_v8_1/bird/audio/bird_Recording_4_Recording_4_Segment_11_36.wav,data/processed/BirdSoundsDataset_v2/audio/bird_Recording_4_Recording_4_Segment_11_36.wav,,,,
bird,bird_Recording_4_Recording_4_Segment_06_136,Eastern Towhee,clear,1.4835,all,0,False,19,21,Eastern Towhee,True,0.2,Eastern Towhee,True,0.2,Eastern Towhee,True,0.4,Eastern Towhee,True,0.6,Eastern Towhee,True,Eastern Towhee,True,https://simile-xai-audio.s3.ap-southeast-2.amazonaws.com/data_v8_1/bird/audio/bird_Recording_4_Recording_4_Segment_06_136.wav,data/processed/BirdSoundsDataset_v2/audio/bird_Recording_4_Recording_4_Segment_06_136.wav,,,,
bird,bird_Recording_4_Recording_4_Segment_21_52,Eastern Towhee,clear,1.4822,all,0,False,19,21,Eastern Towhee,True,0.2,Eastern Towhee,True,0.2,Eastern Towhee,True,0.8,Eastern Towhee,True,0.8,Eastern Towhee,True,Eastern Towhee,True,https://simile-xai-audio.s3.ap-southeast-2.amazonaws.com/data_v8_1/bird/audio/bird_Recording_4_Recording_4_Segment_21_52.wav,data/processed/BirdSoundsDataset_v2/audio/bird_Recording_4_Recording_4_Segment_21_52.wav,,,,
bird,bird_Recording_4_Recording_4_Segment_03_114,Eastern Towhee,clear,1.4799,all,0,False,16,21,Eastern Towhee,True,0.4,Blue Jay,False,0.2,Eastern Towhee,True,0.2,Eastern Towhee,True,0.2,Eastern Towhee,True,Eastern Towhee,True,https://simile-xai-audio.s3.ap-southeast-2.amazonaws.com/data_v8_1/bird/audio/bird_Recording_4_Recording_4_Segment_03_114.wav,data/processed/BirdSoundsDataset_v2/audio/bird_Recording_4_Recording_4_Segment_03_114.wav,,,,
bird,bird_Recording_4_Recording_4_Segment_20_61,Eastern Towhee,clear,1.4776,all,0,False,18,21,Eastern Towhee,True,0.4,Eastern Towhee,True,0.2,Eastern Towhee,True,1.0,Eastern Towhee,True,0.8,Eastern Towhee,True,Eastern Towhee,True,https://simile-xai-audio.s3.ap-southeast-2.amazonaws.com/data_v8_1/bird/audio/bird_Recording_4_Recording_4_Segment_20_61.wav,data/processed/BirdSoundsDataset_v2/audio/bird_Recording_4_Recording_4_Segment_20_61.wav,,,,
bird,bird_Recording_4_Recording_4_Segment_12_228,Tufted Titmouse,ambiguous,-2.1011,all,0,False,8,21,Blue Jay,False,0.0,Eastern Towhee,False,0.6,Black-capped Chickadee,False,0.2,Eastern Towhee,False,0.4,Tufted Titmouse,True,Eastern Towhee,False,https://simile-xai-audio.s3.ap-southeast-2.amazonaws.com/data_v8_1/bird/audio/bird_Recording_4_Recording_4_Segment_12_228.wav,data/processed/BirdSoundsDataset_v2/audio/bird_Recording_4_Recording_4_Segment_12_228.wav,,,,
bird,bird_Recording_1_Recording_1_Segment_06_284,Tufted Titmouse,ambiguous,-1.9967,all,0,False,10,21,Tufted Titmouse,True,0.0,Tufted Titmouse,True,0.2,Black-capped Chickadee,False,0.6,Tufted Titmouse,True,0.6,Tufted Titmouse,True,Eastern Towhee,False,https://simile-xai-audio.s3.ap-southeast-2.amazonaws.com/data_v8_1/bird/audio/bird_Recording_1_Recording_1_Segment_06_284.wav,data/processed/BirdSoundsDataset_v2/audio/bird_Recording_1_Recording_1_Segment_06_284.wav,,,,
bird,bird_Recording_1_Recording_1_Segment_10_64,Tufted Titmouse,ambiguous,-1.9089,all,0,False,2,21,Eastern Towhee,False,0.0,Eastern Towhee,False,0.2,Eastern Towhee,False,0.2,Eastern Towhee,False,0.4,Tufted Titmouse,True,Eastern Towhee,False,https://simile-xai-audio.s3.ap-southeast-2.amazonaws.com/data_v8_1/bird/audio/bird_Recording_1_Recording_1_Segment_10_64.wav,data/processed/BirdSoundsDataset_v2/audio/bird_Recording_1_Recording_1_Segment_10_64.wav,,,,
bird,bird_Recording_4_Recording_4_Segment_15_147,Tufted Titmouse,ambiguous,-1.8246,all,0,False,8,21,Eastern Towhee,False,0.0,Black-capped Chickadee,False,0.2,Black-capped Chickadee,False,0.4,Tufted Titmouse,True,0.6,Black-capped Chickadee,False,Black-capped Chickadee,False,https://simile-xai-audio.s3.ap-southeast-2.amazonaws.com/data_v8_1/bird/audio/bird_Recording_4_Recording_4_Segment_15_147.wav,data/processed/BirdSoundsDataset_v2/audio/bird_Recording_4_Recording_4_Segment_15_147.wav,,,,
bird,bird_Recording_1_Recording_1_Segment_25_16,Tufted Titmouse,ambiguous,-1.7619,all,0,False,5,21,Black-capped Chickadee,False,0.0,Tufted Titmouse,True,0.2,Black-capped Chickadee,False,0.2,Black-capped Chickadee,False,0.6,Black-capped Chickadee,False,Black-capped Chickadee,False,https://simile-xai-audio.s3.ap-southeast-2.amazonaws.com/data_v8_1/bird/audio/bird_Recording_1_Recording_1_Segment_25_16.wav,data/processed/BirdSoundsDataset_v2/audio/bird_Recording_1_Recording_1_Segment_25_16.wav,,,,
bird,bird_Recording_4_Recording_4_Segment_26_28,Tufted Titmouse,ambiguous,-1.7359,all,0,False,18,21,Tufted Titmouse,True,0.0,Tufted Titmouse,True,0.2,Tufted Titmouse,True,0.4,Tufted Titmouse,True,1.0,Tufted Titmouse,True,Tufted Titmouse,True,https://simile-xai-audio.s3.ap-southeast-2.amazonaws.com/data_v8_1/bird/audio/bird_Recording_4_Recording_4_Segment_26_28.wav,data/processed/BirdSoundsDataset_v2/audio/bird_Recording_4_Recording_4_Segment_26_28.wav,,,,
bird,bird_Recording_4_Recording_4_Segment_24_147,Tufted Titmouse,ambiguous,-1.6957,all,0,False,11,21,Tufted Titmouse,True,0.2,Black-capped Chickadee,False,0.4,Tufted Titmouse,True,0.4,Tufted Titmouse,True,0.6,Tufted Titmouse,True,Tufted Titmouse,True,https://simile-xai-audio.s3.ap-southeast-2.amazonaws.com/data_v8_1/bird/audio/bird_Recording_4_Recording_4_Segment_24_147.wav,data/processed/BirdSoundsDataset_v2/audio/bird_Recording_4_Recording_4_Segment_24_147.wav,,,,
bird,bird_Recording_4_Recording_4_Segment_26_128,Tufted Titmouse,ambiguous,-1.6891,all,0,False,2,21,Tufted Titmouse,True,0.2,Black-capped Chickadee,False,0.2,Eastern Towhee,False,0.2,Eastern Towhee,False,0.6,Tufted Titmouse,True,Eastern Towhee,False,https://simile-xai-audio.s3.ap-southeast-2.amazonaws.com/data_v8_1/bird/audio/bird_Recording_4_Recording_4_Segment_26_128.wav,data/processed/BirdSoundsDataset_v2/audio/bird_Recording_4_Recording_4_Segment_26_128.wav,,,,
bird,bird_Recording_4_Recording_4_Segment_15_123,Tufted Titmouse,ambiguous,-1.6846,all,0,False,11,21,Black-capped Chickadee,False,0.0,Tufted Titmouse,True,0.4,Tufted Titmouse,True,0.6,Tufted Titmouse,True,0.8,Tufted Titmouse,True,Eastern Towhee,False,https://simile-xai-audio.s3.ap-southeast-2.amazonaws.com/data_v8_1/bird/audio/bird_Recording_4_Recording_4_Segment_15_123.wav,data/processed/BirdSoundsDataset_v2/audio/bird_Recording_4_Recording_4_Segment_15_123.wav,,,,
bird,bird_Recording_1_Recording_1_Segment_19_125,Tufted Titmouse,ambiguous,-1.6183,all,0,False,3,21,Eastern Towhee,False,0.2,Eastern Towhee,False,0.0,Eastern Towhee,False,0.2,Eastern Towhee,False,0.2,Eastern Towhee,False,Eastern Towhee,False,https://simile-xai-audio.s3.ap-southeast-2.amazonaws.com/data_v8_1/bird/audio/bird_Recording_1_Recording_1_Segment_19_125.wav,data/processed/BirdSoundsDataset_v2/audio/bird_Recording_1_Recording_1_Segment_19_125.wav,,,,
bird,bird_Recording_1_Recording_1_Segment_08_75,Tufted Titmouse,ambiguous,-1.6016,all,0,False,2,21,Wood Thrush,False,0.4,Wood Thrush,False,0.0,Wood Thrush,False,0.2,Wood Thrush,False,0.0,Wood Thrush,False,Wood Thrush,False,https://simile-xai-audio.s3.ap-southeast-2.amazonaws.com/data_v8_1/bird/audio/bird_Recording_1_Recording_1_Segment_08_75.wav,data/processed/BirdSoundsDataset_v2/audio/bird_Recording_1_Recording_1_Segment_08_75.wav,,,,
bird,bird_Recording_1_Recording_1_Segment_11_196,Tufted Titmouse,ambiguous,-1.5434,all,0,False,18,21,Tufted Titmouse,True,0.2,Tufted Titmouse,True,0.4,Tufted Titmouse,True,0.8,Tufted Titmouse,True,1.0,Tufted Titmouse,True,Tufted Titmouse,True,https://simile-xai-audio.s3.ap-southeast-2.amazonaws.com/data_v8_1/bird/audio/bird_Recording_1_Recording_1_Segment_11_196.wav,data/processed/BirdSoundsDataset_v2/audio/bird_Recording_1_Recording_1_Segment_11_196.wav,,,,
bird,bird_Recording_1_Recording_1_Segment_15_39,Tufted Titmouse,ambiguous,-1.5343,all,0,False,16,21,Tufted Titmouse,True,0.0,Tufted Titmouse,True,0.2,Tufted Titmouse,True,0.6,Tufted Titmouse,True,0.8,Tufted Titmouse,True,Tufted Titmouse,True,https://simile-xai-audio.s3.ap-southeast-2.amazonaws.com/data_v8_1/bird/audio/bird_Recording_1_Recording_1_Segment_15_39.wav,data/processed/BirdSoundsDataset_v2/audio/bird_Recording_1_Recording_1_Segment_15_39.wav,,,,
bird,bird_Recording_1_Recording_1_Segment_26_163,Tufted Titmouse,ambiguous,-1.5288,all,0,False,16,21,Tufted Titmouse,True,0.4,Black-capped Chickadee,False,0.4,Tufted Titmouse,True,0.6,Tufted Titmouse,True,1.0,Tufted Titmouse,True,Eastern Towhee,False,https://simile-xai-audio.s3.ap-southeast-2.amazonaws.com/data_v8_1/bird/audio/bird_Recording_1_Recording_1_Segment_26_163.wav,data/processed/BirdSoundsDataset_v2/audio/bird_Recording_1_Recording_1_Segment_26_163.wav,,,,
bird,bird_Recording_1_Recording_1_Segment_14_184,Tufted Titmouse,ambiguous,-1.525,all,0,False,17,21,Tufted Titmouse,True,0.4,Tufted Titmouse,True,0.2,Tufted Titmouse,True,0.8,Tufted Titmouse,True,1.0,Tufted Titmouse,True,Tufted Titmouse,True,https://simile-xai-audio.s3.ap-southeast-2.amazonaws.com/data_v8_1/bird/audio/bird_Recording_1_Recording_1_Segment_14_184.wav,data/processed/BirdSoundsDataset_v2/audio/bird_Recording_1_Recording_1_Segment_14_184.wav,,,,
bird,bird_Recording_1_Recording_1_Segment_06_182,Tufted Titmouse,borderline,-1.4456,all,0,False,2,21,Wood Thrush,False,0.0,Wood Thrush,False,0.0,Wood Thrush,False,0.0,Wood Thrush,False,0.0,Wood Thrush,False,Wood Thrush,False,https://simile-xai-audio.s3.ap-southeast-2.amazonaws.com/data_v8_1/bird/audio/bird_Recording_1_Recording_1_Segment_06_182.wav,data/processed/BirdSoundsDataset_v2/audio/bird_Recording_1_Recording_1_Segment_06_182.wav,,,,
bird,bird_Recording_1_Recording_1_Segment_32_41,Tufted Titmouse,borderline,-1.4232,all,0,False,17,21,Tufted Titmouse,True,0.0,Tufted Titmouse,True,0.4,Tufted Titmouse,True,0.6,Tufted Titmouse,True,0.8,Tufted Titmouse,True,Eastern Towhee,False,https://simile-xai-audio.s3.ap-southeast-2.amazonaws.com/data_v8_1/bird/audio/bird_Recording_1_Recording_1_Segment_32_41.wav,data/processed/BirdSoundsDataset_v2/audio/bird_Recording_1_Recording_1_Segment_32_41.wav,,,,
bird,bird_Recording_1_Recording_1_Segment_10_66,Tufted Titmouse,borderline,-1.4109,all,0,False,15,21,Tufted Titmouse,True,0.2,Tufted Titmouse,True,0.4,Tufted Titmouse,True,0.8,Tufted Titmouse,True,1.0,Tufted Titmouse,True,Eastern Towhee,False,https://simile-xai-audio.s3.ap-southeast-2.amazonaws.com/data_v8_1/bird/audio/bird_Recording_1_Recording_1_Segment_10_66.wav,data/processed/BirdSoundsDataset_v2/audio/bird_Recording_1_Recording_1_Segment_10_66.wav,,,,
bird,bird_Recording_1_Recording_1_Segment_18_81,Tufted Titmouse,borderline,-1.408,all,0,False,18,21,Tufted Titmouse,True,0.2,Tufted Titmouse,True,0.4,Tufted Titmouse,True,1.0,Tufted Titmouse,True,1.0,Tufted Titmouse,True,Tufted Titmouse,True,https://simile-xai-audio.s3.ap-southeast-2.amazonaws.com/data_v8_1/bird/audio/bird_Recording_1_Recording_1_Segment_18_81.wav,data/processed/BirdSoundsDataset_v2/audio/bird_Recording_1_Recording_1_Segment_18_81.wav,,,,
bird,bird_Recording_1_Recording_1_Segment_07_44,Tufted Titmouse,borderline,-1.4036,all,0,False,11,21,Tufted Titmouse,True,0.0,Tufted Titmouse,True,0.2,Wood Thrush,False,0.4,Black-capped Chickadee,False,0.4,Black-capped Chickadee,False,Eastern Towhee,False,https://simile-xai-audio.s3.ap-southeast-2.amazonaws.com/data_v8_1/bird/audio/bird_Recording_1_Recording_1_Segment_07_44.wav,data/processed/BirdSoundsDataset_v2/audio/bird_Recording_1_Recording_1_Segment_07_44.wav,,,,
bird,bird_Recording_4_Recording_4_Segment_14_119,Tufted Titmouse,borderline,-1.3934,all,0,False,7,21,Tufted Titmouse,True,0.0,Black-capped Chickadee,False,0.2,Tufted Titmouse,True,0.4,Tufted Titmouse,True,0.4,Tufted Titmouse,True,Tufted Titmouse,True,https://simile-xai-audio.s3.ap-southeast-2.amazonaws.com/data_v8_1/bird/audio/bird_Recording_4_Recording_4_Segment_14_119.wav,data/processed/BirdSoundsDataset_v2/audio/bird_Recording_4_Recording_4_Segment_14_119.wav,,,,
bird,bird_Recording_1_Recording_1_Segment_14_219,Tufted Titmouse,borderline,-1.3915,all,0,False,18,21,Tufted Titmouse,True,0.2,Eastern Towhee,False,0.6,Tufted Titmouse,True,0.6,Tufted Titmouse,True,0.8,Tufted Titmouse,True,Eastern Towhee,False,https://simile-xai-audio.s3.ap-southeast-2.amazonaws.com/data_v8_1/bird/audio/bird_Recording_1_Recording_1_Segment_14_219.wav,data/processed/BirdSoundsDataset_v2/audio/bird_Recording_1_Recording_1_Segment_14_219.wav,,,,
bird,bird_Recording_1_Recording_1_Segment_08_105,Tufted Titmouse,borderline,-1.3704,all,0,False,15,21,Tufted Titmouse,True,0.0,Wood Thrush,False,0.0,Tufted Titmouse,True,0.6,Tufted Titmouse,True,1.0,Tufted Titmouse,True,Tufted Titmouse,True,https://simile-xai-audio.s3.ap-southeast-2.amazonaws.com/data_v8_1/bird/audio/bird_Recording_1_Recording_1_Segment_08_105.wav,data/processed/BirdSoundsDataset_v2/audio/bird_Recording_1_Recording_1_Segment_08_105.wav,,,,
bird,bird_Recording_1_Recording_1_Segment_22_168,Tufted Titmouse,borderline,-1.3688,all,0,False,14,21,Tufted Titmouse,True,0.2,Tufted Titmouse,True,0.4,Tufted Titmouse,True,0.8,Tufted Titmouse,True,0.6,Wood Thrush,False,Eastern Towhee,False,https://simile-xai-audio.s3.ap-southeast-2.amazonaws.com/data_v8_1/bird/audio/bird_Recording_1_Recording_1_Segment_22_168.wav,data/processed/BirdSoundsDataset_v2/audio/bird_Recording_1_Recording_1_Segment_22_168.wav,,,,
bird,bird_Recording_1_Recording_1_Segment_05_190,Tufted Titmouse,borderline,-1.3621,all,0,False,12,21,Tufted Titmouse,True,0.0,Wood Thrush,False,0.2,Tufted Titmouse,True,0.6,Tufted Titmouse,True,0.8,Tufted Titmouse,True,Tufted Titmouse,True,https://simile-xai-audio.s3.ap-southeast-2.amazonaws.com/data_v8_1/bird/audio/bird_Recording_1_Recording_1_Segment_05_190.wav,data/processed/BirdSoundsDataset_v2/audio/bird_Recording_1_Recording_1_Segment_05_190.wav,,,,
bird,bird_Recording_1_Recording_1_Segment_23_160,Tufted Titmouse,borderline,-1.3567,all,0,False,17,21,Tufted Titmouse,True,0.0,Tufted Titmouse,True,0.2,Tufted Titmouse,True,0.6,Tufted Titmouse,True,1.0,Tufted Titmouse,True,Tufted Titmouse,True,https://simile-xai-audio.s3.ap-southeast-2.amazonaws.com/data_v8_1/bird/audio/bird_Recording_1_Recording_1_Segment_23_160.wav,data/processed/BirdSoundsDataset_v2/audio/bird_Recording_1_Recording_1_Segment_23_160.wav,,,,
bird,bird_Recording_1_Recording_1_Segment_33_40,Tufted Titmouse,borderline,-1.354,all,0,False,17,21,Tufted Titmouse,True,0.0,Tufted Titmouse,True,0.4,Tufted Titmouse,True,0.6,Tufted Titmouse,True,1.0,Tufted Titmouse,True,Tufted Titmouse,True,https://simile-xai-audio.s3.ap-southeast-2.amazonaws.com/data_v8_1/bird/audio/bird_Recording_1_Recording_1_Segment_33_40.wav,data/processed/BirdSoundsDataset_v2/audio/bird_Recording_1_Recording_1_Segment_33_40.wav,,,,
bird,bird_Recording_1_Recording_1_Segment_05_188,Tufted Titmouse,borderline,-1.3446,all,0,False,12,21,Eastern Towhee,False,0.2,Wood Thrush,False,0.0,Tufted Titmouse,True,0.8,Tufted Titmouse,True,0.6,Tufted Titmouse,True,Eastern Towhee,False,https://simile-xai-audio.s3.ap-southeast-2.amazonaws.com/data_v8_1/bird/audio/bird_Recording_1_Recording_1_Segment_05_188.wav,data/processed/BirdSoundsDataset_v2/audio/bird_Recording_1_Recording_1_Segment_05_188.wav,,,,
bird,bird_Recording_1_Recording_1_Segment_22_131,Tufted Titmouse,borderline,-1.3374,all,0,False,4,21,Tufted Titmouse,True,0.0,Wood Thrush,False,0.0,Eastern Towhee,False,0.6,Eastern Towhee,False,0.8,Tufted Titmouse,True,Eastern Towhee,False,https://simile-xai-audio.s3.ap-southeast-2.amazonaws.com/data_v8_1/bird/audio/bird_Recording_1_Recording_1_Segment_22_131.wav,data/processed/BirdSoundsDataset_v2/audio/bird_Recording_1_Recording_1_Segment_22_131.wav,,,,
bird,bird_Recording_1_Recording_1_Segment_06_178,Tufted Titmouse,borderline,-1.3341,all,0,False,17,21,Wood Thrush,False,0.2,Tufted Titmouse,True,0.0,Tufted Titmouse,True,0.8,Tufted Titmouse,True,1.0,Tufted Titmouse,True,Tufted Titmouse,True,https://simile-xai-audio.s3.ap-southeast-2.amazonaws.com/data_v8_1/bird/audio/bird_Recording_1_Recording_1_Segment_06_178.wav,data/processed/BirdSoundsDataset_v2/audio/bird_Recording_1_Recording_1_Segment_06_178.wav,,,,
bird,bird_Recording_1_Recording_1_Segment_23_5,Tufted Titmouse,clear,-0.1014,all,0,False,19,21,Tufted Titmouse,True,0.0,Tufted Titmouse,True,0.2,Tufted Titmouse,True,1.0,Tufted Titmouse,True,1.0,Tufted Titmouse,True,Tufted Titmouse,True,https://simile-xai-audio.s3.ap-southeast-2.amazonaws.com/data_v8_1/bird/audio/bird_Recording_1_Recording_1_Segment_23_5.wav,data/processed/BirdSoundsDataset_v2/audio/bird_Recording_1_Recording_1_Segment_23_5.wav,,,,
bird,bird_Recording_1_Recording_1_Segment_23_0,Tufted Titmouse,clear,-0.1493,all,0,False,20,21,Tufted Titmouse,True,0.2,Tufted Titmouse,True,0.4,Tufted Titmouse,True,1.0,Tufted Titmouse,True,1.0,Tufted Titmouse,True,Tufted Titmouse,True,https://simile-xai-audio.s3.ap-southeast-2.amazonaws.com/data_v8_1/bird/audio/bird_Recording_1_Recording_1_Segment_23_0.wav,data/processed/BirdSoundsDataset_v2/audio/bird_Recording_1_Recording_1_Segment_23_0.wav,,,,
bird,bird_Recording_1_Recording_1_Segment_08_28,Tufted Titmouse,clear,-0.4203,all,0,False,19,21,Tufted Titmouse,True,0.2,Tufted Titmouse,True,0.4,Tufted Titmouse,True,1.0,Tufted Titmouse,True,1.0,Tufted Titmouse,True,Tufted Titmouse,True,https://simile-xai-audio.s3.ap-southeast-2.amazonaws.com/data_v8_1/bird/audio/bird_Recording_1_Recording_1_Segment_08_28.wav,data/processed/BirdSoundsDataset_v2/audio/bird_Recording_1_Recording_1_Segment_08_28.wav,,,,
bird,bird_Recording_1_Recording_1_Segment_07_219,Tufted Titmouse,clear,-0.5086,all,0,False,15,21,Wood Thrush,False,0.4,Wood Thrush,False,0.2,Tufted Titmouse,True,0.4,Tufted Titmouse,True,0.6,Tufted Titmouse,True,Tufted Titmouse,True,https://simile-xai-audio.s3.ap-southeast-2.amazonaws.com/data_v8_1/bird/audio/bird_Recording_1_Recording_1_Segment_07_219.wav,data/processed/BirdSoundsDataset_v2/audio/bird_Recording_1_Recording_1_Segment_07_219.wav,,,,
bird,bird_Recording_1_Recording_1_Segment_36_21,Tufted Titmouse,clear,-0.5288,all,0,False,19,21,Tufted Titmouse,True,0.2,Tufted Titmouse,True,0.4,Tufted Titmouse,True,0.8,Tufted Titmouse,True,1.0,Tufted Titmouse,True,Tufted Titmouse,True,https://simile-xai-audio.s3.ap-southeast-2.amazonaws.com/data_v8_1/bird/audio/bird_Recording_1_Recording_1_Segment_36_21.wav,data/processed/BirdSoundsDataset_v2/audio/bird_Recording_1_Recording_1_Segment_36_21.wav,,,,
bird,bird_Recording_1_Recording_1_Segment_22_204,Tufted Titmouse,clear,-0.5776,all,0,False,19,21,Tufted Titmouse,True,0.2,Tufted Titmouse,True,0.2,Tufted Titmouse,True,1.0,Tufted Titmouse,True,1.0,Tufted Titmouse,True,Tufted Titmouse,True,https://simile-xai-audio.s3.ap-southeast-2.amazonaws.com/data_v8_1/bird/audio/bird_Recording_1_Recording_1_Segment_22_204.wav,data/processed/BirdSoundsDataset_v2/audio/bird_Recording_1_Recording_1_Segment_22_204.wav,,,,
bird,bird_Recording_1_Recording_1_Segment_06_23,Tufted Titmouse,clear,-0.58,all,0,False,4,21,Black-capped Chickadee,False,0.0,Tufted Titmouse,True,0.2,Black-capped Chickadee,False,0.2,Black-capped Chickadee,False,0.6,Tufted Titmouse,True,Eastern Towhee,False,https://simile-xai-audio.s3.ap-southeast-2.amazonaws.com/data_v8_1/bird/audio/bird_Recording_1_Recording_1_Segment_06_23.wav,data/processed/BirdSoundsDataset_v2/audio/bird_Recording_1_Recording_1_Segment_06_23.wav,,,,
bird,bird_Recording_4_Recording_4_Segment_26_66,Tufted Titmouse,clear,-0.6406,all,0,False,15,21,Tufted Titmouse,True,0.2,Black-capped Chickadee,False,0.4,Tufted Titmouse,True,0.6,Tufted Titmouse,True,1.0,Tufted Titmouse,True,Tufted Titmouse,True,https://simile-xai-audio.s3.ap-southeast-2.amazonaws.com/data_v8_1/bird/audio/bird_Recording_4_Recording_4_Segment_26_66.wav,data/processed/BirdSoundsDataset_v2/audio/bird_Recording_4_Recording_4_Segment_26_66.wav,,,,
bird,bird_Recording_1_Recording_1_Segment_08_172,Tufted Titmouse,clear,-0.6965,all,0,False,18,21,Tufted Titmouse,True,0.2,Tufted Titmouse,True,0.2,Tufted Titmouse,True,1.0,Tufted Titmouse,True,1.0,Tufted Titmouse,True,Tufted Titmouse,True,https://simile-xai-audio.s3.ap-southeast-2.amazonaws.com/data_v8_1/bird/audio/bird_Recording_1_Recording_1_Segment_08_172.wav,data/processed/BirdSoundsDataset_v2/audio/bird_Recording_1_Recording_1_Segment_08_172.wav,,,,
bird,bird_Recording_1_Recording_1_Segment_23_177,Tufted Titmouse,clear,-0.7344,all,0,False,19,21,Tufted Titmouse,True,0.0,Tufted Titmouse,True,0.6,Tufted Titmouse,True,0.6,Tufted Titmouse,True,0.8,Tufted Titmouse,True,Tufted Titmouse,True,https://simile-xai-audio.s3.ap-southeast-2.amazonaws.com/data_v8_1/bird/audio/bird_Recording_1_Recording_1_Segment_23_177.wav,data/processed/BirdSoundsDataset_v2/audio/bird_Recording_1_Recording_1_Segment_23_177.wav,,,,
bird,bird_Recording_1_Recording_1_Segment_07_209,Tufted Titmouse,clear,-0.7597,all,0,False,17,21,Tufted Titmouse,True,0.4,Wood Thrush,False,0.0,Tufted Titmouse,True,0.6,Tufted Titmouse,True,0.8,Tufted Titmouse,True,Tufted Titmouse,True,https://simile-xai-audio.s3.ap-southeast-2.amazonaws.com/data_v8_1/bird/audio/bird_Recording_1_Recording_1_Segment_07_209.wav,data/processed/BirdSoundsDataset_v2/audio/bird_Recording_1_Recording_1_Segment_07_209.wav,,,,
bird,bird_Recording_1_Recording_1_Segment_23_169,Tufted Titmouse,clear,-0.7737,all,0,False,19,21,Tufted Titmouse,True,0.0,Tufted Titmouse,True,0.4,Tufted Titmouse,True,0.8,Tufted Titmouse,True,0.8,Tufted Titmouse,True,Tufted Titmouse,True,https://simile-xai-audio.s3.ap-southeast-2.amazonaws.com/data_v8_1/bird/audio/bird_Recording_1_Recording_1_Segment_23_169.wav,data/processed/BirdSoundsDataset_v2/audio/bird_Recording_1_Recording_1_Segment_23_169.wav,,,,
bird,bird_Recording_1_Recording_1_Segment_19_52,Tufted Titmouse,clear,-0.7965,all,0,False,14,21,Tufted Titmouse,True,0.0,Eastern Towhee,False,0.6,Tufted Titmouse,True,0.6,Tufted Titmouse,True,1.0,Tufted Titmouse,True,Eastern Towhee,False,https://simile-xai-audio.s3.ap-southeast-2.amazonaws.com/data_v8_1/bird/audio/bird_Recording_1_Recording_1_Segment_19_52.wav,data/processed/BirdSoundsDataset_v2/audio/bird_Recording_1_Recording_1_Segment_19_52.wav,,,,
bird,bird_Recording_1_Recording_1_Segment_12_150,Tufted Titmouse,clear,-0.8001,all,0,False,19,21,Tufted Titmouse,True,0.4,Tufted Titmouse,True,0.4,Tufted Titmouse,True,1.0,Tufted Titmouse,True,1.0,Tufted Titmouse,True,Tufted Titmouse,True,https://simile-xai-audio.s3.ap-southeast-2.amazonaws.com/data_v8_1/bird/audio/bird_Recording_1_Recording_1_Segment_12_150.wav,data/processed/BirdSoundsDataset_v2/audio/bird_Recording_1_Recording_1_Segment_12_150.wav,,,,
bird,bird_Recording_1_Recording_1_Segment_10_80,Tufted Titmouse,clear,-0.8336,all,0,False,19,21,Tufted Titmouse,True,0.0,Tufted Titmouse,True,0.4,Tufted Titmouse,True,0.8,Tufted Titmouse,True,1.0,Tufted Titmouse,True,Tufted Titmouse,True,https://simile-xai-audio.s3.ap-southeast-2.amazonaws.com/data_v8_1/bird/audio/bird_Recording_1_Recording_1_Segment_10_80.wav,data/processed/BirdSoundsDataset_v2/audio/bird_Recording_1_Recording_1_Segment_10_80.wav,,,,
bird,bird_Recording_4_Recording_4_Segment_10_50,Wood Thrush,ambiguous,-2.1889,all,0,False,0,21,Eastern Towhee,False,0.0,Blue Jay,False,0.4,Eastern Towhee,False,0.0,Eastern Towhee,False,0.2,Eastern Towhee,False,Eastern Towhee,False,https://simile-xai-audio.s3.ap-southeast-2.amazonaws.com/data_v8_1/bird/audio/bird_Recording_4_Recording_4_Segment_10_50.wav,data/processed/BirdSoundsDataset_v2/audio/bird_Recording_4_Recording_4_Segment_10_50.wav,,,,
bird,bird_Recording_4_Recording_4_Segment_12_44,Wood Thrush,ambiguous,-2.0093,all,0,False,9,21,Wood Thrush,True,0.0,Eastern Towhee,False,0.2,Eastern Towhee,False,0.8,Eastern Towhee,False,0.8,Wood Thrush,True,Wood Thrush,True,https://simile-xai-audio.s3.ap-southeast-2.amazonaws.com/data_v8_1/bird/audio/bird_Recording_4_Recording_4_Segment_12_44.wav,data/processed/BirdSoundsDataset_v2/audio/bird_Recording_4_Recording_4_Segment_12_44.wav,,,,
bird,bird_Recording_4_Recording_4_Segment_10_54,Wood Thrush,ambiguous,-1.9857,all,0,False,0,21,Blue Jay,False,0.0,Blue Jay,False,0.4,Blue Jay,False,0.0,Blue Jay,False,0.0,Blue Jay,False,Eastern Towhee,False,https://simile-xai-audio.s3.ap-southeast-2.amazonaws.com/data_v8_1/bird/audio/bird_Recording_4_Recording_4_Segment_10_54.wav,data/processed/BirdSoundsDataset_v2/audio/bird_Recording_4_Recording_4_Segment_10_54.wav,,,,
bird,bird_Recording_4_Recording_4_Segment_12_29,Wood Thrush,ambiguous,-1.7834,all,0,False,1,21,Black-capped Chickadee,False,0.0,Eastern Towhee,False,0.2,Eastern Towhee,False,0.0,Eastern Towhee,False,0.2,Wood Thrush,True,Eastern Towhee,False,https://simile-xai-audio.s3.ap-southeast-2.amazonaws.com/data_v8_1/bird/audio/bird_Recording_4_Recording_4_Segment_12_29.wav,data/processed/BirdSoundsDataset_v2/audio/bird_Recording_4_Recording_4_Segment_12_29.wav,,,,
bird,bird_Recording_4_Recording_4_Segment_12_2,Wood Thrush,ambiguous,-1.7668,all,0,False,1,21,Eastern Towhee,False,0.0,Eastern Towhee,False,0.2,Eastern Towhee,False,0.2,Eastern Towhee,False,0.2,Wood Thrush,True,Eastern Towhee,False,https://simile-xai-audio.s3.ap-southeast-2.amazonaws.com/data_v8_1/bird/audio/bird_Recording_4_Recording_4_Segment_12_2.wav,data/processed/BirdSoundsDataset_v2/audio/bird_Recording_4_Recording_4_Segment_12_2.wav,,,,
bird,bird_Recording_2_Recording_2_Segment_14_208,Wood Thrush,ambiguous,-1.7382,all,0,False,2,21,Eastern Towhee,False,0.4,Tufted Titmouse,False,0.4,Eastern Towhee,False,0.4,Eastern Towhee,False,0.8,Eastern Towhee,False,Wood Thrush,True,https://simile-xai-audio.s3.ap-southeast-2.amazonaws.com/data_v8_1/bird/audio/bird_Recording_2_Recording_2_Segment_14_208.wav,data/processed/BirdSoundsDataset_v2/audio/bird_Recording_2_Recording_2_Segment_14_208.wav,,,,
bird,bird_Recording_4_Recording_4_Segment_07_34,Wood Thrush,ambiguous,-1.6804,all,0,False,3,21,Eastern Towhee,False,0.0,Eastern Towhee,False,0.0,Eastern Towhee,False,0.4,Eastern Towhee,False,0.4,Wood Thrush,True,Wood Thrush,True,https://simile-xai-audio.s3.ap-southeast-2.amazonaws.com/data_v8_1/bird/audio/bird_Recording_4_Recording_4_Segment_07_34.wav,data/processed/BirdSoundsDataset_v2/audio/bird_Recording_4_Recording_4_Segment_07_34.wav,,,,
bird,bird_Recording_1_Recording_1_Segment_07_242,Wood Thrush,ambiguous,-1.6278,all,0,False,3,21,Tufted Titmouse,False,0.0,Tufted Titmouse,False,0.6,Tufted Titmouse,False,0.4,Tufted Titmouse,False,0.4,Wood Thrush,True,Wood Thrush,True,https://simile-xai-audio.s3.ap-southeast-2.amazonaws.com/data_v8_1/bird/audio/bird_Recording_1_Recording_1_Segment_07_242.wav,data/processed/BirdSoundsDataset_v2/audio/bird_Recording_1_Recording_1_Segment_07_242.wav,,,,
bird,bird_Recording_4_Recording_4_Segment_11_189,Wood Thrush,ambiguous,-1.6214,all,0,False,3,21,Eastern Towhee,False,0.2,Eastern Towhee,False,0.4,Eastern Towhee,False,0.8,Eastern Towhee,False,0.4,Wood Thrush,True,Black-capped Chickadee,False,https://simile-xai-audio.s3.ap-southeast-2.amazonaws.com/data_v8_1/bird/audio/bird_Recording_4_Recording_4_Segment_11_189.wav,data/processed/BirdSoundsDataset_v2/audio/bird_Recording_4_Recording_4_Segment_11_189.wav,,,,
bird,bird_Recording_2_Recording_2_Segment_14_118,Wood Thrush,ambiguous,-1.5503,all,0,False,2,21,Eastern Towhee,False,0.0,Eastern Towhee,False,0.0,Eastern Towhee,False,0.2,Eastern Towhee,False,0.2,Eastern Towhee,False,Eastern Towhee,False,https://simile-xai-audio.s3.ap-southeast-2.amazonaws.com/data_v8_1/bird/audio/bird_Recording_2_Recording_2_Segment_14_118.wav,data/processed/BirdSoundsDataset_v2/audio/bird_Recording_2_Recording_2_Segment_14_118.wav,,,,
bird,bird_Recording_1_Recording_1_Segment_05_39,Wood Thrush,ambiguous,-1.5259,all,0,False,11,21,Eastern Towhee,False,0.4,Tufted Titmouse,False,0.4,Wood Thrush,True,1.0,Wood Thrush,True,1.0,Wood Thrush,True,Eastern Towhee,False,https://simile-xai-audio.s3.ap-southeast-2.amazonaws.com/data_v8_1/bird/audio/bird_Recording_1_Recording_1_Segment_05_39.wav,data/processed/BirdSoundsDataset_v2/audio/bird_Recording_1_Recording_1_Segment_05_39.wav,,,,
bird,bird_Recording_2_Recording_2_Segment_09_284,Wood Thrush,ambiguous,-1.4828,all,0,False,0,21,Black-capped Chickadee,False,0.4,Black-capped Chickadee,False,0.2,Blue Jay,False,0.0,Blue Jay,False,0.0,Blue Jay,False,Blue Jay,False,https://simile-xai-audio.s3.ap-southeast-2.amazonaws.com/data_v8_1/bird/audio/bird_Recording_2_Recording_2_Segment_09_284.wav,data/processed/BirdSoundsDataset_v2/audio/bird_Recording_2_Recording_2_Segment_09_284.wav,,,,
bird,bird_Recording_4_Recording_4_Segment_11_192,Wood Thrush,ambiguous,-1.463,all,0,False,2,21,Black-capped Chickadee,False,0.0,Eastern Towhee,False,0.0,Eastern Towhee,False,0.2,Eastern Towhee,False,0.4,Wood Thrush,True,Wood Thrush,True,https://simile-xai-audio.s3.ap-southeast-2.amazonaws.com/data_v8_1/bird/audio/bird_Recording_4_Recording_4_Segment_11_192.wav,data/processed/BirdSoundsDataset_v2/audio/bird_Recording_4_Recording_4_Segment_11_192.wav,,,,
bird,bird_Recording_1_Recording_1_Segment_22_27,Wood Thrush,ambiguous,-1.3984,all,0,False,3,21,Wood Thrush,True,0.4,Wood Thrush,True,0.4,Black-capped Chickadee,False,0.6,Wood Thrush,True,0.6,Black-capped Chickadee,False,Wood Thrush,True,https://simile-xai-audio.s3.ap-southeast-2.amazonaws.com/data_v8_1/bird/audio/bird_Recording_1_Recording_1_Segment_22_27.wav,data/processed/BirdSoundsDataset_v2/audio/bird_Recording_1_Recording_1_Segment_22_27.wav,,,,
bird,bird_Recording_1_Recording_1_Segment_04_25,Wood Thrush,ambiguous,-1.3598,all,0,False,9,21,Wood Thrush,True,0.0,Tufted Titmouse,False,0.4,Eastern Towhee,False,0.6,Wood Thrush,True,0.8,Wood Thrush,True,Wood Thrush,True,https://simile-xai-audio.s3.ap-southeast-2.amazonaws.com/data_v8_1/bird/audio/bird_Recording_1_Recording_1_Segment_04_25.wav,data/processed/BirdSoundsDataset_v2/audio/bird_Recording_1_Recording_1_Segment_04_25.wav,,,,
bird,bird_Recording_1_Recording_1_Segment_06_324,Wood Thrush,borderline,-0.5199,all,0,False,15,21,Wood Thrush,True,0.4,Wood Thrush,True,0.8,Wood Thrush,True,0.4,Wood Thrush,True,0.8,Wood Thrush,True,Wood Thrush,True,https://simile-xai-audio.s3.ap-southeast-2.amazonaws.com/data_v8_1/bird/audio/bird_Recording_1_Recording_1_Segment_06_324.wav,data/processed/BirdSoundsDataset_v2/audio/bird_Recording_1_Recording_1_Segment_06_324.wav,,,,
bird,bird_Recording_2_Recording_2_Segment_10_283,Wood Thrush,borderline,-0.4794,all,0,False,18,21,Wood Thrush,True,0.4,Wood Thrush,True,0.0,Wood Thrush,True,1.0,Wood Thrush,True,0.8,Wood Thrush,True,Wood Thrush,True,https://simile-xai-audio.s3.ap-southeast-2.amazonaws.com/data_v8_1/bird/audio/bird_Recording_2_Recording_2_Segment_10_283.wav,data/processed/BirdSoundsDataset_v2/audio/bird_Recording_2_Recording_2_Segment_10_283.wav,,,,
bird,bird_Recording_1_Recording_1_Segment_06_218,Wood Thrush,borderline,-0.4785,all,0,False,21,21,Wood Thrush,True,0.6,Wood Thrush,True,0.6,Wood Thrush,True,1.0,Wood Thrush,True,0.8,Wood Thrush,True,Wood Thrush,True,https://simile-xai-audio.s3.ap-southeast-2.amazonaws.com/data_v8_1/bird/audio/bird_Recording_1_Recording_1_Segment_06_218.wav,data/processed/BirdSoundsDataset_v2/audio/bird_Recording_1_Recording_1_Segment_06_218.wav,,,,
bird,bird_Recording_1_Recording_1_Segment_22_48,Wood Thrush,borderline,-0.4442,all,0,False,19,21,Wood Thrush,True,0.2,Wood Thrush,True,0.4,Wood Thrush,True,0.8,Wood Thrush,True,0.8,Wood Thrush,True,Wood Thrush,True,https://simile-xai-audio.s3.ap-southeast-2.amazonaws.com/data_v8_1/bird/audio/bird_Recording_1_Recording_1_Segment_22_48.wav,data/processed/BirdSoundsDataset_v2/audio/bird_Recording_1_Recording_1_Segment_22_48.wav,,,,
bird,bird_Recording_1_Recording_1_Segment_08_141,Wood Thrush,borderline,-0.4125,all,0,False,19,21,Tufted Titmouse,False,0.4,Wood Thrush,True,0.8,Wood Thrush,True,0.8,Wood Thrush,True,1.0,Wood Thrush,True,Wood Thrush,True,https://simile-xai-audio.s3.ap-southeast-2.amazonaws.com/data_v8_1/bird/audio/bird_Recording_1_Recording_1_Segment_08_141.wav,data/processed/BirdSoundsDataset_v2/audio/bird_Recording_1_Recording_1_Segment_08_141.wav,,,,
bird,bird_Recording_2_Recording_2_Segment_13_192,Wood Thrush,borderline,-0.4109,all,0,False,7,21,Eastern Towhee,False,0.2,Eastern Towhee,False,0.2,Wood Thrush,True,1.0,Wood Thrush,True,0.6,Wood Thrush,True,Black-capped Chickadee,False,https://simile-xai-audio.s3.ap-southeast-2.amazonaws.com/data_v8_1/bird/audio/bird_Recording_2_Recording_2_Segment_13_192.wav,data/processed/BirdSoundsDataset_v2/audio/bird_Recording_2_Recording_2_Segment_13_192.wav,,,,
bird,bird_Recording_1_Recording_1_Segment_06_220,Wood Thrush,borderline,-0.3974,all,0,False,17,21,Blue Jay,False,0.0,Wood Thrush,True,0.6,Wood Thrush,True,1.0,Wood Thrush,True,0.6,Wood Thrush,True,Wood Thrush,True,https://simile-xai-audio.s3.ap-southeast-2.amazonaws.com/data_v8_1/bird/audio/bird_Recording_1_Recording_1_Segment_06_220.wav,data/processed/BirdSoundsDataset_v2/audio/bird_Recording_1_Recording_1_Segment_06_220.wav,,,,
bird,bird_Recording_1_Recording_1_Segment_04_38,Wood Thrush,borderline,-0.396,all,0,False,4,21,Eastern Towhee,False,0.0,Tufted Titmouse,False,0.2,Eastern Towhee,False,0.4,Eastern Towhee,False,0.4,Eastern Towhee,False,Eastern Towhee,False,https://simile-xai-audio.s3.ap-southeast-2.amazonaws.com/data_v8_1/bird/audio/bird_Recording_1_Recording_1_Segment_04_38.wav,data/processed/BirdSoundsDataset_v2/audio/bird_Recording_1_Recording_1_Segment_04_38.wav,,,,
bird,bird_Recording_1_Recording_1_Segment_11_127,Wood Thrush,borderline,-0.3959,all,0,False,18,21,Wood Thrush,True,0.4,Wood Thrush,True,0.4,Wood Thrush,True,0.8,Wood Thrush,True,1.0,Wood Thrush,True,Wood Thrush,True,https://simile-xai-audio.s3.ap-southeast-2.amazonaws.com/data_v8_1/bird/audio/bird_Recording_1_Recording_1_Segment_11_127.wav,data/processed/BirdSoundsDataset_v2/audio/bird_Recording_1_Recording_1_Segment_11_127.wav,,,,
bird,bird_Recording_1_Recording_1_Segment_12_59,Wood Thrush,borderline,-0.3881,all,0,False,17,21,Wood Thrush,True,0.6,Wood Thrush,True,0.6,Wood Thrush,True,1.0,Wood Thrush,True,0.8,Wood Thrush,True,Wood Thrush,True,https://simile-xai-audio.s3.ap-southeast-2.amazonaws.com/data_v8_1/bird/audio/bird_Recording_1_Recording_1_Segment_12_59.wav,data/processed/BirdSoundsDataset_v2/audio/bird_Recording_1_Recording_1_Segment_12_59.wav,,,,
bird,bird_Recording_1_Recording_1_Segment_09_4,Wood Thrush,borderline,-0.3818,all,0,False,20,21,Wood Thrush,True,0.4,Wood Thrush,True,0.6,Wood Thrush,True,1.0,Wood Thrush,True,1.0,Wood Thrush,True,Wood Thrush,True,https://simile-xai-audio.s3.ap-southeast-2.amazonaws.com/data_v8_1/bird/audio/bird_Recording_1_Recording_1_Segment_09_4.wav,data/processed/BirdSoundsDataset_v2/audio/bird_Recording_1_Recording_1_Segment_09_4.wav,,,,
bird,bird_Recording_2_Recording_2_Segment_05_94,Wood Thrush,borderline,-0.3601,all,0,False,17,21,Wood Thrush,True,0.4,Wood Thrush,True,0.4,Wood Thrush,True,0.8,Wood Thrush,True,0.8,Wood Thrush,True,Wood Thrush,True,https://simile-xai-audio.s3.ap-southeast-2.amazonaws.com/data_v8_1/bird/audio/bird_Recording_2_Recording_2_Segment_05_94.wav,data/processed/BirdSoundsDataset_v2/audio/bird_Recording_2_Recording_2_Segment_05_94.wav,,,,
bird,bird_Recording_1_Recording_1_Segment_14_121,Wood Thrush,borderline,-0.3588,all,0,False,4,21,Eastern Towhee,False,0.4,Wood Thrush,True,0.2,Eastern Towhee,False,0.8,Eastern Towhee,False,0.8,Eastern Towhee,False,Eastern Towhee,False,https://simile-xai-audio.s3.ap-southeast-2.amazonaws.com/data_v8_1/bird/audio/bird_Recording_1_Recording_1_Segment_14_121.wav,data/processed/BirdSoundsDataset_v2/audio/bird_Recording_1_Recording_1_Segment_14_121.wav,,,,
bird,bird_Recording_2_Recording_2_Segment_07_94,Wood Thrush,borderline,-0.3575,all,0,False,10,21,Wood Thrush,True,0.0,Black-capped Chickadee,False,0.2,Black-capped Chickadee,False,0.6,Wood Thrush,True,0.6,Wood Thrush,True,Wood Thrush,True,https://simile-xai-audio.s3.ap-southeast-2.amazonaws.com/data_v8_1/bird/audio/bird_Recording_2_Recording_2_Segment_07_94.wav,data/processed/BirdSoundsDataset_v2/audio/bird_Recording_2_Recording_2_Segment_07_94.wav,,,,
bird,bird_Recording_2_Recording_2_Segment_14_10,Wood Thrush,borderline,-0.3434,all,0,False,19,21,Wood Thrush,True,0.4,Blue Jay,False,0.2,Wood Thrush,True,1.0,Wood Thrush,True,0.8,Wood Thrush,True,Wood Thrush,True,https://simile-xai-audio.s3.ap-southeast-2.amazonaws.com/data_v8_1/bird/audio/bird_Recording_2_Recording_2_Segment_14_10.wav,data/processed/BirdSoundsDataset_v2/audio/bird_Recording_2_Recording_2_Segment_14_10.wav,,,,
bird,bird_Recording_2_Recording_2_Segment_01_60,Wood Thrush,clear,1.6288,all,0,False,20,21,Wood Thrush,True,0.6,Wood Thrush,True,0.6,Wood Thrush,True,1.0,Wood Thrush,True,0.8,Wood Thrush,True,Wood Thrush,True,https://simile-xai-audio.s3.ap-southeast-2.amazonaws.com/data_v8_1/bird/audio/bird_Recording_2_Recording_2_Segment_01_60.wav,data/processed/BirdSoundsDataset_v2/audio/bird_Recording_2_Recording_2_Segment_01_60.wav,,,,
bird,bird_Recording_2_Recording_2_Segment_02_108,Wood Thrush,clear,1.5879,all,0,False,19,21,Wood Thrush,True,0.4,Wood Thrush,True,0.8,Wood Thrush,True,1.0,Wood Thrush,True,0.8,Wood Thrush,True,Wood Thrush,True,https://simile-xai-audio.s3.ap-southeast-2.amazonaws.com/data_v8_1/bird/audio/bird_Recording_2_Recording_2_Segment_02_108.wav,data/processed/BirdSoundsDataset_v2/audio/bird_Recording_2_Recording_2_Segment_02_108.wav,,,,
bird,bird_Recording_2_Recording_2_Segment_02_110,Wood Thrush,clear,1.5362,all,0,False,20,21,Wood Thrush,True,0.6,Wood Thrush,True,0.6,Wood Thrush,True,1.0,Wood Thrush,True,0.6,Wood Thrush,True,Wood Thrush,True,https://simile-xai-audio.s3.ap-southeast-2.amazonaws.com/data_v8_1/bird/audio/bird_Recording_2_Recording_2_Segment_02_110.wav,data/processed/BirdSoundsDataset_v2/audio/bird_Recording_2_Recording_2_Segment_02_110.wav,,,,
bird,bird_Recording_2_Recording_2_Segment_02_8,Wood Thrush,clear,1.4946,all,0,False,21,21,Wood Thrush,True,0.6,Wood Thrush,True,0.8,Wood Thrush,True,1.0,Wood Thrush,True,0.8,Wood Thrush,True,Wood Thrush,True,https://simile-xai-audio.s3.ap-southeast-2.amazonaws.com/data_v8_1/bird/audio/bird_Recording_2_Recording_2_Segment_02_8.wav,data/processed/BirdSoundsDataset_v2/audio/bird_Recording_2_Recording_2_Segment_02_8.wav,,,,
bird,bird_Recording_2_Recording_2_Segment_01_17,Wood Thrush,clear,1.4852,all,0,False,20,21,Wood Thrush,True,0.6,Wood Thrush,True,0.6,Wood Thrush,True,1.0,Wood Thrush,True,0.6,Wood Thrush,True,Wood Thrush,True,https://simile-xai-audio.s3.ap-southeast-2.amazonaws.com/data_v8_1/bird/audio/bird_Recording_2_Recording_2_Segment_01_17.wav,data/processed/BirdSoundsDataset_v2/audio/bird_Recording_2_Recording_2_Segment_01_17.wav,,,,
bird,bird_Recording_2_Recording_2_Segment_03_18,Wood Thrush,clear,1.4247,all,0,False,20,21,Wood Thrush,True,0.4,Wood Thrush,True,0.6,Wood Thrush,True,1.0,Wood Thrush,True,0.8,Wood Thrush,True,Wood Thrush,True,https://simile-xai-audio.s3.ap-southeast-2.amazonaws.com/data_v8_1/bird/audio/bird_Recording_2_Recording_2_Segment_03_18.wav,data/processed/BirdSoundsDataset_v2/audio/bird_Recording_2_Recording_2_Segment_03_18.wav,,,,
bird,bird_Recording_2_Recording_2_Segment_01_173,Wood Thrush,clear,1.4161,all,0,False,20,21,Wood Thrush,True,0.4,Wood Thrush,True,0.6,Wood Thrush,True,1.0,Wood Thrush,True,0.8,Wood Thrush,True,Wood Thrush,True,https://simile-xai-audio.s3.ap-southeast-2.amazonaws.com/data_v8_1/bird/audio/bird_Recording_2_Recording_2_Segment_01_173.wav,data/processed/BirdSoundsDataset_v2/audio/bird_Recording_2_Recording_2_Segment_01_173.wav,,,,
bird,bird_Recording_2_Recording_2_Segment_01_97,Wood Thrush,clear,1.3896,all,0,False,20,21,Wood Thrush,True,0.4,Wood Thrush,True,0.6,Wood Thrush,True,1.0,Wood Thrush,True,0.6,Wood Thrush,True,Wood Thrush,True,https://simile-xai-audio.s3.ap-southeast-2.amazonaws.com/data_v8_1/bird/audio/bird_Recording_2_Recording_2_Segment_01_97.wav,data/processed/BirdSoundsDataset_v2/audio/bird_Recording_2_Recording_2_Segment_01_97.wav,,,,
bird,bird_Recording_2_Recording_2_Segment_03_180,Wood Thrush,clear,1.3762,all,0,False,20,21,Wood Thrush,True,0.6,Wood Thrush,True,0.6,Wood Thrush,True,1.0,Wood Thrush,True,0.8,Wood Thrush,True,Wood Thrush,True,https://simile-xai-audio.s3.ap-southeast-2.amazonaws.com/data_v8_1/bird/audio/bird_Recording_2_Recording_2_Segment_03_180.wav,data/processed/BirdSoundsDataset_v2/audio/bird_Recording_2_Recording_2_Segment_03_180.wav,,,,
bird,bird_Recording_2_Recording_2_Segment_04_117,Wood Thrush,clear,1.3389,all,0,False,19,21,Wood Thrush,True,0.4,Wood Thrush,True,0.6,Wood Thrush,True,1.0,Wood Thrush,True,0.6,Wood Thrush,True,Wood Thrush,True,https://simile-xai-audio.s3.ap-southeast-2.amazonaws.com/data_v8_1/bird/audio/bird_Recording_2_Recording_2_Segment_04_117.wav,data/processed/BirdSoundsDataset_v2/audio/bird_Recording_2_Recording_2_Segment_04_117.wav,,,,
bird,bird_Recording_2_Recording_2_Segment_03_194,Wood Thrush,clear,1.3249,all,0,False,21,21,Wood Thrush,True,0.4,Wood Thrush,True,0.6,Wood Thrush,True,1.0,Wood Thrush,True,0.8,Wood Thrush,True,Wood Thrush,True,https://simile-xai-audio.s3.ap-southeast-2.amazonaws.com/data_v8_1/bird/audio/bird_Recording_2_Recording_2_Segment_03_194.wav,data/processed/BirdSoundsDataset_v2/audio/bird_Recording_2_Recording_2_Segment_03_194.wav,,,,
bird,bird_Recording_2_Recording_2_Segment_03_119,Wood Thrush,clear,1.299,all,0,False,21,21,Wood Thrush,True,0.4,Wood Thrush,True,0.8,Wood Thrush,True,1.0,Wood Thrush,True,0.8,Wood Thrush,True,Wood Thrush,True,https://simile-xai-audio.s3.ap-southeast-2.amazonaws.com/data_v8_1/bird/audio/bird_Recording_2_Recording_2_Segment_03_119.wav,data/processed/BirdSoundsDataset_v2/audio/bird_Recording_2_Recording_2_Segment_03_119.wav,,,,
bird,bird_Recording_2_Recording_2_Segment_03_210,Wood Thrush,clear,1.296,all,0,False,21,21,Wood Thrush,True,0.4,Wood Thrush,True,0.6,Wood Thrush,True,1.0,Wood Thrush,True,0.6,Wood Thrush,True,Wood Thrush,True,https://simile-xai-audio.s3.ap-southeast-2.amazonaws.com/data_v8_1/bird/audio/bird_Recording_2_Recording_2_Segment_03_210.wav,data/processed/BirdSoundsDataset_v2/audio/bird_Recording_2_Recording_2_Segment_03_210.wav,,,,
bird,bird_Recording_2_Recording_2_Segment_01_95,Wood Thrush,clear,1.2856,all,0,False,20,21,Wood Thrush,True,0.6,Wood Thrush,True,0.6,Wood Thrush,True,1.0,Wood Thrush,True,0.6,Wood Thrush,True,Wood Thrush,True,https://simile-xai-audio.s3.ap-southeast-2.amazonaws.com/data_v8_1/bird/audio/bird_Recording_2_Recording_2_Segment_01_95.wav,data/processed/BirdSoundsDataset_v2/audio/bird_Recording_2_Recording_2_Segment_01_95.wav,,,,
bird,bird_Recording_2_Recording_2_Segment_03_130,Wood Thrush,clear,1.2542,all,0,False,21,21,Wood Thrush,True,0.6,Wood Thrush,True,0.4,Wood Thrush,True,1.0,Wood Thrush,True,0.8,Wood Thrush,True,Wood Thrush,True,https://simile-xai-audio.s3.ap-southeast-2.amazonaws.com/data_v8_1/bird/audio/bird_Recording_2_Recording_2_Segment_03_130.wav,data/processed/BirdSoundsDataset_v2/audio/bird_Recording_2_Recording_2_Segment_03_130.wav,,,,
