domain,sample_id,true_label,band,typicality,source,source_tier,label_mismatch,agreement,n_methods,lf_sim_pred,lf_sim_correct,lf_sim_faithful,lf_onom_pred,lf_onom_correct,lf_onom_faithful,fused_sim_pred,fused_sim_correct,fused_sim_faithful,fused_onom_pred,fused_onom_correct,fused_onom_faithful,rexnet_pred,rexnet_correct,proto_pred,proto_correct,audio,sample_path,annot_quality_ok,annot_label_agrees,annot_best_explanation,annot_notes
lung,sprsound_40985693_3.4_0_p2_8627_2,Crackle,ambiguous,-2.235,sprsound,1,False,0,93,Normal,False,0.0,Normal,False,0.0,Normal,False,0.0,Normal,False,0.0,Normal,False,Normal,False,https://simile-xai-audio.s3.ap-southeast-2.amazonaws.com/data_v6/lung/audio/sprsound_40985693_3.4_0_p2_8627_2.wav,data/processed/UnifiedLungSymptomDataset/audio/sprsound_40985693_3.4_0_p2_8627_2.wav,,,,
lung,hflung_steth_20190809_12_03_44_22,Crackle,ambiguous,-2.1808,hflung,3,True,0,93,Wheeze,False,0.0,Wheeze,False,0.0,Wheeze,False,0.0,Wheeze,False,0.0,Wheeze,False,Wheeze,False,https://simile-xai-audio.s3.ap-southeast-2.amazonaws.com/data_v6/lung/audio/hflung_steth_20190809_12_03_44_22.wav,data/processed/UnifiedLungSymptomDataset/audio/hflung_steth_20190809_12_03_44_22.wav,,,,
lung,icbhi_180_1b4_Ar_mc_AKGC417L_5,Crackle,ambiguous,-2.1696,icbhi,1,False,0,93,Wheeze,False,0.0,Wheeze,False,0.0,Wheeze,False,0.0,Wheeze,False,0.0,Wheeze,False,Wheeze,False,https://simile-xai-audio.s3.ap-southeast-2.amazonaws.com/data_v6/lung/audio/icbhi_180_1b4_Ar_mc_AKGC417L_5.wav,data/processed/UnifiedLungSymptomDataset/audio/icbhi_180_1b4_Ar_mc_AKGC417L_5.wav,,,,
lung,fraiwan_2,Crackle,ambiguous,-1.5399,fraiwan,2,True,14,93,Normal,False,0.8,Crackle,True,0.0,Crackle,True,0.6,Crackle,True,0.4,Normal,False,Normal,False,https://simile-xai-audio.s3.ap-southeast-2.amazonaws.com/data_v6/lung/audio/fraiwan_2.wav,data/processed/UnifiedLungSymptomDataset/audio/fraiwan_2.wav,,,,
lung,sprsound_40985693_3.4_0_p2_8627_3,Crackle,ambiguous,-2.2095,sprsound,1,False,1,93,Normal,False,0.2,Normal,False,0.0,Normal,False,0.0,Normal,False,0.0,Normal,False,Normal,False,https://simile-xai-audio.s3.ap-southeast-2.amazonaws.com/data_v6/lung/audio/sprsound_40985693_3.4_0_p2_8627_3.wav,data/processed/UnifiedLungSymptomDataset/audio/sprsound_40985693_3.4_0_p2_8627_3.wav,,,,
lung,hflung_steth_20190711_13_43_08_1,Crackle,ambiguous,-2.1071,hflung,3,True,0,93,Wheeze,False,0.0,Wheeze,False,0.0,Wheeze,False,0.0,Wheeze,False,0.0,Wheeze,False,Stridor,False,https://simile-xai-audio.s3.ap-southeast-2.amazonaws.com/data_v6/lung/audio/hflung_steth_20190711_13_43_08_1.wav,data/processed/UnifiedLungSymptomDataset/audio/hflung_steth_20190711_13_43_08_1.wav,,,,
lung,icbhi_156_8b3_Ar_mc_AKGC417L_0,Crackle,ambiguous,-2.165,icbhi,1,False,0,93,Normal,False,0.0,Normal,False,0.0,Normal,False,0.2,Normal,False,0.2,Normal,False,Normal,False,https://simile-xai-audio.s3.ap-southeast-2.amazonaws.com/data_v6/lung/audio/icbhi_156_8b3_Ar_mc_AKGC417L_0.wav,data/processed/UnifiedLungSymptomDataset/audio/icbhi_156_8b3_Ar_mc_AKGC417L_0.wav,,,,
lung,fraiwan_287,Crackle,ambiguous,-1.3876,fraiwan,2,True,79,93,Crackle,True,0.4,Crackle,True,1.0,Crackle,True,0.4,Crackle,True,0.4,Crackle,True,Crackle,True,https://simile-xai-audio.s3.ap-southeast-2.amazonaws.com/data_v6/lung/audio/fraiwan_287.wav,data/processed/UnifiedLungSymptomDataset/audio/fraiwan_287.wav,,,,
lung,sprsound_40985693_3.4_0_p2_8627_1,Crackle,ambiguous,-2.1921,sprsound,1,False,7,93,Normal,False,0.2,Normal,False,0.0,Normal,False,0.0,Normal,False,0.0,Crackle,True,Normal,False,https://simile-xai-audio.s3.ap-southeast-2.amazonaws.com/data_v6/lung/audio/sprsound_40985693_3.4_0_p2_8627_1.wav,data/processed/UnifiedLungSymptomDataset/audio/sprsound_40985693_3.4_0_p2_8627_1.wav,,,,
lung,hflung_steth_20190711_13_43_08_7,Crackle,ambiguous,-2.0188,hflung,3,True,1,93,Wheeze,False,0.0,Stridor,False,0.0,Wheeze,False,0.0,Wheeze,False,0.0,Crackle,True,Wheeze,False,https://simile-xai-audio.s3.ap-southeast-2.amazonaws.com/data_v6/lung/audio/hflung_steth_20190711_13_43_08_7.wav,data/processed/UnifiedLungSymptomDataset/audio/hflung_steth_20190711_13_43_08_7.wav,,,,
lung,icbhi_207_2b3_Al_mc_AKGC417L_1,Crackle,ambiguous,-1.923,icbhi,1,False,63,93,Crackle,True,0.0,Normal,False,0.0,Crackle,True,0.4,Crackle,True,0.2,Normal,False,Normal,False,https://simile-xai-audio.s3.ap-southeast-2.amazonaws.com/data_v6/lung/audio/icbhi_207_2b3_Al_mc_AKGC417L_1.wav,data/processed/UnifiedLungSymptomDataset/audio/icbhi_207_2b3_Al_mc_AKGC417L_1.wav,,,,
lung,fraiwan_277,Crackle,ambiguous,-1.2706,fraiwan,2,True,84,93,Crackle,True,0.4,Crackle,True,0.6,Crackle,True,0.6,Crackle,True,0.4,Crackle,True,Normal,False,https://simile-xai-audio.s3.ap-southeast-2.amazonaws.com/data_v6/lung/audio/fraiwan_277.wav,data/processed/UnifiedLungSymptomDataset/audio/fraiwan_277.wav,,,,
lung,sprsound_41263533_6.8_1_p4_884_2,Crackle,ambiguous,-2.1442,sprsound,1,False,4,93,Normal,False,0.0,Normal,False,0.0,Normal,False,0.0,Normal,False,0.0,Normal,False,Crackle,True,https://simile-xai-audio.s3.ap-southeast-2.amazonaws.com/data_v6/lung/audio/sprsound_41263533_6.8_1_p4_884_2.wav,data/processed/UnifiedLungSymptomDataset/audio/sprsound_41263533_6.8_1_p4_884_2.wav,,,,
lung,hflung_steth_20190616_14_35_27_6,Crackle,ambiguous,-1.9982,hflung,3,True,27,93,Wheeze,False,0.0,Wheeze,False,0.0,Wheeze,False,0.0,Wheeze,False,0.0,Crackle,True,Crackle,True,https://simile-xai-audio.s3.ap-southeast-2.amazonaws.com/data_v6/lung/audio/hflung_steth_20190616_14_35_27_6.wav,data/processed/UnifiedLungSymptomDataset/audio/hflung_steth_20190616_14_35_27_6.wav,,,,
lung,icbhi_156_8b3_Pl_mc_AKGC417L_5,Crackle,ambiguous,-1.9141,icbhi,1,False,0,93,Wheeze,False,0.0,Wheeze,False,0.0,Wheeze,False,0.0,Wheeze,False,0.0,Normal,False,Normal,False,https://simile-xai-audio.s3.ap-southeast-2.amazonaws.com/data_v6/lung/audio/icbhi_156_8b3_Pl_mc_AKGC417L_5.wav,data/processed/UnifiedLungSymptomDataset/audio/icbhi_156_8b3_Pl_mc_AKGC417L_5.wav,,,,
lung,sprsound_41186340_6.6_0_p2_2701_3,Crackle,borderline,-0.305,sprsound,1,False,92,93,Crackle,True,0.8,Crackle,True,1.0,Crackle,True,0.8,Crackle,True,0.8,Crackle,True,Normal,False,https://simile-xai-audio.s3.ap-southeast-2.amazonaws.com/data_v6/lung/audio/sprsound_41186340_6.6_0_p2_2701_3.wav,data/processed/UnifiedLungSymptomDataset/audio/sprsound_41186340_6.6_0_p2_2701_3.wav,,,,
lung,hflung_trunc_2019-06-23-10-32-54-L1_0_6,Crackle,borderline,-0.305,hflung,3,True,88,93,Crackle,True,0.6,Crackle,True,0.6,Crackle,True,0.0,Crackle,True,0.2,Crackle,True,Wheeze,False,https://simile-xai-audio.s3.ap-southeast-2.amazonaws.com/data_v6/lung/audio/hflung_trunc_2019-06-23-10-32-54-L1_0_6.wav,data/processed/UnifiedLungSymptomDataset/audio/hflung_trunc_2019-06-23-10-32-54-L1_0_6.wav,,,,
lung,icbhi_156_2b3_Pr_mc_AKGC417L_3,Crackle,borderline,-0.3001,icbhi,1,False,58,93,Crackle,True,0.6,Crackle,True,0.6,Crackle,True,0.2,Crackle,True,0.2,Wheeze,False,Wheeze,False,https://simile-xai-audio.s3.ap-southeast-2.amazonaws.com/data_v6/lung/audio/icbhi_156_2b3_Pr_mc_AKGC417L_3.wav,data/processed/UnifiedLungSymptomDataset/audio/icbhi_156_2b3_Pr_mc_AKGC417L_3.wav,,,,
lung,fraiwan_218,Crackle,borderline,-0.2989,fraiwan,2,True,90,93,Crackle,True,0.4,Crackle,True,0.6,Crackle,True,0.4,Crackle,True,0.4,Crackle,True,Crackle,True,https://simile-xai-audio.s3.ap-southeast-2.amazonaws.com/data_v6/lung/audio/fraiwan_218.wav,data/processed/UnifiedLungSymptomDataset/audio/fraiwan_218.wav,,,,
lung,sprsound_41186340_6.6_0_p2_2701_4,Crackle,borderline,-0.305,sprsound,1,False,92,93,Crackle,True,0.8,Crackle,True,1.0,Crackle,True,0.8,Crackle,True,0.8,Crackle,True,Normal,False,https://simile-xai-audio.s3.ap-southeast-2.amazonaws.com/data_v6/lung/audio/sprsound_41186340_6.6_0_p2_2701_4.wav,data/processed/UnifiedLungSymptomDataset/audio/sprsound_41186340_6.6_0_p2_2701_4.wav,,,,
lung,hflung_steth_20190423_14_35_59_16,Crackle,borderline,-0.3043,hflung,3,True,93,93,Crackle,True,1.0,Crackle,True,1.0,Crackle,True,1.0,Crackle,True,1.0,Crackle,True,Crackle,True,https://simile-xai-audio.s3.ap-southeast-2.amazonaws.com/data_v6/lung/audio/hflung_steth_20190423_14_35_59_16.wav,data/processed/UnifiedLungSymptomDataset/audio/hflung_steth_20190423_14_35_59_16.wav,,,,
lung,icbhi_166_1p1_Pl_sc_Meditron_23,Crackle,borderline,-0.3,icbhi,1,False,91,93,Crackle,True,0.6,Crackle,True,1.0,Crackle,True,0.8,Crackle,True,0.6,Crackle,True,Normal,False,https://simile-xai-audio.s3.ap-southeast-2.amazonaws.com/data_v6/lung/audio/icbhi_166_1p1_Pl_sc_Meditron_23.wav,data/processed/UnifiedLungSymptomDataset/audio/icbhi_166_1p1_Pl_sc_Meditron_23.wav,,,,
lung,sprsound_41161556_1.7_0_p3_2345_2,Crackle,borderline,-0.2978,sprsound,1,False,93,93,Crackle,True,1.0,Crackle,True,1.0,Crackle,True,0.6,Crackle,True,0.6,Crackle,True,Crackle,True,https://simile-xai-audio.s3.ap-southeast-2.amazonaws.com/data_v6/lung/audio/sprsound_41161556_1.7_0_p3_2345_2.wav,data/processed/UnifiedLungSymptomDataset/audio/sprsound_41161556_1.7_0_p3_2345_2.wav,,,,
lung,hflung_steth_20181031_13_42_35_6,Crackle,borderline,-0.2988,hflung,3,True,55,93,Wheeze,False,0.0,Crackle,True,0.4,Crackle,True,0.4,Crackle,True,0.2,Wheeze,False,Crackle,True,https://simile-xai-audio.s3.ap-southeast-2.amazonaws.com/data_v6/lung/audio/hflung_steth_20181031_13_42_35_6.wav,data/processed/UnifiedLungSymptomDataset/audio/hflung_steth_20181031_13_42_35_6.wav,,,,
lung,icbhi_156_5b3_Ll_mc_AKGC417L_7,Crackle,borderline,-0.2757,icbhi,1,False,22,93,Normal,False,0.4,Crackle,True,0.0,Crackle,True,0.2,Crackle,True,0.4,Crackle,True,Normal,False,https://simile-xai-audio.s3.ap-southeast-2.amazonaws.com/data_v6/lung/audio/icbhi_156_5b3_Ll_mc_AKGC417L_7.wav,data/processed/UnifiedLungSymptomDataset/audio/icbhi_156_5b3_Ll_mc_AKGC417L_7.wav,,,,
lung,sprsound_41161556_1.7_0_p3_2345_0,Crackle,borderline,-0.2886,sprsound,1,False,93,93,Crackle,True,0.8,Crackle,True,0.8,Crackle,True,0.6,Crackle,True,0.6,Crackle,True,Crackle,True,https://simile-xai-audio.s3.ap-southeast-2.amazonaws.com/data_v6/lung/audio/sprsound_41161556_1.7_0_p3_2345_0.wav,data/processed/UnifiedLungSymptomDataset/audio/sprsound_41161556_1.7_0_p3_2345_0.wav,,,,
lung,hflung_trunc_2019-05-07-14-16-16-L6_4_2,Crackle,borderline,-0.2979,hflung,3,True,41,93,Crackle,True,0.0,Crackle,True,0.2,Wheeze,False,0.0,Wheeze,False,0.0,Crackle,True,Crackle,True,https://simile-xai-audio.s3.ap-southeast-2.amazonaws.com/data_v6/lung/audio/hflung_trunc_2019-05-07-14-16-16-L6_4_2.wav,data/processed/UnifiedLungSymptomDataset/audio/hflung_trunc_2019-05-07-14-16-16-L6_4_2.wav,,,,
lung,icbhi_166_1p1_Ll_sc_Meditron_5,Crackle,borderline,-0.2432,icbhi,1,False,92,93,Crackle,True,1.0,Crackle,True,1.0,Crackle,True,0.8,Crackle,True,0.8,Crackle,True,Crackle,True,https://simile-xai-audio.s3.ap-southeast-2.amazonaws.com/data_v6/lung/audio/icbhi_166_1p1_Ll_sc_Meditron_5.wav,data/processed/UnifiedLungSymptomDataset/audio/icbhi_166_1p1_Ll_sc_Meditron_5.wav,,,,
lung,sprsound_41187871_3.8_1_p2_3257_3,Crackle,borderline,-0.2883,sprsound,1,False,93,93,Crackle,True,1.0,Crackle,True,1.0,Crackle,True,0.8,Crackle,True,0.8,Crackle,True,Crackle,True,https://simile-xai-audio.s3.ap-southeast-2.amazonaws.com/data_v6/lung/audio/sprsound_41187871_3.8_1_p2_3257_3.wav,data/processed/UnifiedLungSymptomDataset/audio/sprsound_41187871_3.8_1_p2_3257_3.wav,,,,
lung,hflung_steth_20181114_09_19_52_6,Crackle,borderline,-0.2978,hflung,3,True,86,93,Crackle,True,0.4,Crackle,True,0.8,Crackle,True,0.4,Crackle,True,0.4,Crackle,True,Crackle,True,https://simile-xai-audio.s3.ap-southeast-2.amazonaws.com/data_v6/lung/audio/hflung_steth_20181114_09_19_52_6.wav,data/processed/UnifiedLungSymptomDataset/audio/hflung_steth_20181114_09_19_52_6.wav,,,,
lung,hflung_steth_20190811_10_30_47_7,Crackle,clear,1.103,hflung,3,True,93,93,Crackle,True,1.0,Crackle,True,1.0,Crackle,True,1.0,Crackle,True,1.0,Crackle,True,Crackle,True,https://simile-xai-audio.s3.ap-southeast-2.amazonaws.com/data_v6/lung/audio/hflung_steth_20190811_10_30_47_7.wav,data/processed/UnifiedLungSymptomDataset/audio/hflung_steth_20190811_10_30_47_7.wav,,,,
lung,sprsound_41161556_1.7_0_p4_3098_3,Crackle,clear,0.79,sprsound,1,False,93,93,Crackle,True,1.0,Crackle,True,1.0,Crackle,True,0.6,Crackle,True,0.8,Crackle,True,Crackle,True,https://simile-xai-audio.s3.ap-southeast-2.amazonaws.com/data_v6/lung/audio/sprsound_41161556_1.7_0_p4_3098_3.wav,data/processed/UnifiedLungSymptomDataset/audio/sprsound_41161556_1.7_0_p4_3098_3.wav,,,,
lung,icbhi_166_1p1_Pl_sc_Meditron_19,Crackle,clear,0.6247,icbhi,1,False,92,93,Crackle,True,0.8,Crackle,True,1.0,Crackle,True,0.8,Crackle,True,0.6,Crackle,True,Normal,False,https://simile-xai-audio.s3.ap-southeast-2.amazonaws.com/data_v6/lung/audio/icbhi_166_1p1_Pl_sc_Meditron_19.wav,data/processed/UnifiedLungSymptomDataset/audio/icbhi_166_1p1_Pl_sc_Meditron_19.wav,,,,
lung,fraiwan_11,Crackle,clear,0.5393,fraiwan,2,True,59,93,Crackle,True,0.6,Crackle,True,1.0,Crackle,True,0.4,Crackle,True,0.4,Crackle,True,Crackle,True,https://simile-xai-audio.s3.ap-southeast-2.amazonaws.com/data_v6/lung/audio/fraiwan_11.wav,data/processed/UnifiedLungSymptomDataset/audio/fraiwan_11.wav,,,,
lung,hflung_trunc_2019-05-07-16-03-02-L2_10_1,Crackle,clear,1.0396,hflung,3,True,93,93,Crackle,True,1.0,Crackle,True,0.8,Crackle,True,0.6,Crackle,True,0.6,Crackle,True,Crackle,True,https://simile-xai-audio.s3.ap-southeast-2.amazonaws.com/data_v6/lung/audio/hflung_trunc_2019-05-07-16-03-02-L2_10_1.wav,data/processed/UnifiedLungSymptomDataset/audio/hflung_trunc_2019-05-07-16-03-02-L2_10_1.wav,,,,
lung,sprsound_41091768_7.7_0_p1_853_2,Crackle,clear,0.6477,sprsound,1,False,93,93,Crackle,True,0.6,Crackle,True,0.2,Crackle,True,0.6,Crackle,True,0.6,Crackle,True,Crackle,True,https://simile-xai-audio.s3.ap-southeast-2.amazonaws.com/data_v6/lung/audio/sprsound_41091768_7.7_0_p1_853_2.wav,data/processed/UnifiedLungSymptomDataset/audio/sprsound_41091768_7.7_0_p1_853_2.wav,,,,
lung,icbhi_166_1p1_Al_sc_Meditron_13,Crackle,clear,0.5249,icbhi,1,False,59,93,Normal,False,0.4,Crackle,True,0.4,Crackle,True,0.6,Crackle,True,0.4,Normal,False,Normal,False,https://simile-xai-audio.s3.ap-southeast-2.amazonaws.com/data_v6/lung/audio/icbhi_166_1p1_Al_sc_Meditron_13.wav,data/processed/UnifiedLungSymptomDataset/audio/icbhi_166_1p1_Al_sc_Meditron_13.wav,,,,
lung,hflung_trunc_2019-05-07-16-03-02-L2_10_3,Crackle,clear,1.0396,hflung,3,True,93,93,Crackle,True,1.0,Crackle,True,0.8,Crackle,True,0.6,Crackle,True,0.6,Crackle,True,Crackle,True,https://simile-xai-audio.s3.ap-southeast-2.amazonaws.com/data_v6/lung/audio/hflung_trunc_2019-05-07-16-03-02-L2_10_3.wav,data/processed/UnifiedLungSymptomDataset/audio/hflung_trunc_2019-05-07-16-03-02-L2_10_3.wav,,,,
lung,sprsound_41263355_3.4_0_p4_972_1,Crackle,clear,0.6057,sprsound,1,False,93,93,Crackle,True,1.0,Crackle,True,1.0,Crackle,True,0.8,Crackle,True,0.8,Crackle,True,Crackle,True,https://simile-xai-audio.s3.ap-southeast-2.amazonaws.com/data_v6/lung/audio/sprsound_41263355_3.4_0_p4_972_1.wav,data/processed/UnifiedLungSymptomDataset/audio/sprsound_41263355_3.4_0_p4_972_1.wav,,,,
lung,icbhi_156_5b3_Ll_mc_AKGC417L_6,Crackle,clear,0.3382,icbhi,1,False,6,93,Normal,False,0.0,Normal,False,0.0,Normal,False,0.2,Normal,False,0.4,Normal,False,Normal,False,https://simile-xai-audio.s3.ap-southeast-2.amazonaws.com/data_v6/lung/audio/icbhi_156_5b3_Ll_mc_AKGC417L_6.wav,data/processed/UnifiedLungSymptomDataset/audio/icbhi_156_5b3_Ll_mc_AKGC417L_6.wav,,,,
lung,hflung_trunc_2019-07-17-11-06-06-L2_9_17,Crackle,clear,1.0176,hflung,3,True,92,93,Crackle,True,0.8,Crackle,True,0.4,Crackle,True,0.4,Crackle,True,0.4,Crackle,True,Crackle,True,https://simile-xai-audio.s3.ap-southeast-2.amazonaws.com/data_v6/lung/audio/hflung_trunc_2019-07-17-11-06-06-L2_9_17.wav,data/processed/UnifiedLungSymptomDataset/audio/hflung_trunc_2019-07-17-11-06-06-L2_9_17.wav,,,,
lung,sprsound_41267028_0.3_0_p2_2642_1,Crackle,clear,0.5779,sprsound,1,False,93,93,Crackle,True,0.8,Crackle,True,1.0,Crackle,True,0.6,Crackle,True,0.6,Crackle,True,Crackle,True,https://simile-xai-audio.s3.ap-southeast-2.amazonaws.com/data_v6/lung/audio/sprsound_41267028_0.3_0_p2_2642_1.wav,data/processed/UnifiedLungSymptomDataset/audio/sprsound_41267028_0.3_0_p2_2642_1.wav,,,,
lung,hflung_trunc_2019-07-17-11-06-06-L2_9_15,Crackle,clear,1.0176,hflung,3,True,92,93,Crackle,True,0.8,Crackle,True,0.4,Crackle,True,0.4,Crackle,True,0.4,Crackle,True,Crackle,True,https://simile-xai-audio.s3.ap-southeast-2.amazonaws.com/data_v6/lung/audio/hflung_trunc_2019-07-17-11-06-06-L2_9_15.wav,data/processed/UnifiedLungSymptomDataset/audio/hflung_trunc_2019-07-17-11-06-06-L2_9_15.wav,,,,
lung,sprsound_41161556_1.7_0_p4_3098_5,Crackle,clear,0.5686,sprsound,1,False,77,93,Crackle,True,0.8,Crackle,True,0.0,Crackle,True,0.6,Crackle,True,0.4,Crackle,True,Crackle,True,https://simile-xai-audio.s3.ap-southeast-2.amazonaws.com/data_v6/lung/audio/sprsound_41161556_1.7_0_p4_3098_5.wav,data/processed/UnifiedLungSymptomDataset/audio/sprsound_41161556_1.7_0_p4_3098_5.wav,,,,
lung,hflung_trunc_2019-05-07-16-03-02-L2_10_5,Crackle,clear,1.0131,hflung,3,True,93,93,Crackle,True,1.0,Crackle,True,0.8,Crackle,True,0.6,Crackle,True,0.6,Crackle,True,Crackle,True,https://simile-xai-audio.s3.ap-southeast-2.amazonaws.com/data_v6/lung/audio/hflung_trunc_2019-05-07-16-03-02-L2_10_5.wav,data/processed/UnifiedLungSymptomDataset/audio/hflung_trunc_2019-05-07-16-03-02-L2_10_5.wav,,,,
lung,icbhi_166_1p1_Ll_sc_Meditron_24,Normal,ambiguous,-2.1386,icbhi,1,False,56,93,Normal,True,0.6,Normal,True,0.8,Normal,True,0.8,Normal,True,0.4,Normal,True,Normal,True,https://simile-xai-audio.s3.ap-southeast-2.amazonaws.com/data_v6/lung/audio/icbhi_166_1p1_Ll_sc_Meditron_24.wav,data/processed/UnifiedLungSymptomDataset/audio/icbhi_166_1p1_Ll_sc_Meditron_24.wav,,,,
lung,sprsound_65106469_0.7_0_p4_4253_0,Normal,ambiguous,-1.5419,sprsound,1,False,3,93,Crackle,False,0.0,Crackle,False,0.2,Crackle,False,0.2,Crackle,False,0.0,Normal,True,Normal,True,https://simile-xai-audio.s3.ap-southeast-2.amazonaws.com/data_v6/lung/audio/sprsound_65106469_0.7_0_p4_4253_0.wav,data/processed/UnifiedLungSymptomDataset/audio/sprsound_65106469_0.7_0_p4_4253_0.wav,,,,
lung,fraiwan_219,Normal,ambiguous,-1.3887,fraiwan,2,True,4,93,Crackle,False,0.0,Crackle,False,0.0,Crackle,False,0.2,Crackle,False,0.0,Crackle,False,Normal,True,https://simile-xai-audio.s3.ap-southeast-2.amazonaws.com/data_v6/lung/audio/fraiwan_219.wav,data/processed/UnifiedLungSymptomDataset/audio/fraiwan_219.wav,,,,
lung,icbhi_166_1p1_Ar_sc_Meditron_15,Normal,ambiguous,-2.0099,icbhi,1,False,21,93,Normal,True,0.0,Wheeze,False,0.4,Crackle,False,0.2,Crackle,False,0.2,Crackle,False,Normal,True,https://simile-xai-audio.s3.ap-southeast-2.amazonaws.com/data_v6/lung/audio/icbhi_166_1p1_Ar_sc_Meditron_15.wav,data/processed/UnifiedLungSymptomDataset/audio/icbhi_166_1p1_Ar_sc_Meditron_15.wav,,,,
lung,sprsound_64743918_7.0_0_p1_2518_0,Normal,ambiguous,-1.5159,sprsound,1,False,1,93,Wheeze,False,0.0,Wheeze,False,0.2,Wheeze,False,0.0,Wheeze,False,0.0,Wheeze,False,Crackle,False,https://simile-xai-audio.s3.ap-southeast-2.amazonaws.com/data_v6/lung/audio/sprsound_64743918_7.0_0_p1_2518_0.wav,data/processed/UnifiedLungSymptomDataset/audio/sprsound_64743918_7.0_0_p1_2518_0.wav,,,,
lung,fraiwan_332,Normal,ambiguous,-1.2274,fraiwan,2,True,11,93,Crackle,False,0.0,Crackle,False,0.0,Crackle,False,0.2,Crackle,False,0.0,Normal,True,Normal,True,https://simile-xai-audio.s3.ap-southeast-2.amazonaws.com/data_v6/lung/audio/fraiwan_332.wav,data/processed/UnifiedLungSymptomDataset/audio/fraiwan_332.wav,,,,
lung,icbhi_166_1p1_Al_sc_Meditron_12,Normal,ambiguous,-1.9246,icbhi,1,False,26,93,Normal,True,0.0,Crackle,False,0.8,Crackle,False,0.2,Crackle,False,0.4,Normal,True,Normal,True,https://simile-xai-audio.s3.ap-southeast-2.amazonaws.com/data_v6/lung/audio/icbhi_166_1p1_Al_sc_Meditron_12.wav,data/processed/UnifiedLungSymptomDataset/audio/icbhi_166_1p1_Al_sc_Meditron_12.wav,,,,
lung,sprsound_64783073_1.3_0_p3_3282_4,Normal,ambiguous,-1.3286,sprsound,1,False,3,93,Crackle,False,0.0,Wheeze,False,0.2,Wheeze,False,0.0,Wheeze,False,0.0,Crackle,False,Stridor,False,https://simile-xai-audio.s3.ap-southeast-2.amazonaws.com/data_v6/lung/audio/sprsound_64783073_1.3_0_p3_3282_4.wav,data/processed/UnifiedLungSymptomDataset/audio/sprsound_64783073_1.3_0_p3_3282_4.wav,,,,
lung,fraiwan_56,Normal,ambiguous,-1.0319,fraiwan,2,True,87,93,Normal,True,0.0,Normal,True,1.0,Normal,True,0.2,Normal,True,0.4,Normal,True,Normal,True,https://simile-xai-audio.s3.ap-southeast-2.amazonaws.com/data_v6/lung/audio/fraiwan_56.wav,data/processed/UnifiedLungSymptomDataset/audio/fraiwan_56.wav,,,,
lung,icbhi_166_1p1_Ll_sc_Meditron_23,Normal,ambiguous,-1.8699,icbhi,1,False,61,93,Normal,True,0.4,Normal,True,0.8,Normal,True,0.6,Crackle,False,0.4,Normal,True,Crackle,False,https://simile-xai-audio.s3.ap-southeast-2.amazonaws.com/data_v6/lung/audio/icbhi_166_1p1_Ll_sc_Meditron_23.wav,data/processed/UnifiedLungSymptomDataset/audio/icbhi_166_1p1_Ll_sc_Meditron_23.wav,,,,
lung,sprsound_64743918_7.0_0_p2_2566_0,Normal,ambiguous,-1.3054,sprsound,1,False,3,93,Wheeze,False,0.0,Wheeze,False,0.8,Crackle,False,0.2,Crackle,False,0.4,Normal,True,Wheeze,False,https://simile-xai-audio.s3.ap-southeast-2.amazonaws.com/data_v6/lung/audio/sprsound_64743918_7.0_0_p2_2566_0.wav,data/processed/UnifiedLungSymptomDataset/audio/sprsound_64743918_7.0_0_p2_2566_0.wav,,,,
lung,fraiwan_313,Normal,ambiguous,-0.7567,fraiwan,2,True,76,93,Normal,True,0.0,Crackle,False,0.2,Crackle,False,0.2,Crackle,False,0.4,Normal,True,Normal,True,https://simile-xai-audio.s3.ap-southeast-2.amazonaws.com/data_v6/lung/audio/fraiwan_313.wav,data/processed/UnifiedLungSymptomDataset/audio/fraiwan_313.wav,,,,
lung,icbhi_208_1b1_Ll_sc_Meditron_7,Normal,ambiguous,-1.8307,icbhi,1,False,86,93,Normal,True,0.2,Normal,True,0.8,Crackle,False,0.2,Crackle,False,0.4,Normal,True,Normal,True,https://simile-xai-audio.s3.ap-southeast-2.amazonaws.com/data_v6/lung/audio/icbhi_208_1b1_Ll_sc_Meditron_7.wav,data/processed/UnifiedLungSymptomDataset/audio/icbhi_208_1b1_Ll_sc_Meditron_7.wav,,,,
lung,sprsound_65066035_1.7_0_p2_1768_1,Normal,ambiguous,-1.0187,sprsound,1,False,2,93,Wheeze,False,0.0,Wheeze,False,0.2,Wheeze,False,0.0,Wheeze,False,0.0,Normal,True,Wheeze,False,https://simile-xai-audio.s3.ap-southeast-2.amazonaws.com/data_v6/lung/audio/sprsound_65066035_1.7_0_p2_1768_1.wav,data/processed/UnifiedLungSymptomDataset/audio/sprsound_65066035_1.7_0_p2_1768_1.wav,,,,
lung,fraiwan_53,Normal,ambiguous,-0.6897,fraiwan,2,True,2,93,Wheeze,False,0.0,Wheeze,False,0.2,Wheeze,False,0.0,Wheeze,False,0.0,Wheeze,False,Wheeze,False,https://simile-xai-audio.s3.ap-southeast-2.amazonaws.com/data_v6/lung/audio/fraiwan_53.wav,data/processed/UnifiedLungSymptomDataset/audio/fraiwan_53.wav,,,,
lung,sprsound_64070366_5.0_1_p4_5371_5,Normal,borderline,0.7477,sprsound,1,False,91,93,Normal,True,0.6,Normal,True,0.8,Normal,True,0.8,Normal,True,0.8,Normal,True,Normal,True,https://simile-xai-audio.s3.ap-southeast-2.amazonaws.com/data_v6/lung/audio/sprsound_64070366_5.0_1_p4_5371_5.wav,data/processed/UnifiedLungSymptomDataset/audio/sprsound_64070366_5.0_1_p4_5371_5.wav,,,,
lung,icbhi_187_1b1_Ll_sc_Meditron_13,Normal,borderline,0.7592,icbhi,1,False,92,93,Normal,True,0.0,Normal,True,0.8,Crackle,False,0.2,Crackle,False,0.4,Normal,True,Normal,True,https://simile-xai-audio.s3.ap-southeast-2.amazonaws.com/data_v6/lung/audio/icbhi_187_1b1_Ll_sc_Meditron_13.wav,data/processed/UnifiedLungSymptomDataset/audio/icbhi_187_1b1_Ll_sc_Meditron_13.wav,,,,
lung,fraiwan_146,Normal,borderline,0.8542,fraiwan,2,True,61,93,Normal,True,0.6,Normal,True,0.8,Normal,True,0.6,Normal,True,0.6,Normal,True,Crackle,False,https://simile-xai-audio.s3.ap-southeast-2.amazonaws.com/data_v6/lung/audio/fraiwan_146.wav,data/processed/UnifiedLungSymptomDataset/audio/fraiwan_146.wav,,,,
lung,sprsound_65106469_0.7_0_p3_4251_2,Normal,borderline,0.7483,sprsound,1,False,89,93,Normal,True,1.0,Normal,True,1.0,Normal,True,1.0,Normal,True,0.8,Normal,True,Normal,True,https://simile-xai-audio.s3.ap-southeast-2.amazonaws.com/data_v6/lung/audio/sprsound_65106469_0.7_0_p3_4251_2.wav,data/processed/UnifiedLungSymptomDataset/audio/sprsound_65106469_0.7_0_p3_4251_2.wav,,,,
lung,icbhi_115_1b1_Ar_sc_Meditron_8,Normal,borderline,0.7694,icbhi,1,False,92,93,Normal,True,0.6,Normal,True,0.8,Normal,True,0.4,Normal,True,0.6,Normal,True,Normal,True,https://simile-xai-audio.s3.ap-southeast-2.amazonaws.com/data_v6/lung/audio/icbhi_115_1b1_Ar_sc_Meditron_8.wav,data/processed/UnifiedLungSymptomDataset/audio/icbhi_115_1b1_Ar_sc_Meditron_8.wav,,,,
lung,sprsound_41187871_3.8_1_p4_3255_4,Normal,borderline,0.749,sprsound,1,False,92,93,Normal,True,0.0,Normal,True,0.8,Normal,True,0.6,Normal,True,0.6,Normal,True,Normal,True,https://simile-xai-audio.s3.ap-southeast-2.amazonaws.com/data_v6/lung/audio/sprsound_41187871_3.8_1_p4_3255_4.wav,data/processed/UnifiedLungSymptomDataset/audio/sprsound_41187871_3.8_1_p4_3255_4.wav,,,,
lung,icbhi_187_1b1_Ll_sc_Meditron_10,Normal,borderline,0.777,icbhi,1,False,92,93,Normal,True,0.4,Normal,True,1.0,Normal,True,0.4,Normal,True,0.6,Normal,True,Crackle,False,https://simile-xai-audio.s3.ap-southeast-2.amazonaws.com/data_v6/lung/audio/icbhi_187_1b1_Ll_sc_Meditron_10.wav,data/processed/UnifiedLungSymptomDataset/audio/icbhi_187_1b1_Ll_sc_Meditron_10.wav,,,,
lung,sprsound_66336391_3.3_0_p2_7968_2,Normal,borderline,0.7494,sprsound,1,False,91,93,Normal,True,1.0,Normal,True,0.8,Normal,True,0.8,Normal,True,0.8,Normal,True,Normal,True,https://simile-xai-audio.s3.ap-southeast-2.amazonaws.com/data_v6/lung/audio/sprsound_66336391_3.3_0_p2_7968_2.wav,data/processed/UnifiedLungSymptomDataset/audio/sprsound_66336391_3.3_0_p2_7968_2.wav,,,,
lung,icbhi_115_1b1_Ar_sc_Meditron_3,Normal,borderline,0.7882,icbhi,1,False,93,93,Normal,True,0.6,Normal,True,0.8,Normal,True,0.6,Normal,True,0.6,Normal,True,Normal,True,https://simile-xai-audio.s3.ap-southeast-2.amazonaws.com/data_v6/lung/audio/icbhi_115_1b1_Ar_sc_Meditron_3.wav,data/processed/UnifiedLungSymptomDataset/audio/icbhi_115_1b1_Ar_sc_Meditron_3.wav,,,,
lung,sprsound_41200159_7.3_0_p1_11462_2,Normal,borderline,0.7521,sprsound,1,False,27,93,Crackle,False,0.4,Normal,True,0.8,Crackle,False,0.8,Crackle,False,0.6,Normal,True,Normal,True,https://simile-xai-audio.s3.ap-southeast-2.amazonaws.com/data_v6/lung/audio/sprsound_41200159_7.3_0_p1_11462_2.wav,data/processed/UnifiedLungSymptomDataset/audio/sprsound_41200159_7.3_0_p1_11462_2.wav,,,,
lung,icbhi_115_1b1_Ar_sc_Meditron_10,Normal,borderline,0.8076,icbhi,1,False,55,93,Wheeze,False,0.0,Wheeze,False,0.4,Normal,True,0.0,Wheeze,False,0.4,Normal,True,Normal,True,https://simile-xai-audio.s3.ap-southeast-2.amazonaws.com/data_v6/lung/audio/icbhi_115_1b1_Ar_sc_Meditron_10.wav,data/processed/UnifiedLungSymptomDataset/audio/icbhi_115_1b1_Ar_sc_Meditron_10.wav,,,,
lung,sprsound_40638274_9.7_1_p3_1708_2,Normal,borderline,0.7528,sprsound,1,False,92,93,Normal,True,0.8,Normal,True,0.6,Normal,True,1.0,Normal,True,0.8,Normal,True,Normal,True,https://simile-xai-audio.s3.ap-southeast-2.amazonaws.com/data_v6/lung/audio/sprsound_40638274_9.7_1_p3_1708_2.wav,data/processed/UnifiedLungSymptomDataset/audio/sprsound_40638274_9.7_1_p3_1708_2.wav,,,,
lung,icbhi_115_1b1_Ar_sc_Meditron_5,Normal,borderline,0.8081,icbhi,1,False,93,93,Normal,True,0.4,Normal,True,0.8,Normal,True,0.2,Normal,True,0.6,Normal,True,Normal,True,https://simile-xai-audio.s3.ap-southeast-2.amazonaws.com/data_v6/lung/audio/icbhi_115_1b1_Ar_sc_Meditron_5.wav,data/processed/UnifiedLungSymptomDataset/audio/icbhi_115_1b1_Ar_sc_Meditron_5.wav,,,,
lung,sprsound_40638274_9.7_1_p3_1708_1,Normal,borderline,0.7528,sprsound,1,False,92,93,Normal,True,0.8,Normal,True,0.6,Normal,True,1.0,Normal,True,0.8,Normal,True,Normal,True,https://simile-xai-audio.s3.ap-southeast-2.amazonaws.com/data_v6/lung/audio/sprsound_40638274_9.7_1_p3_1708_1.wav,data/processed/UnifiedLungSymptomDataset/audio/sprsound_40638274_9.7_1_p3_1708_1.wav,,,,
lung,icbhi_187_1b1_Ll_sc_Meditron_15,Normal,borderline,0.8409,icbhi,1,False,90,93,Normal,True,0.4,Normal,True,0.8,Normal,True,0.6,Normal,True,0.6,Normal,True,Normal,True,https://simile-xai-audio.s3.ap-southeast-2.amazonaws.com/data_v6/lung/audio/icbhi_187_1b1_Ll_sc_Meditron_15.wav,data/processed/UnifiedLungSymptomDataset/audio/icbhi_187_1b1_Ll_sc_Meditron_15.wav,,,,
lung,sprsound_66329061_9.9_0_p3_6593_5,Normal,clear,1.3455,sprsound,1,False,92,93,Normal,True,1.0,Normal,True,0.4,Normal,True,0.8,Normal,True,0.8,Normal,True,Normal,True,https://simile-xai-audio.s3.ap-southeast-2.amazonaws.com/data_v6/lung/audio/sprsound_66329061_9.9_0_p3_6593_5.wav,data/processed/UnifiedLungSymptomDataset/audio/sprsound_66329061_9.9_0_p3_6593_5.wav,,,,
lung,icbhi_116_1b2_Pl_sc_Meditron_3,Normal,clear,1.1384,icbhi,1,False,92,93,Normal,True,0.8,Normal,True,0.8,Normal,True,0.6,Normal,True,0.6,Normal,True,Normal,True,https://simile-xai-audio.s3.ap-southeast-2.amazonaws.com/data_v6/lung/audio/icbhi_116_1b2_Pl_sc_Meditron_3.wav,data/processed/UnifiedLungSymptomDataset/audio/icbhi_116_1b2_Pl_sc_Meditron_3.wav,,,,
lung,sprsound_66329061_9.9_0_p3_6593_4,Normal,clear,1.3446,sprsound,1,False,92,93,Normal,True,1.0,Normal,True,0.2,Normal,True,0.8,Normal,True,0.8,Normal,True,Normal,True,https://simile-xai-audio.s3.ap-southeast-2.amazonaws.com/data_v6/lung/audio/sprsound_66329061_9.9_0_p3_6593_4.wav,data/processed/UnifiedLungSymptomDataset/audio/sprsound_66329061_9.9_0_p3_6593_4.wav,,,,
lung,sprsound_66329061_9.9_0_p3_6593_0,Normal,clear,1.3443,sprsound,1,False,92,93,Normal,True,1.0,Normal,True,0.6,Normal,True,1.0,Normal,True,0.8,Normal,True,Normal,True,https://simile-xai-audio.s3.ap-southeast-2.amazonaws.com/data_v6/lung/audio/sprsound_66329061_9.9_0_p3_6593_0.wav,data/processed/UnifiedLungSymptomDataset/audio/sprsound_66329061_9.9_0_p3_6593_0.wav,,,,
lung,sprsound_66434708_4.9_1_p4_12932_1,Normal,clear,1.3416,sprsound,1,False,92,93,Normal,True,0.8,Normal,True,1.0,Normal,True,0.8,Normal,True,1.0,Normal,True,Normal,True,https://simile-xai-audio.s3.ap-southeast-2.amazonaws.com/data_v6/lung/audio/sprsound_66434708_4.9_1_p4_12932_1.wav,data/processed/UnifiedLungSymptomDataset/audio/sprsound_66434708_4.9_1_p4_12932_1.wav,,,,
lung,sprsound_66403300_4.7_1_p2_11851_5,Normal,clear,1.3413,sprsound,1,False,92,93,Normal,True,0.8,Normal,True,0.4,Normal,True,0.8,Normal,True,0.8,Normal,True,Normal,True,https://simile-xai-audio.s3.ap-southeast-2.amazonaws.com/data_v6/lung/audio/sprsound_66403300_4.7_1_p2_11851_5.wav,data/processed/UnifiedLungSymptomDataset/audio/sprsound_66403300_4.7_1_p2_11851_5.wav,,,,
lung,sprsound_66328498_4.3_0_p4_6602_1,Normal,clear,1.3389,sprsound,1,False,93,93,Normal,True,0.8,Normal,True,0.6,Normal,True,0.6,Normal,True,0.8,Normal,True,Normal,True,https://simile-xai-audio.s3.ap-southeast-2.amazonaws.com/data_v6/lung/audio/sprsound_66328498_4.3_0_p4_6602_1.wav,data/processed/UnifiedLungSymptomDataset/audio/sprsound_66328498_4.3_0_p4_6602_1.wav,,,,
lung,sprsound_66419188_4.9_1_p2_12572_1,Normal,clear,1.3356,sprsound,1,False,93,93,Normal,True,0.8,Normal,True,0.4,Normal,True,0.8,Normal,True,0.8,Normal,True,Normal,True,https://simile-xai-audio.s3.ap-southeast-2.amazonaws.com/data_v6/lung/audio/sprsound_66419188_4.9_1_p2_12572_1.wav,data/processed/UnifiedLungSymptomDataset/audio/sprsound_66419188_4.9_1_p2_12572_1.wav,,,,
lung,sprsound_41279516_4.0_0_p1_5186_4,Normal,clear,1.333,sprsound,1,False,93,93,Normal,True,0.8,Normal,True,0.4,Normal,True,0.8,Normal,True,0.8,Normal,True,Normal,True,https://simile-xai-audio.s3.ap-southeast-2.amazonaws.com/data_v6/lung/audio/sprsound_41279516_4.0_0_p1_5186_4.wav,data/processed/UnifiedLungSymptomDataset/audio/sprsound_41279516_4.0_0_p1_5186_4.wav,,,,
lung,sprsound_41042359_9.0_1_p2_21901_1,Normal,clear,1.3269,sprsound,1,False,93,93,Normal,True,1.0,Normal,True,0.8,Normal,True,0.8,Normal,True,1.0,Normal,True,Normal,True,https://simile-xai-audio.s3.ap-southeast-2.amazonaws.com/data_v6/lung/audio/sprsound_41042359_9.0_1_p2_21901_1.wav,data/processed/UnifiedLungSymptomDataset/audio/sprsound_41042359_9.0_1_p2_21901_1.wav,,,,
lung,sprsound_64007452_4.6_0_p4_3034_2,Normal,clear,1.3223,sprsound,1,False,91,93,Normal,True,0.8,Normal,True,0.6,Normal,True,0.8,Normal,True,0.8,Normal,True,Normal,True,https://simile-xai-audio.s3.ap-southeast-2.amazonaws.com/data_v6/lung/audio/sprsound_64007452_4.6_0_p4_3034_2.wav,data/processed/UnifiedLungSymptomDataset/audio/sprsound_64007452_4.6_0_p4_3034_2.wav,,,,
lung,sprsound_41255551_4.5_0_p2_11683_2,Normal,clear,1.3222,sprsound,1,False,92,93,Normal,True,0.6,Normal,True,0.4,Normal,True,1.0,Normal,True,0.8,Normal,True,Normal,True,https://simile-xai-audio.s3.ap-southeast-2.amazonaws.com/data_v6/lung/audio/sprsound_41255551_4.5_0_p2_11683_2.wav,data/processed/UnifiedLungSymptomDataset/audio/sprsound_41255551_4.5_0_p2_11683_2.wav,,,,
lung,sprsound_66316273_0.9_1_p2_5705_0,Normal,clear,1.3214,sprsound,1,False,93,93,Normal,True,0.8,Normal,True,0.6,Normal,True,0.8,Normal,True,0.8,Normal,True,Normal,True,https://simile-xai-audio.s3.ap-southeast-2.amazonaws.com/data_v6/lung/audio/sprsound_66316273_0.9_1_p2_5705_0.wav,data/processed/UnifiedLungSymptomDataset/audio/sprsound_66316273_0.9_1_p2_5705_0.wav,,,,
lung,sprsound_40822278_5.7_1_p2_5688_6,Normal,clear,1.3201,sprsound,1,False,93,93,Normal,True,0.6,Normal,True,0.8,Normal,True,0.8,Normal,True,1.0,Normal,True,Normal,True,https://simile-xai-audio.s3.ap-southeast-2.amazonaws.com/data_v6/lung/audio/sprsound_40822278_5.7_1_p2_5688_6.wav,data/processed/UnifiedLungSymptomDataset/audio/sprsound_40822278_5.7_1_p2_5688_6.wav,,,,
lung,sprsound_41115029_8.3_0_p3_6110_2,Normal,clear,1.3187,sprsound,1,False,92,93,Normal,True,0.8,Normal,True,0.4,Normal,True,0.8,Normal,True,0.8,Normal,True,Normal,True,https://simile-xai-audio.s3.ap-southeast-2.amazonaws.com/data_v6/lung/audio/sprsound_41115029_8.3_0_p3_6110_2.wav,data/processed/UnifiedLungSymptomDataset/audio/sprsound_41115029_8.3_0_p3_6110_2.wav,,,,
lung,hflung_trunc_2019-08-08-11-08-00-L4_10_5,Rhonchi,ambiguous,-2.6612,hflung,3,False,1,93,Wheeze,False,0.0,Wheeze,False,0.2,Wheeze,False,0.2,Wheeze,False,0.2,Wheeze,False,Wheeze,False,https://simile-xai-audio.s3.ap-southeast-2.amazonaws.com/data_v6/lung/audio/hflung_trunc_2019-08-08-11-08-00-L4_10_5.wav,data/processed/UnifiedLungSymptomDataset/audio/hflung_trunc_2019-08-08-11-08-00-L4_10_5.wav,,,,
lung,sprsound_65045423_5.2_1_p2_2870_3,Rhonchi,ambiguous,-2.155,sprsound,1,False,1,93,Normal,False,0.2,Normal,False,0.0,Normal,False,0.0,Normal,False,0.2,Normal,False,Normal,False,https://simile-xai-audio.s3.ap-southeast-2.amazonaws.com/data_v6/lung/audio/sprsound_65045423_5.2_1_p2_2870_3.wav,data/processed/UnifiedLungSymptomDataset/audio/sprsound_65045423_5.2_1_p2_2870_3.wav,,,,
lung,hflung_steth_20190807_10_44_45_5,Rhonchi,ambiguous,-2.622,hflung,3,False,1,93,Crackle,False,0.2,Crackle,False,0.0,Crackle,False,0.2,Crackle,False,0.0,Crackle,False,Wheeze,False,https://simile-xai-audio.s3.ap-southeast-2.amazonaws.com/data_v6/lung/audio/hflung_steth_20190807_10_44_45_5.wav,data/processed/UnifiedLungSymptomDataset/audio/hflung_steth_20190807_10_44_45_5.wav,,,,
lung,sprsound_66252562_11.7_1_p1_4561_2,Rhonchi,ambiguous,-2.0393,sprsound,1,False,0,93,Crackle,False,0.0,Crackle,False,0.2,Crackle,False,0.0,Crackle,False,0.2,Normal,False,Normal,False,https://simile-xai-audio.s3.ap-southeast-2.amazonaws.com/data_v6/lung/audio/sprsound_66252562_11.7_1_p1_4561_2.wav,data/processed/UnifiedLungSymptomDataset/audio/sprsound_66252562_11.7_1_p1_4561_2.wav,,,,
lung,hflung_trunc_2019-08-08-11-08-00-L4_10_9,Rhonchi,ambiguous,-2.608,hflung,3,False,0,93,Wheeze,False,0.0,Wheeze,False,0.0,Wheeze,False,0.0,Wheeze,False,0.0,Wheeze,False,Wheeze,False,https://simile-xai-audio.s3.ap-southeast-2.amazonaws.com/data_v6/lung/audio/hflung_trunc_2019-08-08-11-08-00-L4_10_9.wav,data/processed/UnifiedLungSymptomDataset/audio/hflung_trunc_2019-08-08-11-08-00-L4_10_9.wav,,,,
lung,sprsound_65043263_2.0_0_p3_319_4,Rhonchi,ambiguous,-1.891,sprsound,1,False,39,93,Wheeze,False,0.2,Rhonchi,True,0.6,Crackle,False,0.4,Wheeze,False,0.2,Crackle,False,Wheeze,False,https://simile-xai-audio.s3.ap-southeast-2.amazonaws.com/data_v6/lung/audio/sprsound_65043263_2.0_0_p3_319_4.wav,data/processed/UnifiedLungSymptomDataset/audio/sprsound_65043263_2.0_0_p3_319_4.wav,,,,
lung,hflung_trunc_2019-08-08-11-08-00-L4_10_1,Rhonchi,ambiguous,-2.592,hflung,3,False,1,93,Wheeze,False,0.2,Wheeze,False,0.0,Wheeze,False,0.2,Wheeze,False,0.2,Wheeze,False,Wheeze,False,https://simile-xai-audio.s3.ap-southeast-2.amazonaws.com/data_v6/lung/audio/hflung_trunc_2019-08-08-11-08-00-L4_10_1.wav,data/processed/UnifiedLungSymptomDataset/audio/hflung_trunc_2019-08-08-11-08-00-L4_10_1.wav,,,,
lung,sprsound_66252562_11.7_1_p1_4561_0,Rhonchi,ambiguous,-1.8881,sprsound,1,False,6,93,Wheeze,False,0.4,Wheeze,False,0.4,Wheeze,False,0.6,Wheeze,False,0.4,Normal,False,Rhonchi,True,https://simile-xai-audio.s3.ap-southeast-2.amazonaws.com/data_v6/lung/audio/sprsound_66252562_11.7_1_p1_4561_0.wav,data/processed/UnifiedLungSymptomDataset/audio/sprsound_66252562_11.7_1_p1_4561_0.wav,,,,
lung,hflung_trunc_2019-08-08-11-08-00-L4_10_7,Rhonchi,ambiguous,-2.5868,hflung,3,False,1,93,Wheeze,False,0.0,Wheeze,False,0.0,Wheeze,False,0.0,Wheeze,False,0.2,Wheeze,False,Wheeze,False,https://simile-xai-audio.s3.ap-southeast-2.amazonaws.com/data_v6/lung/audio/hflung_trunc_2019-08-08-11-08-00-L4_10_7.wav,data/processed/UnifiedLungSymptomDataset/audio/hflung_trunc_2019-08-08-11-08-00-L4_10_7.wav,,,,
lung,sprsound_65043263_2.0_0_p3_319_3,Rhonchi,ambiguous,-1.8434,sprsound,1,False,0,93,Crackle,False,0.0,Wheeze,False,0.0,Wheeze,False,0.0,Wheeze,False,0.0,Crackle,False,Crackle,False,https://simile-xai-audio.s3.ap-southeast-2.amazonaws.com/data_v6/lung/audio/sprsound_65043263_2.0_0_p3_319_3.wav,data/processed/UnifiedLungSymptomDataset/audio/sprsound_65043263_2.0_0_p3_319_3.wav,,,,
lung,hflung_trunc_2019-08-08-11-08-00-L4_10_3,Rhonchi,ambiguous,-2.5162,hflung,3,False,0,93,Crackle,False,0.4,Wheeze,False,0.2,Crackle,False,0.2,Wheeze,False,0.4,Wheeze,False,Wheeze,False,https://simile-xai-audio.s3.ap-southeast-2.amazonaws.com/data_v6/lung/audio/hflung_trunc_2019-08-08-11-08-00-L4_10_3.wav,data/processed/UnifiedLungSymptomDataset/audio/hflung_trunc_2019-08-08-11-08-00-L4_10_3.wav,,,,
lung,sprsound_65045423_5.2_1_p2_2870_2,Rhonchi,ambiguous,-1.6379,sprsound,1,False,8,93,Wheeze,False,0.4,Wheeze,False,0.4,Wheeze,False,0.8,Wheeze,False,0.4,Rhonchi,True,Rhonchi,True,https://simile-xai-audio.s3.ap-southeast-2.amazonaws.com/data_v6/lung/audio/sprsound_65045423_5.2_1_p2_2870_2.wav,data/processed/UnifiedLungSymptomDataset/audio/sprsound_65045423_5.2_1_p2_2870_2.wav,,,,
lung,hflung_steth_20190807_10_44_45_2,Rhonchi,ambiguous,-2.4783,hflung,3,False,37,93,Crackle,False,0.8,Crackle,False,0.4,Rhonchi,True,0.6,Crackle,False,0.6,Crackle,False,Crackle,False,https://simile-xai-audio.s3.ap-southeast-2.amazonaws.com/data_v6/lung/audio/hflung_steth_20190807_10_44_45_2.wav,data/processed/UnifiedLungSymptomDataset/audio/hflung_steth_20190807_10_44_45_2.wav,,,,
lung,sprsound_41132911_3.0_0_p2_6066_4,Rhonchi,ambiguous,-1.3562,sprsound,1,False,91,93,Rhonchi,True,1.0,Rhonchi,True,0.4,Rhonchi,True,0.4,Rhonchi,True,0.8,Rhonchi,True,Rhonchi,True,https://simile-xai-audio.s3.ap-southeast-2.amazonaws.com/data_v6/lung/audio/sprsound_41132911_3.0_0_p2_6066_4.wav,data/processed/UnifiedLungSymptomDataset/audio/sprsound_41132911_3.0_0_p2_6066_4.wav,,,,
lung,hflung_steth_20190817_15_55_46_7,Rhonchi,ambiguous,-2.4567,hflung,3,False,85,93,Rhonchi,True,0.6,Rhonchi,True,0.6,Rhonchi,True,0.8,Rhonchi,True,0.8,Rhonchi,True,Rhonchi,True,https://simile-xai-audio.s3.ap-southeast-2.amazonaws.com/data_v6/lung/audio/hflung_steth_20190817_15_55_46_7.wav,data/processed/UnifiedLungSymptomDataset/audio/hflung_steth_20190817_15_55_46_7.wav,,,,
lung,hflung_steth_20190423_16_03_48_5,Rhonchi,borderline,-1.2474,hflung,3,False,27,93,Rhonchi,True,0.4,Rhonchi,True,0.4,Crackle,False,0.6,Crackle,False,0.6,Crackle,False,Rhonchi,True,https://simile-xai-audio.s3.ap-southeast-2.amazonaws.com/data_v6/lung/audio/hflung_steth_20190423_16_03_48_5.wav,data/processed/UnifiedLungSymptomDataset/audio/hflung_steth_20190423_16_03_48_5.wav,,,,
lung,sprsound_41213916_3.1_1_p2_5627_0,Rhonchi,borderline,-1.0529,sprsound,1,False,87,93,Rhonchi,True,0.6,Rhonchi,True,0.8,Rhonchi,True,0.8,Rhonchi,True,1.0,Normal,False,Rhonchi,True,https://simile-xai-audio.s3.ap-southeast-2.amazonaws.com/data_v6/lung/audio/sprsound_41213916_3.1_1_p2_5627_0.wav,data/processed/UnifiedLungSymptomDataset/audio/sprsound_41213916_3.1_1_p2_5627_0.wav,,,,
lung,hflung_steth_20180921_15_14_00_3,Rhonchi,borderline,-1.2468,hflung,3,False,44,93,Rhonchi,True,0.8,Crackle,False,0.4,Rhonchi,True,0.8,Rhonchi,True,0.8,Crackle,False,Crackle,False,https://simile-xai-audio.s3.ap-southeast-2.amazonaws.com/data_v6/lung/audio/hflung_steth_20180921_15_14_00_3.wav,data/processed/UnifiedLungSymptomDataset/audio/hflung_steth_20180921_15_14_00_3.wav,,,,
lung,sprsound_41132911_3.0_0_p2_6066_3,Rhonchi,borderline,-1.0467,sprsound,1,False,90,93,Rhonchi,True,1.0,Rhonchi,True,0.6,Rhonchi,True,0.6,Rhonchi,True,0.8,Rhonchi,True,Rhonchi,True,https://simile-xai-audio.s3.ap-southeast-2.amazonaws.com/data_v6/lung/audio/sprsound_41132911_3.0_0_p2_6066_3.wav,data/processed/UnifiedLungSymptomDataset/audio/sprsound_41132911_3.0_0_p2_6066_3.wav,,,,
lung,hflung_steth_20181017_12_43_58_18,Rhonchi,borderline,-1.2446,hflung,3,False,1,93,Wheeze,False,0.2,Wheeze,False,0.0,Wheeze,False,0.4,Wheeze,False,0.0,Wheeze,False,Wheeze,False,https://simile-xai-audio.s3.ap-southeast-2.amazonaws.com/data_v6/lung/audio/hflung_steth_20181017_12_43_58_18.wav,data/processed/UnifiedLungSymptomDataset/audio/hflung_steth_20181017_12_43_58_18.wav,,,,
lung,sprsound_41213916_3.1_1_p2_5627_1,Rhonchi,borderline,-1.0268,sprsound,1,False,71,93,Rhonchi,True,0.4,Rhonchi,True,0.4,Rhonchi,True,0.8,Rhonchi,True,0.8,Crackle,False,Rhonchi,True,https://simile-xai-audio.s3.ap-southeast-2.amazonaws.com/data_v6/lung/audio/sprsound_41213916_3.1_1_p2_5627_1.wav,data/processed/UnifiedLungSymptomDataset/audio/sprsound_41213916_3.1_1_p2_5627_1.wav,,,,
lung,hflung_steth_20190308_12_09_58_1,Rhonchi,borderline,-1.241,hflung,3,False,3,93,Wheeze,False,0.0,Wheeze,False,0.0,Wheeze,False,0.4,Wheeze,False,0.4,Crackle,False,Wheeze,False,https://simile-xai-audio.s3.ap-southeast-2.amazonaws.com/data_v6/lung/audio/hflung_steth_20190308_12_09_58_1.wav,data/processed/UnifiedLungSymptomDataset/audio/hflung_steth_20190308_12_09_58_1.wav,,,,
lung,sprsound_41132911_3.0_0_p2_6066_2,Rhonchi,borderline,-0.8855,sprsound,1,False,91,93,Rhonchi,True,1.0,Rhonchi,True,0.8,Rhonchi,True,0.6,Rhonchi,True,0.8,Rhonchi,True,Rhonchi,True,https://simile-xai-audio.s3.ap-southeast-2.amazonaws.com/data_v6/lung/audio/sprsound_41132911_3.0_0_p2_6066_2.wav,data/processed/UnifiedLungSymptomDataset/audio/sprsound_41132911_3.0_0_p2_6066_2.wav,,,,
lung,hflung_steth_20181017_12_43_58_13,Rhonchi,borderline,-1.224,hflung,3,False,1,93,Wheeze,False,0.0,Wheeze,False,0.2,Wheeze,False,0.2,Wheeze,False,0.2,Rhonchi,True,Wheeze,False,https://simile-xai-audio.s3.ap-southeast-2.amazonaws.com/data_v6/lung/audio/hflung_steth_20181017_12_43_58_13.wav,data/processed/UnifiedLungSymptomDataset/audio/hflung_steth_20181017_12_43_58_13.wav,,,,
lung,sprsound_41213916_3.1_1_p2_5627_2,Rhonchi,borderline,-0.8816,sprsound,1,False,20,93,Rhonchi,True,0.0,Rhonchi,True,0.4,Wheeze,False,0.6,Wheeze,False,0.4,Crackle,False,Rhonchi,True,https://simile-xai-audio.s3.ap-southeast-2.amazonaws.com/data_v6/lung/audio/sprsound_41213916_3.1_1_p2_5627_2.wav,data/processed/UnifiedLungSymptomDataset/audio/sprsound_41213916_3.1_1_p2_5627_2.wav,,,,
lung,hflung_steth_20190118_09_56_38_10,Rhonchi,borderline,-1.2227,hflung,3,False,91,93,Wheeze,False,0.6,Rhonchi,True,0.6,Rhonchi,True,0.8,Rhonchi,True,0.8,Wheeze,False,Rhonchi,True,https://simile-xai-audio.s3.ap-southeast-2.amazonaws.com/data_v6/lung/audio/hflung_steth_20190118_09_56_38_10.wav,data/processed/UnifiedLungSymptomDataset/audio/hflung_steth_20190118_09_56_38_10.wav,,,,
lung,sprsound_41132911_3.0_0_p2_6066_1,Rhonchi,borderline,-0.6677,sprsound,1,False,92,93,Rhonchi,True,1.0,Rhonchi,True,0.6,Rhonchi,True,0.6,Rhonchi,True,0.8,Rhonchi,True,Rhonchi,True,https://simile-xai-audio.s3.ap-southeast-2.amazonaws.com/data_v6/lung/audio/sprsound_41132911_3.0_0_p2_6066_1.wav,data/processed/UnifiedLungSymptomDataset/audio/sprsound_41132911_3.0_0_p2_6066_1.wav,,,,
lung,hflung_steth_20190113_14_45_21_3,Rhonchi,borderline,-1.2176,hflung,3,False,3,93,Wheeze,False,0.2,Wheeze,False,0.2,Wheeze,False,0.2,Wheeze,False,0.0,Rhonchi,True,Wheeze,False,https://simile-xai-audio.s3.ap-southeast-2.amazonaws.com/data_v6/lung/audio/hflung_steth_20190113_14_45_21_3.wav,data/processed/UnifiedLungSymptomDataset/audio/hflung_steth_20190113_14_45_21_3.wav,,,,
lung,sprsound_64739121_2.0_0_p3_7742_0,Rhonchi,borderline,-0.6339,sprsound,1,False,89,93,Rhonchi,True,0.6,Rhonchi,True,0.6,Wheeze,False,0.4,Rhonchi,True,0.6,Rhonchi,True,Rhonchi,True,https://simile-xai-audio.s3.ap-southeast-2.amazonaws.com/data_v6/lung/audio/sprsound_64739121_2.0_0_p3_7742_0.wav,data/processed/UnifiedLungSymptomDataset/audio/sprsound_64739121_2.0_0_p3_7742_0.wav,,,,
lung,hflung_trunc_2019-07-16-11-46-52-L2_7_3,Rhonchi,borderline,-1.2109,hflung,3,False,92,93,Rhonchi,True,0.8,Rhonchi,True,0.6,Rhonchi,True,0.8,Rhonchi,True,0.8,Rhonchi,True,Rhonchi,True,https://simile-xai-audio.s3.ap-southeast-2.amazonaws.com/data_v6/lung/audio/hflung_trunc_2019-07-16-11-46-52-L2_7_3.wav,data/processed/UnifiedLungSymptomDataset/audio/hflung_trunc_2019-07-16-11-46-52-L2_7_3.wav,,,,
lung,hflung_trunc_2019-07-16-10-41-27-L4_10_5,Rhonchi,clear,0.8498,hflung,3,False,92,93,Rhonchi,True,0.8,Rhonchi,True,0.8,Rhonchi,True,1.0,Rhonchi,True,1.0,Rhonchi,True,Rhonchi,True,https://simile-xai-audio.s3.ap-southeast-2.amazonaws.com/data_v6/lung/audio/hflung_trunc_2019-07-16-10-41-27-L4_10_5.wav,data/processed/UnifiedLungSymptomDataset/audio/hflung_trunc_2019-07-16-10-41-27-L4_10_5.wav,,,,
lung,sprsound_64739121_2.0_0_p3_7742_4,Rhonchi,clear,0.5943,sprsound,1,False,90,93,Rhonchi,True,0.6,Rhonchi,True,0.6,Rhonchi,True,0.2,Rhonchi,True,0.6,Rhonchi,True,Rhonchi,True,https://simile-xai-audio.s3.ap-southeast-2.amazonaws.com/data_v6/lung/audio/sprsound_64739121_2.0_0_p3_7742_4.wav,data/processed/UnifiedLungSymptomDataset/audio/sprsound_64739121_2.0_0_p3_7742_4.wav,,,,
lung,hflung_trunc_2019-07-16-11-46-52-L5_11_18,Rhonchi,clear,0.8482,hflung,3,False,93,93,Rhonchi,True,0.8,Rhonchi,True,1.0,Rhonchi,True,1.0,Rhonchi,True,1.0,Rhonchi,True,Rhonchi,True,https://simile-xai-audio.s3.ap-southeast-2.amazonaws.com/data_v6/lung/audio/hflung_trunc_2019-07-16-11-46-52-L5_11_18.wav,data/processed/UnifiedLungSymptomDataset/audio/hflung_trunc_2019-07-16-11-46-52-L5_11_18.wav,,,,
lung,sprsound_64739121_2.0_0_p3_7742_3,Rhonchi,clear,0.3706,sprsound,1,False,88,93,Rhonchi,True,0.8,Rhonchi,True,0.6,Rhonchi,True,0.2,Rhonchi,True,0.6,Rhonchi,True,Rhonchi,True,https://simile-xai-audio.s3.ap-southeast-2.amazonaws.com/data_v6/lung/audio/sprsound_64739121_2.0_0_p3_7742_3.wav,data/processed/UnifiedLungSymptomDataset/audio/sprsound_64739121_2.0_0_p3_7742_3.wav,,,,
lung,hflung_trunc_2019-07-16-10-41-27-L4_10_13,Rhonchi,clear,0.8436,hflung,3,False,92,93,Rhonchi,True,0.8,Rhonchi,True,1.0,Rhonchi,True,0.8,Rhonchi,True,1.0,Rhonchi,True,Rhonchi,True,https://simile-xai-audio.s3.ap-southeast-2.amazonaws.com/data_v6/lung/audio/hflung_trunc_2019-07-16-10-41-27-L4_10_13.wav,data/processed/UnifiedLungSymptomDataset/audio/hflung_trunc_2019-07-16-10-41-27-L4_10_13.wav,,,,
lung,sprsound_64739121_2.0_0_p3_7742_1,Rhonchi,clear,0.3674,sprsound,1,False,89,93,Rhonchi,True,0.6,Rhonchi,True,0.6,Rhonchi,True,0.2,Rhonchi,True,0.6,Rhonchi,True,Rhonchi,True,https://simile-xai-audio.s3.ap-southeast-2.amazonaws.com/data_v6/lung/audio/sprsound_64739121_2.0_0_p3_7742_1.wav,data/processed/UnifiedLungSymptomDataset/audio/sprsound_64739121_2.0_0_p3_7742_1.wav,,,,
lung,hflung_trunc_2019-07-16-10-41-27-L6_9_9,Rhonchi,clear,0.8416,hflung,3,False,93,93,Rhonchi,True,0.8,Rhonchi,True,0.8,Rhonchi,True,1.0,Rhonchi,True,1.0,Rhonchi,True,Rhonchi,True,https://simile-xai-audio.s3.ap-southeast-2.amazonaws.com/data_v6/lung/audio/hflung_trunc_2019-07-16-10-41-27-L6_9_9.wav,data/processed/UnifiedLungSymptomDataset/audio/hflung_trunc_2019-07-16-10-41-27-L6_9_9.wav,,,,
lung,sprsound_64739121_2.0_0_p3_7742_5,Rhonchi,clear,0.3426,sprsound,1,False,89,93,Rhonchi,True,1.0,Rhonchi,True,0.6,Rhonchi,True,0.4,Rhonchi,True,0.8,Rhonchi,True,Rhonchi,True,https://simile-xai-audio.s3.ap-southeast-2.amazonaws.com/data_v6/lung/audio/sprsound_64739121_2.0_0_p3_7742_5.wav,data/processed/UnifiedLungSymptomDataset/audio/sprsound_64739121_2.0_0_p3_7742_5.wav,,,,
lung,hflung_trunc_2019-07-16-10-41-27-L4_10_1,Rhonchi,clear,0.8274,hflung,3,False,91,93,Rhonchi,True,0.8,Rhonchi,True,0.8,Rhonchi,True,1.0,Rhonchi,True,1.0,Rhonchi,True,Rhonchi,True,https://simile-xai-audio.s3.ap-southeast-2.amazonaws.com/data_v6/lung/audio/hflung_trunc_2019-07-16-10-41-27-L4_10_1.wav,data/processed/UnifiedLungSymptomDataset/audio/hflung_trunc_2019-07-16-10-41-27-L4_10_1.wav,,,,
lung,sprsound_64739121_2.0_0_p3_7742_2,Rhonchi,clear,0.2656,sprsound,1,False,88,93,Rhonchi,True,0.4,Rhonchi,True,0.6,Wheeze,False,0.2,Rhonchi,True,0.4,Rhonchi,True,Rhonchi,True,https://simile-xai-audio.s3.ap-southeast-2.amazonaws.com/data_v6/lung/audio/sprsound_64739121_2.0_0_p3_7742_2.wav,data/processed/UnifiedLungSymptomDataset/audio/sprsound_64739121_2.0_0_p3_7742_2.wav,,,,
lung,hflung_trunc_2019-07-16-10-41-27-L6_9_3,Rhonchi,clear,0.82,hflung,3,False,93,93,Rhonchi,True,0.8,Rhonchi,True,0.8,Rhonchi,True,1.0,Rhonchi,True,1.0,Rhonchi,True,Rhonchi,True,https://simile-xai-audio.s3.ap-southeast-2.amazonaws.com/data_v6/lung/audio/hflung_trunc_2019-07-16-10-41-27-L6_9_3.wav,data/processed/UnifiedLungSymptomDataset/audio/hflung_trunc_2019-07-16-10-41-27-L6_9_3.wav,,,,
lung,sprsound_41213916_3.1_1_p2_5627_6,Rhonchi,clear,0.2037,sprsound,1,False,91,93,Rhonchi,True,0.4,Rhonchi,True,0.6,Rhonchi,True,0.8,Rhonchi,True,0.8,Rhonchi,True,Rhonchi,True,https://simile-xai-audio.s3.ap-southeast-2.amazonaws.com/data_v6/lung/audio/sprsound_41213916_3.1_1_p2_5627_6.wav,data/processed/UnifiedLungSymptomDataset/audio/sprsound_41213916_3.1_1_p2_5627_6.wav,,,,
lung,hflung_trunc_2019-07-16-10-41-27-L5_11_17,Rhonchi,clear,0.7675,hflung,3,False,93,93,Rhonchi,True,1.0,Rhonchi,True,1.0,Rhonchi,True,1.0,Rhonchi,True,1.0,Rhonchi,True,Rhonchi,True,https://simile-xai-audio.s3.ap-southeast-2.amazonaws.com/data_v6/lung/audio/hflung_trunc_2019-07-16-10-41-27-L5_11_17.wav,data/processed/UnifiedLungSymptomDataset/audio/hflung_trunc_2019-07-16-10-41-27-L5_11_17.wav,,,,
lung,sprsound_41213916_3.1_1_p2_5627_5,Rhonchi,clear,-0.3872,sprsound,1,False,92,93,Rhonchi,True,0.6,Rhonchi,True,0.6,Rhonchi,True,0.8,Rhonchi,True,0.8,Rhonchi,True,Rhonchi,True,https://simile-xai-audio.s3.ap-southeast-2.amazonaws.com/data_v6/lung/audio/sprsound_41213916_3.1_1_p2_5627_5.wav,data/processed/UnifiedLungSymptomDataset/audio/sprsound_41213916_3.1_1_p2_5627_5.wav,,,,
lung,hflung_trunc_2019-07-16-10-41-27-L5_11_11,Rhonchi,clear,0.7625,hflung,3,False,92,93,Rhonchi,True,0.8,Rhonchi,True,0.8,Rhonchi,True,0.8,Rhonchi,True,1.0,Rhonchi,True,Rhonchi,True,https://simile-xai-audio.s3.ap-southeast-2.amazonaws.com/data_v6/lung/audio/hflung_trunc_2019-07-16-10-41-27-L5_11_11.wav,data/processed/UnifiedLungSymptomDataset/audio/hflung_trunc_2019-07-16-10-41-27-L5_11_11.wav,,,,
lung,hflung_trunc_2019-06-23-11-02-58-L8_3_5,Stridor,ambiguous,-2.5014,hflung,3,False,14,93,Wheeze,False,0.6,Wheeze,False,0.4,Wheeze,False,0.8,Wheeze,False,0.8,Crackle,False,Wheeze,False,https://simile-xai-audio.s3.ap-southeast-2.amazonaws.com/data_v6/lung/audio/hflung_trunc_2019-06-23-11-02-58-L8_3_5.wav,data/processed/UnifiedLungSymptomDataset/audio/hflung_trunc_2019-06-23-11-02-58-L8_3_5.wav,,,,
lung,hflung_trunc_2019-06-23-11-02-58-L8_3_0,Stridor,ambiguous,-2.5012,hflung,3,False,2,93,Wheeze,False,0.4,Wheeze,False,0.2,Wheeze,False,0.4,Wheeze,False,0.2,Wheeze,False,Crackle,False,https://simile-xai-audio.s3.ap-southeast-2.amazonaws.com/data_v6/lung/audio/hflung_trunc_2019-06-23-11-02-58-L8_3_0.wav,data/processed/UnifiedLungSymptomDataset/audio/hflung_trunc_2019-06-23-11-02-58-L8_3_0.wav,,,,
lung,hflung_trunc_2019-06-23-11-02-58-L8_3_2,Stridor,ambiguous,-2.4883,hflung,3,False,3,93,Wheeze,False,0.2,Wheeze,False,0.2,Wheeze,False,0.4,Wheeze,False,0.6,Wheeze,False,Wheeze,False,https://simile-xai-audio.s3.ap-southeast-2.amazonaws.com/data_v6/lung/audio/hflung_trunc_2019-06-23-11-02-58-L8_3_2.wav,data/processed/UnifiedLungSymptomDataset/audio/hflung_trunc_2019-06-23-11-02-58-L8_3_2.wav,,,,
lung,hflung_trunc_2019-07-17-11-06-06-L2_2_5,Stridor,ambiguous,-2.2757,hflung,3,False,0,93,Crackle,False,0.0,Crackle,False,0.6,Crackle,False,0.6,Crackle,False,0.6,Crackle,False,Crackle,False,https://simile-xai-audio.s3.ap-southeast-2.amazonaws.com/data_v6/lung/audio/hflung_trunc_2019-07-17-11-06-06-L2_2_5.wav,data/processed/UnifiedLungSymptomDataset/audio/hflung_trunc_2019-07-17-11-06-06-L2_2_5.wav,,,,
lung,hflung_trunc_2019-07-17-11-06-06-L2_2_1,Stridor,ambiguous,-2.2757,hflung,3,False,0,93,Crackle,False,0.0,Crackle,False,0.6,Crackle,False,0.6,Crackle,False,0.6,Crackle,False,Crackle,False,https://simile-xai-audio.s3.ap-southeast-2.amazonaws.com/data_v6/lung/audio/hflung_trunc_2019-07-17-11-06-06-L2_2_1.wav,data/processed/UnifiedLungSymptomDataset/audio/hflung_trunc_2019-07-17-11-06-06-L2_2_1.wav,,,,
lung,hflung_steth_20181022_09_55_05_4,Stridor,ambiguous,-2.1803,hflung,3,False,0,93,Wheeze,False,0.0,Wheeze,False,0.0,Wheeze,False,0.2,Wheeze,False,0.2,Wheeze,False,Wheeze,False,https://simile-xai-audio.s3.ap-southeast-2.amazonaws.com/data_v6/lung/audio/hflung_steth_20181022_09_55_05_4.wav,data/processed/UnifiedLungSymptomDataset/audio/hflung_steth_20181022_09_55_05_4.wav,,,,
lung,hflung_steth_20190102_10_27_06_4,Stridor,ambiguous,-2.1662,hflung,3,False,0,93,Wheeze,False,0.6,Wheeze,False,0.6,Wheeze,False,0.8,Wheeze,False,0.8,Wheeze,False,Wheeze,False,https://simile-xai-audio.s3.ap-southeast-2.amazonaws.com/data_v6/lung/audio/hflung_steth_20190102_10_27_06_4.wav,data/processed/UnifiedLungSymptomDataset/audio/hflung_steth_20190102_10_27_06_4.wav,,,,
lung,hflung_steth_20180901_10_19_28_3,Stridor,ambiguous,-2.138,hflung,3,False,0,93,Wheeze,False,0.4,Wheeze,False,0.2,Wheeze,False,0.6,Wheeze,False,0.6,Wheeze,False,Wheeze,False,https://simile-xai-audio.s3.ap-southeast-2.amazonaws.com/data_v6/lung/audio/hflung_steth_20180901_10_19_28_3.wav,data/processed/UnifiedLungSymptomDataset/audio/hflung_steth_20180901_10_19_28_3.wav,,,,
lung,hflung_steth_20190102_10_27_06_2,Stridor,ambiguous,-2.1303,hflung,3,False,20,93,Wheeze,False,0.6,Wheeze,False,0.6,Wheeze,False,0.8,Wheeze,False,0.8,Wheeze,False,Wheeze,False,https://simile-xai-audio.s3.ap-southeast-2.amazonaws.com/data_v6/lung/audio/hflung_steth_20190102_10_27_06_2.wav,data/processed/UnifiedLungSymptomDataset/audio/hflung_steth_20190102_10_27_06_2.wav,,,,
lung,hflung_steth_20180901_10_19_28_5,Stridor,ambiguous,-2.1178,hflung,3,False,1,93,Rhonchi,False,0.4,Wheeze,False,0.0,Wheeze,False,0.2,Wheeze,False,0.2,Wheeze,False,Crackle,False,https://simile-xai-audio.s3.ap-southeast-2.amazonaws.com/data_v6/lung/audio/hflung_steth_20180901_10_19_28_5.wav,data/processed/UnifiedLungSymptomDataset/audio/hflung_steth_20180901_10_19_28_5.wav,,,,
lung,hflung_steth_20191027_10_38_34_1,Stridor,ambiguous,-2.0656,hflung,3,False,0,93,Crackle,False,0.0,Rhonchi,False,0.0,Rhonchi,False,0.0,Crackle,False,0.0,Crackle,False,Rhonchi,False,https://simile-xai-audio.s3.ap-southeast-2.amazonaws.com/data_v6/lung/audio/hflung_steth_20191027_10_38_34_1.wav,data/processed/UnifiedLungSymptomDataset/audio/hflung_steth_20191027_10_38_34_1.wav,,,,
lung,hflung_trunc_2019-07-17-11-06-06-L2_2_7,Stridor,ambiguous,-2.062,hflung,3,False,0,93,Crackle,False,0.2,Crackle,False,0.2,Crackle,False,0.4,Crackle,False,0.4,Crackle,False,Crackle,False,https://simile-xai-audio.s3.ap-southeast-2.amazonaws.com/data_v6/lung/audio/hflung_trunc_2019-07-17-11-06-06-L2_2_7.wav,data/processed/UnifiedLungSymptomDataset/audio/hflung_trunc_2019-07-17-11-06-06-L2_2_7.wav,,,,
lung,hflung_steth_20181022_09_55_05_9,Stridor,ambiguous,-2.0525,hflung,3,False,0,93,Wheeze,False,0.0,Wheeze,False,0.2,Wheeze,False,0.2,Wheeze,False,0.2,Wheeze,False,Wheeze,False,https://simile-xai-audio.s3.ap-southeast-2.amazonaws.com/data_v6/lung/audio/hflung_steth_20181022_09_55_05_9.wav,data/processed/UnifiedLungSymptomDataset/audio/hflung_steth_20181022_09_55_05_9.wav,,,,
lung,hflung_steth_20190308_12_13_38_3,Stridor,ambiguous,-2.0291,hflung,3,False,4,93,Wheeze,False,0.4,Stridor,True,0.6,Wheeze,False,0.6,Wheeze,False,0.8,Crackle,False,Wheeze,False,https://simile-xai-audio.s3.ap-southeast-2.amazonaws.com/data_v6/lung/audio/hflung_steth_20190308_12_13_38_3.wav,data/processed/UnifiedLungSymptomDataset/audio/hflung_steth_20190308_12_13_38_3.wav,,,,
lung,hflung_trunc_2019-06-23-10-02-49-L1_10_0,Stridor,ambiguous,-2.0241,hflung,3,False,2,93,Wheeze,False,0.2,Crackle,False,0.2,Crackle,False,0.6,Crackle,False,0.2,Crackle,False,Wheeze,False,https://simile-xai-audio.s3.ap-southeast-2.amazonaws.com/data_v6/lung/audio/hflung_trunc_2019-06-23-10-02-49-L1_10_0.wav,data/processed/UnifiedLungSymptomDataset/audio/hflung_trunc_2019-06-23-10-02-49-L1_10_0.wav,,,,
lung,hflung_steth_20180816_11_06_45_6,Stridor,borderline,-1.7823,hflung,3,False,1,93,Wheeze,False,0.4,Wheeze,False,0.4,Wheeze,False,0.8,Wheeze,False,0.8,Rhonchi,False,Crackle,False,https://simile-xai-audio.s3.ap-southeast-2.amazonaws.com/data_v6/lung/audio/hflung_steth_20180816_11_06_45_6.wav,data/processed/UnifiedLungSymptomDataset/audio/hflung_steth_20180816_11_06_45_6.wav,,,,
lung,sprsound_66293753_1.3_0_p1_4837_0,Stridor,borderline,-1.7036,sprsound,1,False,3,93,Wheeze,False,0.4,Wheeze,False,0.2,Wheeze,False,0.4,Wheeze,False,0.4,Wheeze,False,Wheeze,False,https://simile-xai-audio.s3.ap-southeast-2.amazonaws.com/data_v6/lung/audio/sprsound_66293753_1.3_0_p1_4837_0.wav,data/processed/UnifiedLungSymptomDataset/audio/sprsound_66293753_1.3_0_p1_4837_0.wav,,,,
lung,hflung_steth_20181022_09_55_05_13,Stridor,borderline,-1.7697,hflung,3,False,0,93,Wheeze,False,0.2,Wheeze,False,0.6,Wheeze,False,0.6,Wheeze,False,0.4,Wheeze,False,Wheeze,False,https://simile-xai-audio.s3.ap-southeast-2.amazonaws.com/data_v6/lung/audio/hflung_steth_20181022_09_55_05_13.wav,data/processed/UnifiedLungSymptomDataset/audio/hflung_steth_20181022_09_55_05_13.wav,,,,
lung,sprsound_66293753_1.3_0_p4_4843_1,Stridor,borderline,-1.6023,sprsound,1,False,24,93,Rhonchi,False,0.0,Rhonchi,False,0.2,Rhonchi,False,0.6,Rhonchi,False,0.8,Wheeze,False,Rhonchi,False,https://simile-xai-audio.s3.ap-southeast-2.amazonaws.com/data_v6/lung/audio/sprsound_66293753_1.3_0_p4_4843_1.wav,data/processed/UnifiedLungSymptomDataset/audio/sprsound_66293753_1.3_0_p4_4843_1.wav,,,,
lung,hflung_steth_20181022_09_55_05_0,Stridor,borderline,-1.735,hflung,3,False,0,93,Wheeze,False,0.0,Wheeze,False,0.2,Wheeze,False,0.2,Wheeze,False,0.2,Wheeze,False,Wheeze,False,https://simile-xai-audio.s3.ap-southeast-2.amazonaws.com/data_v6/lung/audio/hflung_steth_20181022_09_55_05_0.wav,data/processed/UnifiedLungSymptomDataset/audio/hflung_steth_20181022_09_55_05_0.wav,,,,
lung,sprsound_66293753_1.3_0_p4_4843_0,Stridor,borderline,-1.5609,sprsound,1,False,10,93,Rhonchi,False,0.4,Rhonchi,False,0.4,Stridor,True,0.6,Normal,False,0.8,Rhonchi,False,Rhonchi,False,https://simile-xai-audio.s3.ap-southeast-2.amazonaws.com/data_v6/lung/audio/sprsound_66293753_1.3_0_p4_4843_0.wav,data/processed/UnifiedLungSymptomDataset/audio/sprsound_66293753_1.3_0_p4_4843_0.wav,,,,
lung,hflung_trunc_2019-05-28-14-07-13-L6_1_5,Stridor,borderline,-1.7222,hflung,3,False,90,93,Crackle,False,1.0,Stridor,True,0.6,Stridor,True,0.8,Stridor,True,1.0,Stridor,True,Stridor,True,https://simile-xai-audio.s3.ap-southeast-2.amazonaws.com/data_v6/lung/audio/hflung_trunc_2019-05-28-14-07-13-L6_1_5.wav,data/processed/UnifiedLungSymptomDataset/audio/hflung_trunc_2019-05-28-14-07-13-L6_1_5.wav,,,,
lung,hflung_trunc_2019-05-31-14-07-30-L5_0_1,Stridor,borderline,-1.7004,hflung,3,False,2,93,Wheeze,False,0.6,Wheeze,False,0.2,Wheeze,False,0.8,Wheeze,False,1.0,Wheeze,False,Stridor,True,https://simile-xai-audio.s3.ap-southeast-2.amazonaws.com/data_v6/lung/audio/hflung_trunc_2019-05-31-14-07-30-L5_0_1.wav,data/processed/UnifiedLungSymptomDataset/audio/hflung_trunc_2019-05-31-14-07-30-L5_0_1.wav,,,,
lung,hflung_trunc_2019-05-31-14-07-30-L5_0_3,Stridor,borderline,-1.6953,hflung,3,False,25,93,Wheeze,False,0.4,Wheeze,False,0.4,Wheeze,False,0.8,Wheeze,False,1.0,Wheeze,False,Wheeze,False,https://simile-xai-audio.s3.ap-southeast-2.amazonaws.com/data_v6/lung/audio/hflung_trunc_2019-05-31-14-07-30-L5_0_3.wav,data/processed/UnifiedLungSymptomDataset/audio/hflung_trunc_2019-05-31-14-07-30-L5_0_3.wav,,,,
lung,hflung_trunc_2019-07-17-10-38-33-L2_5_0,Stridor,borderline,-1.6221,hflung,3,False,89,93,Stridor,True,1.0,Stridor,True,0.8,Stridor,True,1.0,Stridor,True,1.0,Stridor,True,Stridor,True,https://simile-xai-audio.s3.ap-southeast-2.amazonaws.com/data_v6/lung/audio/hflung_trunc_2019-07-17-10-38-33-L2_5_0.wav,data/processed/UnifiedLungSymptomDataset/audio/hflung_trunc_2019-07-17-10-38-33-L2_5_0.wav,,,,
lung,hflung_trunc_2019-07-17-10-38-33-L2_5_4,Stridor,borderline,-1.6,hflung,3,False,90,93,Stridor,True,1.0,Stridor,True,1.0,Stridor,True,1.0,Stridor,True,1.0,Stridor,True,Stridor,True,https://simile-xai-audio.s3.ap-southeast-2.amazonaws.com/data_v6/lung/audio/hflung_trunc_2019-07-17-10-38-33-L2_5_4.wav,data/processed/UnifiedLungSymptomDataset/audio/hflung_trunc_2019-07-17-10-38-33-L2_5_4.wav,,,,
lung,hflung_trunc_2019-05-31-14-07-30-L5_0_5,Stridor,borderline,-1.5506,hflung,3,False,12,93,Wheeze,False,0.6,Wheeze,False,0.4,Wheeze,False,0.8,Wheeze,False,0.8,Crackle,False,Stridor,True,https://simile-xai-audio.s3.ap-southeast-2.amazonaws.com/data_v6/lung/audio/hflung_trunc_2019-05-31-14-07-30-L5_0_5.wav,data/processed/UnifiedLungSymptomDataset/audio/hflung_trunc_2019-05-31-14-07-30-L5_0_5.wav,,,,
lung,hflung_trunc_2019-05-28-14-44-45-L6_0_3,Stridor,borderline,-1.5364,hflung,3,False,90,93,Stridor,True,1.0,Stridor,True,0.8,Stridor,True,1.0,Stridor,True,1.0,Stridor,True,Stridor,True,https://simile-xai-audio.s3.ap-southeast-2.amazonaws.com/data_v6/lung/audio/hflung_trunc_2019-05-28-14-44-45-L6_0_3.wav,data/processed/UnifiedLungSymptomDataset/audio/hflung_trunc_2019-05-28-14-44-45-L6_0_3.wav,,,,
lung,hflung_trunc_2019-05-28-14-07-13-L8_8_3,Stridor,borderline,-1.5189,hflung,3,False,88,93,Stridor,True,1.0,Stridor,True,1.0,Stridor,True,0.8,Stridor,True,1.0,Stridor,True,Wheeze,False,https://simile-xai-audio.s3.ap-southeast-2.amazonaws.com/data_v6/lung/audio/hflung_trunc_2019-05-28-14-07-13-L8_8_3.wav,data/processed/UnifiedLungSymptomDataset/audio/hflung_trunc_2019-05-28-14-07-13-L8_8_3.wav,,,,
lung,hflung_trunc_2019-05-28-15-46-01-L1_7_10,Stridor,borderline,-1.5167,hflung,3,False,87,93,Stridor,True,1.0,Stridor,True,1.0,Stridor,True,0.8,Stridor,True,1.0,Crackle,False,Stridor,True,https://simile-xai-audio.s3.ap-southeast-2.amazonaws.com/data_v6/lung/audio/hflung_trunc_2019-05-28-15-46-01-L1_7_10.wav,data/processed/UnifiedLungSymptomDataset/audio/hflung_trunc_2019-05-28-15-46-01-L1_7_10.wav,,,,
lung,hflung_trunc_2019-06-26-12-04-27-L2_7_6,Stridor,clear,0.0372,hflung,3,False,89,93,Stridor,True,0.8,Wheeze,False,0.8,Stridor,True,0.8,Stridor,True,0.8,Wheeze,False,Wheeze,False,https://simile-xai-audio.s3.ap-southeast-2.amazonaws.com/data_v6/lung/audio/hflung_trunc_2019-06-26-12-04-27-L2_7_6.wav,data/processed/UnifiedLungSymptomDataset/audio/hflung_trunc_2019-06-26-12-04-27-L2_7_6.wav,,,,
lung,hflung_trunc_2019-06-26-12-04-27-L2_7_16,Stridor,clear,-0.2309,hflung,3,False,88,93,Stridor,True,0.8,Stridor,True,0.8,Stridor,True,0.8,Stridor,True,1.0,Stridor,True,Wheeze,False,https://simile-xai-audio.s3.ap-southeast-2.amazonaws.com/data_v6/lung/audio/hflung_trunc_2019-06-26-12-04-27-L2_7_16.wav,data/processed/UnifiedLungSymptomDataset/audio/hflung_trunc_2019-06-26-12-04-27-L2_7_16.wav,,,,
lung,hflung_trunc_2019-06-26-12-04-27-L2_7_20,Stridor,clear,-0.2322,hflung,3,False,89,93,Stridor,True,0.8,Stridor,True,0.8,Stridor,True,0.8,Stridor,True,0.8,Stridor,True,Wheeze,False,https://simile-xai-audio.s3.ap-southeast-2.amazonaws.com/data_v6/lung/audio/hflung_trunc_2019-06-26-12-04-27-L2_7_20.wav,data/processed/UnifiedLungSymptomDataset/audio/hflung_trunc_2019-06-26-12-04-27-L2_7_20.wav,,,,
lung,hflung_trunc_2019-06-26-12-04-27-L2_7_17,Stridor,clear,-0.2322,hflung,3,False,89,93,Stridor,True,0.8,Stridor,True,0.8,Stridor,True,0.8,Stridor,True,0.8,Stridor,True,Wheeze,False,https://simile-xai-audio.s3.ap-southeast-2.amazonaws.com/data_v6/lung/audio/hflung_trunc_2019-06-26-12-04-27-L2_7_17.wav,data/processed/UnifiedLungSymptomDataset/audio/hflung_trunc_2019-06-26-12-04-27-L2_7_17.wav,,,,
lung,hflung_trunc_2019-06-26-12-04-27-L2_7_14,Stridor,clear,-0.4692,hflung,3,False,88,93,Stridor,True,0.8,Stridor,True,0.8,Stridor,True,0.8,Stridor,True,1.0,Wheeze,False,Wheeze,False,https://simile-xai-audio.s3.ap-southeast-2.amazonaws.com/data_v6/lung/audio/hflung_trunc_2019-06-26-12-04-27-L2_7_14.wav,data/processed/UnifiedLungSymptomDataset/audio/hflung_trunc_2019-06-26-12-04-27-L2_7_14.wav,,,,
lung,hflung_trunc_2019-05-28-14-07-13-L5_5_2,Stridor,clear,-0.576,hflung,3,False,63,93,Wheeze,False,1.0,Stridor,True,0.4,Stridor,True,1.0,Stridor,True,1.0,Wheeze,False,Stridor,True,https://simile-xai-audio.s3.ap-southeast-2.amazonaws.com/data_v6/lung/audio/hflung_trunc_2019-05-28-14-07-13-L5_5_2.wav,data/processed/UnifiedLungSymptomDataset/audio/hflung_trunc_2019-05-28-14-07-13-L5_5_2.wav,,,,
lung,hflung_trunc_2019-06-26-12-04-27-L2_7_9,Stridor,clear,-0.6221,hflung,3,False,91,93,Stridor,True,0.8,Stridor,True,1.0,Stridor,True,1.0,Stridor,True,1.0,Stridor,True,Wheeze,False,https://simile-xai-audio.s3.ap-southeast-2.amazonaws.com/data_v6/lung/audio/hflung_trunc_2019-06-26-12-04-27-L2_7_9.wav,data/processed/UnifiedLungSymptomDataset/audio/hflung_trunc_2019-06-26-12-04-27-L2_7_9.wav,,,,
lung,hflung_trunc_2019-06-26-12-04-27-L2_7_12,Stridor,clear,-0.6816,hflung,3,False,90,93,Stridor,True,0.8,Stridor,True,1.0,Stridor,True,0.8,Stridor,True,1.0,Stridor,True,Wheeze,False,https://simile-xai-audio.s3.ap-southeast-2.amazonaws.com/data_v6/lung/audio/hflung_trunc_2019-06-26-12-04-27-L2_7_12.wav,data/processed/UnifiedLungSymptomDataset/audio/hflung_trunc_2019-06-26-12-04-27-L2_7_12.wav,,,,
lung,hflung_trunc_2019-05-28-14-07-13-L5_5_12,Stridor,clear,-0.8657,hflung,3,False,92,93,Stridor,True,1.0,Stridor,True,0.8,Stridor,True,1.0,Stridor,True,1.0,Stridor,True,Stridor,True,https://simile-xai-audio.s3.ap-southeast-2.amazonaws.com/data_v6/lung/audio/hflung_trunc_2019-05-28-14-07-13-L5_5_12.wav,data/processed/UnifiedLungSymptomDataset/audio/hflung_trunc_2019-05-28-14-07-13-L5_5_12.wav,,,,
lung,hflung_trunc_2019-05-28-14-44-45-L5_5_11,Stridor,clear,-0.9537,hflung,3,False,4,93,Crackle,False,0.2,Crackle,False,0.2,Crackle,False,0.8,Crackle,False,0.8,Crackle,False,Stridor,True,https://simile-xai-audio.s3.ap-southeast-2.amazonaws.com/data_v6/lung/audio/hflung_trunc_2019-05-28-14-44-45-L5_5_11.wav,data/processed/UnifiedLungSymptomDataset/audio/hflung_trunc_2019-05-28-14-44-45-L5_5_11.wav,,,,
lung,hflung_trunc_2019-05-28-14-44-45-L4_7_4,Stridor,clear,-0.9994,hflung,3,False,85,93,Stridor,True,0.8,Stridor,True,0.8,Stridor,True,0.8,Stridor,True,1.0,Stridor,True,Stridor,True,https://simile-xai-audio.s3.ap-southeast-2.amazonaws.com/data_v6/lung/audio/hflung_trunc_2019-05-28-14-44-45-L4_7_4.wav,data/processed/UnifiedLungSymptomDataset/audio/hflung_trunc_2019-05-28-14-44-45-L4_7_4.wav,,,,
lung,hflung_trunc_2019-05-28-14-07-13-L6_1_1,Stridor,clear,-1.0494,hflung,3,False,90,93,Stridor,True,1.0,Stridor,True,0.6,Stridor,True,0.8,Stridor,True,1.0,Stridor,True,Wheeze,False,https://simile-xai-audio.s3.ap-southeast-2.amazonaws.com/data_v6/lung/audio/hflung_trunc_2019-05-28-14-07-13-L6_1_1.wav,data/processed/UnifiedLungSymptomDataset/audio/hflung_trunc_2019-05-28-14-07-13-L6_1_1.wav,,,,
lung,hflung_trunc_2019-05-28-14-44-45-L5_5_12,Stridor,clear,-1.1481,hflung,3,False,32,93,Crackle,False,0.6,Crackle,False,0.6,Crackle,False,0.8,Crackle,False,0.8,Stridor,True,Stridor,True,https://simile-xai-audio.s3.ap-southeast-2.amazonaws.com/data_v6/lung/audio/hflung_trunc_2019-05-28-14-44-45-L5_5_12.wav,data/processed/UnifiedLungSymptomDataset/audio/hflung_trunc_2019-05-28-14-44-45-L5_5_12.wav,,,,
lung,hflung_trunc_2019-05-28-14-07-13-L5_5_10,Stridor,clear,-1.1678,hflung,3,False,91,93,Wheeze,False,1.0,Stridor,True,0.8,Stridor,True,0.8,Stridor,True,1.0,Wheeze,False,Stridor,True,https://simile-xai-audio.s3.ap-southeast-2.amazonaws.com/data_v6/lung/audio/hflung_trunc_2019-05-28-14-07-13-L5_5_10.wav,data/processed/UnifiedLungSymptomDataset/audio/hflung_trunc_2019-05-28-14-07-13-L5_5_10.wav,,,,
lung,hflung_trunc_2019-05-28-14-44-45-L6_0_2,Stridor,clear,-1.1944,hflung,3,False,92,93,Stridor,True,1.0,Stridor,True,0.8,Stridor,True,0.8,Stridor,True,1.0,Stridor,True,Stridor,True,https://simile-xai-audio.s3.ap-southeast-2.amazonaws.com/data_v6/lung/audio/hflung_trunc_2019-05-28-14-44-45-L6_0_2.wav,data/processed/UnifiedLungSymptomDataset/audio/hflung_trunc_2019-05-28-14-44-45-L6_0_2.wav,,,,
lung,hflung_trunc_2019-05-16-14-23-13-L5_8_14,Wheeze,ambiguous,-2.7184,hflung,3,False,1,93,Rhonchi,False,0.0,Rhonchi,False,0.0,Rhonchi,False,0.0,Crackle,False,0.0,Crackle,False,Crackle,False,https://simile-xai-audio.s3.ap-southeast-2.amazonaws.com/data_v6/lung/audio/hflung_trunc_2019-05-16-14-23-13-L5_8_14.wav,data/processed/UnifiedLungSymptomDataset/audio/hflung_trunc_2019-05-16-14-23-13-L5_8_14.wav,,,,
lung,sprsound_65099422_0.5_0_p2_2760_2,Wheeze,ambiguous,-2.2772,sprsound,1,False,36,93,Wheeze,True,0.0,Crackle,False,0.0,Crackle,False,0.2,Crackle,False,0.6,Normal,False,Crackle,False,https://simile-xai-audio.s3.ap-southeast-2.amazonaws.com/data_v6/lung/audio/sprsound_65099422_0.5_0_p2_2760_2.wav,data/processed/UnifiedLungSymptomDataset/audio/sprsound_65099422_0.5_0_p2_2760_2.wav,,,,
lung,icbhi_118_1b1_Pr_sc_Litt3200_1,Wheeze,ambiguous,-2.1789,icbhi,1,False,1,93,Normal,False,0.4,Normal,False,0.0,Normal,False,0.4,Normal,False,0.4,Normal,False,Normal,False,https://simile-xai-audio.s3.ap-southeast-2.amazonaws.com/data_v6/lung/audio/icbhi_118_1b1_Pr_sc_Litt3200_1.wav,data/processed/UnifiedLungSymptomDataset/audio/icbhi_118_1b1_Pr_sc_Litt3200_1.wav,,,,
lung,fraiwan_257,Wheeze,ambiguous,-1.8214,fraiwan,2,True,11,93,Crackle,False,0.2,Crackle,False,0.0,Crackle,False,0.2,Crackle,False,0.2,Normal,False,Normal,False,https://simile-xai-audio.s3.ap-southeast-2.amazonaws.com/data_v6/lung/audio/fraiwan_257.wav,data/processed/UnifiedLungSymptomDataset/audio/fraiwan_257.wav,,,,
lung,hflung_trunc_2019-05-16-14-23-13-L5_8_15,Wheeze,ambiguous,-2.6431,hflung,3,False,0,93,Crackle,False,0.0,Crackle,False,0.0,Crackle,False,0.2,Crackle,False,0.4,Crackle,False,Crackle,False,https://simile-xai-audio.s3.ap-southeast-2.amazonaws.com/data_v6/lung/audio/hflung_trunc_2019-05-16-14-23-13-L5_8_15.wav,data/processed/UnifiedLungSymptomDataset/audio/hflung_trunc_2019-05-16-14-23-13-L5_8_15.wav,,,,
lung,sprsound_65099422_0.5_0_p2_2760_6,Wheeze,ambiguous,-2.1765,sprsound,1,False,1,93,Crackle,False,0.0,Crackle,False,0.0,Crackle,False,0.2,Crackle,False,0.2,Crackle,False,Crackle,False,https://simile-xai-audio.s3.ap-southeast-2.amazonaws.com/data_v6/lung/audio/sprsound_65099422_0.5_0_p2_2760_6.wav,data/processed/UnifiedLungSymptomDataset/audio/sprsound_65099422_0.5_0_p2_2760_6.wav,,,,
lung,icbhi_118_1b1_Al_sc_Litt3200_4,Wheeze,ambiguous,-2.0951,icbhi,1,False,71,93,Wheeze,True,0.4,Wheeze,True,0.4,Wheeze,True,0.2,Wheeze,True,0.6,Normal,False,Normal,False,https://simile-xai-audio.s3.ap-southeast-2.amazonaws.com/data_v6/lung/audio/icbhi_118_1b1_Al_sc_Litt3200_4.wav,data/processed/UnifiedLungSymptomDataset/audio/icbhi_118_1b1_Al_sc_Litt3200_4.wav,,,,
lung,fraiwan_196,Wheeze,ambiguous,-1.6694,fraiwan,2,True,0,93,Crackle,False,0.0,Crackle,False,0.0,Crackle,False,0.0,Crackle,False,0.2,Crackle,False,Normal,False,https://simile-xai-audio.s3.ap-southeast-2.amazonaws.com/data_v6/lung/audio/fraiwan_196.wav,data/processed/UnifiedLungSymptomDataset/audio/fraiwan_196.wav,,,,
lung,hflung_trunc_2019-07-16-10-11-12-L1_13_10,Wheeze,ambiguous,-2.5696,hflung,3,False,1,93,Crackle,False,0.0,Rhonchi,False,0.0,Rhonchi,False,0.0,Rhonchi,False,0.0,Crackle,False,Rhonchi,False,https://simile-xai-audio.s3.ap-southeast-2.amazonaws.com/data_v6/lung/audio/hflung_trunc_2019-07-16-10-11-12-L1_13_10.wav,data/processed/UnifiedLungSymptomDataset/audio/hflung_trunc_2019-07-16-10-11-12-L1_13_10.wav,,,,
lung,sprsound_65099422_0.5_0_p2_2760_0,Wheeze,ambiguous,-2.1765,sprsound,1,False,1,93,Crackle,False,0.0,Crackle,False,0.0,Crackle,False,0.2,Crackle,False,0.2,Crackle,False,Crackle,False,https://simile-xai-audio.s3.ap-southeast-2.amazonaws.com/data_v6/lung/audio/sprsound_65099422_0.5_0_p2_2760_0.wav,data/processed/UnifiedLungSymptomDataset/audio/sprsound_65099422_0.5_0_p2_2760_0.wav,,,,
lung,icbhi_106_2b1_Pr_mc_LittC2SE_1,Wheeze,ambiguous,-2.0917,icbhi,1,False,0,93,Normal,False,0.0,Normal,False,0.0,Normal,False,0.0,Normal,False,0.0,Normal,False,Crackle,False,https://simile-xai-audio.s3.ap-southeast-2.amazonaws.com/data_v6/lung/audio/icbhi_106_2b1_Pr_mc_LittC2SE_1.wav,data/processed/UnifiedLungSymptomDataset/audio/icbhi_106_2b1_Pr_mc_LittC2SE_1.wav,,,,
lung,fraiwan_271,Wheeze,ambiguous,-1.3922,fraiwan,2,True,14,93,Crackle,False,0.0,Crackle,False,0.0,Crackle,False,0.2,Crackle,False,0.2,Wheeze,True,Crackle,False,https://simile-xai-audio.s3.ap-southeast-2.amazonaws.com/data_v6/lung/audio/fraiwan_271.wav,data/processed/UnifiedLungSymptomDataset/audio/fraiwan_271.wav,,,,
lung,hflung_trunc_2019-05-16-14-23-13-L5_8_12,Wheeze,ambiguous,-2.43,hflung,3,False,84,93,Wheeze,True,0.4,Wheeze,True,0.8,Wheeze,True,0.8,Wheeze,True,0.8,Wheeze,True,Crackle,False,https://simile-xai-audio.s3.ap-southeast-2.amazonaws.com/data_v6/lung/audio/hflung_trunc_2019-05-16-14-23-13-L5_8_12.wav,data/processed/UnifiedLungSymptomDataset/audio/hflung_trunc_2019-05-16-14-23-13-L5_8_12.wav,,,,
lung,sprsound_66366234_3.8_1_p4_9759_0,Wheeze,ambiguous,-2.1542,sprsound,1,False,0,93,Normal,False,0.0,Normal,False,0.0,Normal,False,0.0,Normal,False,0.0,Normal,False,Normal,False,https://simile-xai-audio.s3.ap-southeast-2.amazonaws.com/data_v6/lung/audio/sprsound_66366234_3.8_1_p4_9759_0.wav,data/processed/UnifiedLungSymptomDataset/audio/sprsound_66366234_3.8_1_p4_9759_0.wav,,,,
lung,icbhi_166_1p1_Pr_sc_Meditron_4,Wheeze,ambiguous,-2.0807,icbhi,1,False,0,93,Crackle,False,0.0,Crackle,False,0.0,Crackle,False,0.0,Crackle,False,0.0,Normal,False,Normal,False,https://simile-xai-audio.s3.ap-southeast-2.amazonaws.com/data_v6/lung/audio/icbhi_166_1p1_Pr_sc_Meditron_4.wav,data/processed/UnifiedLungSymptomDataset/audio/icbhi_166_1p1_Pr_sc_Meditron_4.wav,,,,
lung,hflung_steth_20190808_10_02_09_8,Wheeze,borderline,-1.1575,hflung,3,False,92,93,Wheeze,True,0.8,Wheeze,True,0.6,Wheeze,True,0.4,Wheeze,True,0.6,Wheeze,True,Wheeze,True,https://simile-xai-audio.s3.ap-southeast-2.amazonaws.com/data_v6/lung/audio/hflung_steth_20190808_10_02_09_8.wav,data/processed/UnifiedLungSymptomDataset/audio/hflung_steth_20190808_10_02_09_8.wav,,,,
lung,fraiwan_62,Wheeze,borderline,-1.1528,fraiwan,2,True,88,93,Wheeze,True,0.6,Wheeze,True,0.6,Wheeze,True,0.4,Wheeze,True,0.6,Rhonchi,False,Wheeze,True,https://simile-xai-audio.s3.ap-southeast-2.amazonaws.com/data_v6/lung/audio/fraiwan_62.wav,data/processed/UnifiedLungSymptomDataset/audio/fraiwan_62.wav,,,,
lung,sprsound_41228434_2.2_1_p4_21474_0,Wheeze,borderline,-1.1325,sprsound,1,False,61,93,Crackle,False,0.6,Crackle,False,0.6,Wheeze,True,0.4,Wheeze,True,0.6,Wheeze,True,Crackle,False,https://simile-xai-audio.s3.ap-southeast-2.amazonaws.com/data_v6/lung/audio/sprsound_41228434_2.2_1_p4_21474_0.wav,data/processed/UnifiedLungSymptomDataset/audio/sprsound_41228434_2.2_1_p4_21474_0.wav,,,,
lung,icbhi_156_8b3_Pl_mc_AKGC417L_1,Wheeze,borderline,-0.8844,icbhi,1,False,90,93,Wheeze,True,1.0,Wheeze,True,0.8,Wheeze,True,1.0,Wheeze,True,1.0,Normal,False,Normal,False,https://simile-xai-audio.s3.ap-southeast-2.amazonaws.com/data_v6/lung/audio/icbhi_156_8b3_Pl_mc_AKGC417L_1.wav,data/processed/UnifiedLungSymptomDataset/audio/icbhi_156_8b3_Pl_mc_AKGC417L_1.wav,,,,
lung,hflung_steth_20190113_14_44_44_0,Wheeze,borderline,-1.1527,hflung,3,False,76,93,Wheeze,True,0.2,Wheeze,True,0.6,Rhonchi,False,0.2,Wheeze,True,0.4,Rhonchi,False,Wheeze,True,https://simile-xai-audio.s3.ap-southeast-2.amazonaws.com/data_v6/lung/audio/hflung_steth_20190113_14_44_44_0.wav,data/processed/UnifiedLungSymptomDataset/audio/hflung_steth_20190113_14_44_44_0.wav,,,,
lung,fraiwan_220,Wheeze,borderline,-0.8915,fraiwan,2,True,73,93,Normal,False,0.6,Normal,False,0.4,Wheeze,True,0.6,Wheeze,True,0.6,Normal,False,Normal,False,https://simile-xai-audio.s3.ap-southeast-2.amazonaws.com/data_v6/lung/audio/fraiwan_220.wav,data/processed/UnifiedLungSymptomDataset/audio/fraiwan_220.wav,,,,
lung,sprsound_41228434_2.2_1_p4_21474_1,Wheeze,borderline,-1.1325,sprsound,1,False,61,93,Crackle,False,0.6,Crackle,False,0.6,Wheeze,True,0.4,Wheeze,True,0.6,Wheeze,True,Crackle,False,https://simile-xai-audio.s3.ap-southeast-2.amazonaws.com/data_v6/lung/audio/sprsound_41228434_2.2_1_p4_21474_1.wav,data/processed/UnifiedLungSymptomDataset/audio/sprsound_41228434_2.2_1_p4_21474_1.wav,,,,
lung,icbhi_180_1b4_Al_mc_AKGC417L_5,Wheeze,borderline,-0.7835,icbhi,1,False,61,93,Normal,False,0.4,Wheeze,True,0.6,Wheeze,True,0.4,Wheeze,True,0.4,Normal,False,Wheeze,True,https://simile-xai-audio.s3.ap-southeast-2.amazonaws.com/data_v6/lung/audio/icbhi_180_1b4_Al_mc_AKGC417L_5.wav,data/processed/UnifiedLungSymptomDataset/audio/icbhi_180_1b4_Al_mc_AKGC417L_5.wav,,,,
lung,hflung_trunc_2019-06-30-10-08-35-L8_0_3,Wheeze,borderline,-1.1512,hflung,3,False,28,93,Crackle,False,0.2,Crackle,False,0.2,Crackle,False,0.4,Crackle,False,0.2,Wheeze,True,Wheeze,True,https://simile-xai-audio.s3.ap-southeast-2.amazonaws.com/data_v6/lung/audio/hflung_trunc_2019-06-30-10-08-35-L8_0_3.wav,data/processed/UnifiedLungSymptomDataset/audio/hflung_trunc_2019-06-30-10-08-35-L8_0_3.wav,,,,
lung,fraiwan_33,Wheeze,borderline,-0.5925,fraiwan,2,True,92,93,Wheeze,True,0.6,Wheeze,True,0.8,Wheeze,True,0.6,Wheeze,True,0.6,Wheeze,True,Wheeze,True,https://simile-xai-audio.s3.ap-southeast-2.amazonaws.com/data_v6/lung/audio/fraiwan_33.wav,data/processed/UnifiedLungSymptomDataset/audio/fraiwan_33.wav,,,,
lung,sprsound_66239166_9.6_1_p4_4334_8,Wheeze,borderline,-1.1254,sprsound,1,False,88,93,Wheeze,True,0.6,Wheeze,True,0.4,Wheeze,True,0.4,Wheeze,True,0.6,Wheeze,True,Wheeze,True,https://simile-xai-audio.s3.ap-southeast-2.amazonaws.com/data_v6/lung/audio/sprsound_66239166_9.6_1_p4_4334_8.wav,data/processed/UnifiedLungSymptomDataset/audio/sprsound_66239166_9.6_1_p4_4334_8.wav,,,,
lung,hflung_steth_20190808_10_02_09_6,Wheeze,borderline,-1.1486,hflung,3,False,86,93,Wheeze,True,0.6,Wheeze,True,0.6,Wheeze,True,0.6,Wheeze,True,0.6,Wheeze,True,Wheeze,True,https://simile-xai-audio.s3.ap-southeast-2.amazonaws.com/data_v6/lung/audio/hflung_steth_20190808_10_02_09_6.wav,data/processed/UnifiedLungSymptomDataset/audio/hflung_steth_20190808_10_02_09_6.wav,,,,
lung,sprsound_41173389_4.1_1_p3_1554_7,Wheeze,borderline,-1.1146,sprsound,1,False,93,93,Wheeze,True,0.8,Wheeze,True,0.8,Wheeze,True,1.0,Wheeze,True,1.0,Wheeze,True,Wheeze,True,https://simile-xai-audio.s3.ap-southeast-2.amazonaws.com/data_v6/lung/audio/sprsound_41173389_4.1_1_p3_1554_7.wav,data/processed/UnifiedLungSymptomDataset/audio/sprsound_41173389_4.1_1_p3_1554_7.wav,,,,
lung,hflung_trunc_2019-07-16-10-11-12-L4_1_3,Wheeze,borderline,-1.1467,hflung,3,False,84,93,Wheeze,True,0.4,Wheeze,True,0.2,Wheeze,True,0.2,Wheeze,True,0.4,Wheeze,True,Wheeze,True,https://simile-xai-audio.s3.ap-southeast-2.amazonaws.com/data_v6/lung/audio/hflung_trunc_2019-07-16-10-11-12-L4_1_3.wav,data/processed/UnifiedLungSymptomDataset/audio/hflung_trunc_2019-07-16-10-11-12-L4_1_3.wav,,,,
lung,sprsound_41223618_1.0_0_p1_3607_1,Wheeze,borderline,-1.1142,sprsound,1,False,78,93,Wheeze,True,0.8,Wheeze,True,0.2,Normal,False,0.2,Normal,False,0.2,Normal,False,Normal,False,https://simile-xai-audio.s3.ap-southeast-2.amazonaws.com/data_v6/lung/audio/sprsound_41223618_1.0_0_p1_3607_1.wav,data/processed/UnifiedLungSymptomDataset/audio/sprsound_41223618_1.0_0_p1_3607_1.wav,,,,
lung,hflung_trunc_2019-08-08-10-07-05-L2_10_1,Wheeze,clear,0.8774,hflung,3,False,93,93,Wheeze,True,0.8,Wheeze,True,1.0,Wheeze,True,0.8,Wheeze,True,0.8,Wheeze,True,Wheeze,True,https://simile-xai-audio.s3.ap-southeast-2.amazonaws.com/data_v6/lung/audio/hflung_trunc_2019-08-08-10-07-05-L2_10_1.wav,data/processed/UnifiedLungSymptomDataset/audio/hflung_trunc_2019-08-08-10-07-05-L2_10_1.wav,,,,
lung,fraiwan_65,Wheeze,clear,0.0232,fraiwan,2,True,92,93,Wheeze,True,0.8,Wheeze,True,0.8,Wheeze,True,1.0,Wheeze,True,1.0,Wheeze,True,Wheeze,True,https://simile-xai-audio.s3.ap-southeast-2.amazonaws.com/data_v6/lung/audio/fraiwan_65.wav,data/processed/UnifiedLungSymptomDataset/audio/fraiwan_65.wav,,,,
lung,sprsound_64779933_1.3_0_p2_3810_2,Wheeze,clear,-0.2005,sprsound,1,False,88,93,Crackle,False,0.6,Wheeze,True,0.6,Wheeze,True,0.6,Wheeze,True,0.8,Wheeze,True,Normal,False,https://simile-xai-audio.s3.ap-southeast-2.amazonaws.com/data_v6/lung/audio/sprsound_64779933_1.3_0_p2_3810_2.wav,data/processed/UnifiedLungSymptomDataset/audio/sprsound_64779933_1.3_0_p2_3810_2.wav,,,,
lung,icbhi_156_5b3_Ar_mc_AKGC417L_3,Wheeze,clear,-0.2904,icbhi,1,False,90,93,Wheeze,True,0.8,Wheeze,True,0.8,Wheeze,True,0.8,Wheeze,True,0.8,Wheeze,True,Normal,False,https://simile-xai-audio.s3.ap-southeast-2.amazonaws.com/data_v6/lung/audio/icbhi_156_5b3_Ar_mc_AKGC417L_3.wav,data/processed/UnifiedLungSymptomDataset/audio/icbhi_156_5b3_Ar_mc_AKGC417L_3.wav,,,,
lung,hflung_trunc_2019-08-08-09-36-47-L6_4_11,Wheeze,clear,0.8311,hflung,3,False,93,93,Wheeze,True,1.0,Wheeze,True,1.0,Wheeze,True,0.8,Wheeze,True,1.0,Wheeze,True,Wheeze,True,https://simile-xai-audio.s3.ap-southeast-2.amazonaws.com/data_v6/lung/audio/hflung_trunc_2019-08-08-09-36-47-L6_4_11.wav,data/processed/UnifiedLungSymptomDataset/audio/hflung_trunc_2019-08-08-09-36-47-L6_4_11.wav,,,,
lung,fraiwan_140,Wheeze,clear,-0.037,fraiwan,2,True,91,93,Wheeze,True,0.4,Wheeze,True,0.8,Wheeze,True,0.6,Wheeze,True,0.6,Wheeze,True,Wheeze,True,https://simile-xai-audio.s3.ap-southeast-2.amazonaws.com/data_v6/lung/audio/fraiwan_140.wav,data/processed/UnifiedLungSymptomDataset/audio/fraiwan_140.wav,,,,
lung,sprsound_41184079_6.2_0_p3_5761_0,Wheeze,clear,-0.2079,sprsound,1,False,92,93,Wheeze,True,0.4,Wheeze,True,0.8,Wheeze,True,0.6,Wheeze,True,0.8,Wheeze,True,Wheeze,True,https://simile-xai-audio.s3.ap-southeast-2.amazonaws.com/data_v6/lung/audio/sprsound_41184079_6.2_0_p3_5761_0.wav,data/processed/UnifiedLungSymptomDataset/audio/sprsound_41184079_6.2_0_p3_5761_0.wav,,,,
lung,hflung_trunc_2019-08-08-09-36-47-L6_4_12,Wheeze,clear,0.8311,hflung,3,False,93,93,Wheeze,True,1.0,Wheeze,True,1.0,Wheeze,True,0.8,Wheeze,True,1.0,Wheeze,True,Wheeze,True,https://simile-xai-audio.s3.ap-southeast-2.amazonaws.com/data_v6/lung/audio/hflung_trunc_2019-08-08-09-36-47-L6_4_12.wav,data/processed/UnifiedLungSymptomDataset/audio/hflung_trunc_2019-08-08-09-36-47-L6_4_12.wav,,,,
lung,fraiwan_55,Wheeze,clear,-0.2028,fraiwan,2,True,93,93,Wheeze,True,0.8,Wheeze,True,0.8,Wheeze,True,0.8,Wheeze,True,0.8,Wheeze,True,Wheeze,True,https://simile-xai-audio.s3.ap-southeast-2.amazonaws.com/data_v6/lung/audio/fraiwan_55.wav,data/processed/UnifiedLungSymptomDataset/audio/fraiwan_55.wav,,,,
lung,sprsound_66366234_3.8_1_p3_9762_7,Wheeze,clear,-0.2828,sprsound,1,False,88,93,Wheeze,True,0.8,Wheeze,True,0.2,Wheeze,True,0.2,Normal,False,0.4,Wheeze,True,Normal,False,https://simile-xai-audio.s3.ap-southeast-2.amazonaws.com/data_v6/lung/audio/sprsound_66366234_3.8_1_p3_9762_7.wav,data/processed/UnifiedLungSymptomDataset/audio/sprsound_66366234_3.8_1_p3_9762_7.wav,,,,
lung,hflung_trunc_2019-08-08-09-36-47-L5_13_9,Wheeze,clear,0.8051,hflung,3,False,92,93,Wheeze,True,0.8,Wheeze,True,0.8,Wheeze,True,0.8,Wheeze,True,0.8,Wheeze,True,Wheeze,True,https://simile-xai-audio.s3.ap-southeast-2.amazonaws.com/data_v6/lung/audio/hflung_trunc_2019-08-08-09-36-47-L5_13_9.wav,data/processed/UnifiedLungSymptomDataset/audio/hflung_trunc_2019-08-08-09-36-47-L5_13_9.wav,,,,
lung,fraiwan_297,Wheeze,clear,-0.2525,fraiwan,2,True,93,93,Wheeze,True,0.8,Wheeze,True,0.8,Wheeze,True,1.0,Wheeze,True,1.0,Wheeze,True,Wheeze,True,https://simile-xai-audio.s3.ap-southeast-2.amazonaws.com/data_v6/lung/audio/fraiwan_297.wav,data/processed/UnifiedLungSymptomDataset/audio/fraiwan_297.wav,,,,
lung,sprsound_66366234_3.8_1_p3_9762_5,Wheeze,clear,-0.3032,sprsound,1,False,93,93,Wheeze,True,0.6,Wheeze,True,0.6,Wheeze,True,0.4,Wheeze,True,0.8,Wheeze,True,Wheeze,True,https://simile-xai-audio.s3.ap-southeast-2.amazonaws.com/data_v6/lung/audio/sprsound_66366234_3.8_1_p3_9762_5.wav,data/processed/UnifiedLungSymptomDataset/audio/sprsound_66366234_3.8_1_p3_9762_5.wav,,,,
lung,hflung_trunc_2019-08-08-09-36-47-L6_0_14,Wheeze,clear,0.7644,hflung,3,False,92,93,Wheeze,True,0.6,Wheeze,True,1.0,Wheeze,True,0.8,Wheeze,True,0.8,Wheeze,True,Wheeze,True,https://simile-xai-audio.s3.ap-southeast-2.amazonaws.com/data_v6/lung/audio/hflung_trunc_2019-08-08-09-36-47-L6_0_14.wav,data/processed/UnifiedLungSymptomDataset/audio/hflung_trunc_2019-08-08-09-36-47-L6_0_14.wav,,,,
lung,fraiwan_25,Wheeze,clear,-0.3636,fraiwan,2,True,93,93,Wheeze,True,0.6,Wheeze,True,0.8,Wheeze,True,0.8,Wheeze,True,1.0,Wheeze,True,Wheeze,True,https://simile-xai-audio.s3.ap-southeast-2.amazonaws.com/data_v6/lung/audio/fraiwan_25.wav,data/processed/UnifiedLungSymptomDataset/audio/fraiwan_25.wav,,,,
bird,bird_Recording_1_Recording_1_Segment_07_184,Black-capped Chickadee,ambiguous,-1.8878,all,0,False,74,86,Black-capped Chickadee,True,0.4,Black-capped Chickadee,True,0.0,Black-capped Chickadee,True,0.4,Tufted Titmouse,False,0.2,Black-capped Chickadee,True,Wood Thrush,False,https://simile-xai-audio.s3.ap-southeast-2.amazonaws.com/data_v6/bird/audio/bird_Recording_1_Recording_1_Segment_07_184.wav,data/processed/BirdSoundsDataset/audio/bird_Recording_1_Recording_1_Segment_07_184.wav,,,,
bird,bird_Recording_1_Recording_1_Segment_22_16,Black-capped Chickadee,ambiguous,-1.8715,all,0,False,0,86,Wood Thrush,False,0.2,Wood Thrush,False,0.0,Wood Thrush,False,0.0,Wood Thrush,False,0.0,Wood Thrush,False,Wood Thrush,False,https://simile-xai-audio.s3.ap-southeast-2.amazonaws.com/data_v6/bird/audio/bird_Recording_1_Recording_1_Segment_22_16.wav,data/processed/BirdSoundsDataset/audio/bird_Recording_1_Recording_1_Segment_22_16.wav,,,,
bird,bird_Recording_4_Recording_4_Segment_25_34,Black-capped Chickadee,ambiguous,-1.8556,all,0,False,66,86,Black-capped Chickadee,True,0.6,Black-capped Chickadee,True,0.6,Black-capped Chickadee,True,0.8,Black-capped Chickadee,True,0.2,Tufted Titmouse,False,Black-capped Chickadee,True,https://simile-xai-audio.s3.ap-southeast-2.amazonaws.com/data_v6/bird/audio/bird_Recording_4_Recording_4_Segment_25_34.wav,data/processed/BirdSoundsDataset/audio/bird_Recording_4_Recording_4_Segment_25_34.wav,,,,
bird,bird_Recording_1_Recording_1_Segment_06_117,Black-capped Chickadee,ambiguous,-1.8158,all,0,False,47,86,Black-capped Chickadee,True,0.4,Tufted Titmouse,False,0.0,Tufted Titmouse,False,0.2,Tufted Titmouse,False,0.2,Black-capped Chickadee,True,Tufted Titmouse,False,https://simile-xai-audio.s3.ap-southeast-2.amazonaws.com/data_v6/bird/audio/bird_Recording_1_Recording_1_Segment_06_117.wav,data/processed/BirdSoundsDataset/audio/bird_Recording_1_Recording_1_Segment_06_117.wav,,,,
bird,bird_Recording_1_Recording_1_Segment_28_32,Black-capped Chickadee,ambiguous,-1.7817,all,0,False,85,86,Black-capped Chickadee,True,0.2,Black-capped Chickadee,True,0.4,Black-capped Chickadee,True,0.4,Black-capped Chickadee,True,0.4,Black-capped Chickadee,True,Black-capped Chickadee,True,https://simile-xai-audio.s3.ap-southeast-2.amazonaws.com/data_v6/bird/audio/bird_Recording_1_Recording_1_Segment_28_32.wav,data/processed/BirdSoundsDataset/audio/bird_Recording_1_Recording_1_Segment_28_32.wav,,,,
bird,bird_Recording_4_Recording_4_Segment_25_200,Black-capped Chickadee,ambiguous,-1.7731,all,0,False,78,86,Black-capped Chickadee,True,0.2,Black-capped Chickadee,True,0.6,Black-capped Chickadee,True,0.4,Black-capped Chickadee,True,0.6,Black-capped Chickadee,True,Black-capped Chickadee,True,https://simile-xai-audio.s3.ap-southeast-2.amazonaws.com/data_v6/bird/audio/bird_Recording_4_Recording_4_Segment_25_200.wav,data/processed/BirdSoundsDataset/audio/bird_Recording_4_Recording_4_Segment_25_200.wav,,,,
bird,bird_Recording_2_Recording_2_Segment_04_192,Black-capped Chickadee,ambiguous,-1.7109,all,0,False,5,86,Wood Thrush,False,0.0,Wood Thrush,False,0.4,Wood Thrush,False,0.2,Wood Thrush,False,0.0,Wood Thrush,False,Wood Thrush,False,https://simile-xai-audio.s3.ap-southeast-2.amazonaws.com/data_v6/bird/audio/bird_Recording_2_Recording_2_Segment_04_192.wav,data/processed/BirdSoundsDataset/audio/bird_Recording_2_Recording_2_Segment_04_192.wav,,,,
bird,bird_Recording_1_Recording_1_Segment_21_182,Black-capped Chickadee,ambiguous,-1.7,all,0,False,55,86,Black-capped Chickadee,True,0.2,Black-capped Chickadee,True,0.0,Black-capped Chickadee,True,0.2,Black-capped Chickadee,True,0.4,Black-capped Chickadee,True,Wood Thrush,False,https://simile-xai-audio.s3.ap-southeast-2.amazonaws.com/data_v6/bird/audio/bird_Recording_1_Recording_1_Segment_21_182.wav,data/processed/BirdSoundsDataset/audio/bird_Recording_1_Recording_1_Segment_21_182.wav,,,,
bird,bird_Recording_4_Recording_4_Segment_26_88,Black-capped Chickadee,ambiguous,-1.6988,all,0,False,76,86,Black-capped Chickadee,True,0.4,Black-capped Chickadee,True,0.4,Black-capped Chickadee,True,0.4,Tufted Titmouse,False,0.2,Black-capped Chickadee,True,Black-capped Chickadee,True,https://simile-xai-audio.s3.ap-southeast-2.amazonaws.com/data_v6/bird/audio/bird_Recording_4_Recording_4_Segment_26_88.wav,data/processed/BirdSoundsDataset/audio/bird_Recording_4_Recording_4_Segment_26_88.wav,,,,
bird,bird_Recording_4_Recording_4_Segment_11_109,Black-capped Chickadee,ambiguous,-1.6821,all,0,False,29,86,Black-capped Chickadee,True,0.4,Eastern Towhee,False,0.2,Eastern Towhee,False,0.4,Eastern Towhee,False,0.6,Black-capped Chickadee,True,Black-capped Chickadee,True,https://simile-xai-audio.s3.ap-southeast-2.amazonaws.com/data_v6/bird/audio/bird_Recording_4_Recording_4_Segment_11_109.wav,data/processed/BirdSoundsDataset/audio/bird_Recording_4_Recording_4_Segment_11_109.wav,,,,
bird,bird_Recording_1_Recording_1_Segment_07_117,Black-capped Chickadee,ambiguous,-1.6293,all,0,False,79,86,Black-capped Chickadee,True,0.2,Black-capped Chickadee,True,0.0,Black-capped Chickadee,True,0.2,Tufted Titmouse,False,0.2,Black-capped Chickadee,True,Wood Thrush,False,https://simile-xai-audio.s3.ap-southeast-2.amazonaws.com/data_v6/bird/audio/bird_Recording_1_Recording_1_Segment_07_117.wav,data/processed/BirdSoundsDataset/audio/bird_Recording_1_Recording_1_Segment_07_117.wav,,,,
bird,bird_Recording_1_Recording_1_Segment_23_161,Black-capped Chickadee,ambiguous,-1.6279,all,0,False,68,86,Black-capped Chickadee,True,0.2,Black-capped Chickadee,True,0.2,Tufted Titmouse,False,0.0,Black-capped Chickadee,True,0.0,Black-capped Chickadee,True,Black-capped Chickadee,True,https://simile-xai-audio.s3.ap-southeast-2.amazonaws.com/data_v6/bird/audio/bird_Recording_1_Recording_1_Segment_23_161.wav,data/processed/BirdSoundsDataset/audio/bird_Recording_1_Recording_1_Segment_23_161.wav,,,,
bird,bird_Recording_1_Recording_1_Segment_28_74,Black-capped Chickadee,ambiguous,-1.6113,all,0,False,7,86,Eastern Towhee,False,0.4,Eastern Towhee,False,0.8,Eastern Towhee,False,0.4,Eastern Towhee,False,0.4,Black-capped Chickadee,True,Eastern Towhee,False,https://simile-xai-audio.s3.ap-southeast-2.amazonaws.com/data_v6/bird/audio/bird_Recording_1_Recording_1_Segment_28_74.wav,data/processed/BirdSoundsDataset/audio/bird_Recording_1_Recording_1_Segment_28_74.wav,,,,
bird,bird_Recording_4_Recording_4_Segment_11_89,Black-capped Chickadee,ambiguous,-1.5861,all,0,False,2,86,Eastern Towhee,False,0.4,Eastern Towhee,False,0.0,Eastern Towhee,False,0.0,Eastern Towhee,False,0.2,Eastern Towhee,False,Eastern Towhee,False,https://simile-xai-audio.s3.ap-southeast-2.amazonaws.com/data_v6/bird/audio/bird_Recording_4_Recording_4_Segment_11_89.wav,data/processed/BirdSoundsDataset/audio/bird_Recording_4_Recording_4_Segment_11_89.wav,,,,
bird,bird_Recording_4_Recording_4_Segment_24_36,Black-capped Chickadee,ambiguous,-1.5736,all,0,False,14,86,Black-capped Chickadee,True,0.4,Eastern Towhee,False,0.2,Black-capped Chickadee,True,0.6,Eastern Towhee,False,0.4,Eastern Towhee,False,Eastern Towhee,False,https://simile-xai-audio.s3.ap-southeast-2.amazonaws.com/data_v6/bird/audio/bird_Recording_4_Recording_4_Segment_24_36.wav,data/processed/BirdSoundsDataset/audio/bird_Recording_4_Recording_4_Segment_24_36.wav,,,,
bird,bird_Recording_3_Recording_3_Segment_01_305,Black-capped Chickadee,borderline,-1.1499,all,0,False,83,86,Black-capped Chickadee,True,0.2,Black-capped Chickadee,True,0.8,Black-capped Chickadee,True,0.4,Black-capped Chickadee,True,1.0,Black-capped Chickadee,True,Eastern Towhee,False,https://simile-xai-audio.s3.ap-southeast-2.amazonaws.com/data_v6/bird/audio/bird_Recording_3_Recording_3_Segment_01_305.wav,data/processed/BirdSoundsDataset/audio/bird_Recording_3_Recording_3_Segment_01_305.wav,,,,
bird,bird_Recording_4_Recording_4_Segment_23_274,Black-capped Chickadee,borderline,-1.1448,all,0,False,82,86,Black-capped Chickadee,True,0.4,Black-capped Chickadee,True,0.4,Black-capped Chickadee,True,0.6,Black-capped Chickadee,True,0.8,Black-capped Chickadee,True,Black-capped Chickadee,True,https://simile-xai-audio.s3.ap-southeast-2.amazonaws.com/data_v6/bird/audio/bird_Recording_4_Recording_4_Segment_23_274.wav,data/processed/BirdSoundsDataset/audio/bird_Recording_4_Recording_4_Segment_23_274.wav,,,,
bird,bird_Recording_2_Recording_2_Segment_07_160,Black-capped Chickadee,borderline,-1.1401,all,0,False,40,86,Wood Thrush,False,0.2,Black-capped Chickadee,True,0.2,Black-capped Chickadee,True,0.0,Wood Thrush,False,0.0,Black-capped Chickadee,True,Wood Thrush,False,https://simile-xai-audio.s3.ap-southeast-2.amazonaws.com/data_v6/bird/audio/bird_Recording_2_Recording_2_Segment_07_160.wav,data/processed/BirdSoundsDataset/audio/bird_Recording_2_Recording_2_Segment_07_160.wav,,,,
bird,bird_Recording_2_Recording_2_Segment_08_233,Black-capped Chickadee,borderline,-1.1286,all,0,False,0,86,Ovenbird,False,0.0,Ovenbird,False,1.0,Ovenbird,False,0.2,Ovenbird,False,0.0,Ovenbird,False,Ovenbird,False,https://simile-xai-audio.s3.ap-southeast-2.amazonaws.com/data_v6/bird/audio/bird_Recording_2_Recording_2_Segment_08_233.wav,data/processed/BirdSoundsDataset/audio/bird_Recording_2_Recording_2_Segment_08_233.wav,,,,
bird,bird_Recording_2_Recording_2_Segment_03_45,Black-capped Chickadee,borderline,-1.1279,all,0,False,81,86,Black-capped Chickadee,True,0.0,Black-capped Chickadee,True,0.2,Black-capped Chickadee,True,0.2,Black-capped Chickadee,True,0.4,Black-capped Chickadee,True,Wood Thrush,False,https://simile-xai-audio.s3.ap-southeast-2.amazonaws.com/data_v6/bird/audio/bird_Recording_2_Recording_2_Segment_03_45.wav,data/processed/BirdSoundsDataset/audio/bird_Recording_2_Recording_2_Segment_03_45.wav,,,,
bird,bird_Recording_4_Recording_4_Segment_23_42,Black-capped Chickadee,borderline,-1.1127,all,0,False,82,86,Black-capped Chickadee,True,0.4,Black-capped Chickadee,True,0.6,Black-capped Chickadee,True,0.6,Black-capped Chickadee,True,0.8,Black-capped Chickadee,True,Black-capped Chickadee,True,https://simile-xai-audio.s3.ap-southeast-2.amazonaws.com/data_v6/bird/audio/bird_Recording_4_Recording_4_Segment_23_42.wav,data/processed/BirdSoundsDataset/audio/bird_Recording_4_Recording_4_Segment_23_42.wav,,,,
bird,bird_Recording_4_Recording_4_Segment_16_327,Black-capped Chickadee,borderline,-1.1034,all,0,False,82,86,Black-capped Chickadee,True,0.0,Black-capped Chickadee,True,0.6,Black-capped Chickadee,True,0.6,Black-capped Chickadee,True,1.0,Black-capped Chickadee,True,Black-capped Chickadee,True,https://simile-xai-audio.s3.ap-southeast-2.amazonaws.com/data_v6/bird/audio/bird_Recording_4_Recording_4_Segment_16_327.wav,data/processed/BirdSoundsDataset/audio/bird_Recording_4_Recording_4_Segment_16_327.wav,,,,
bird,bird_Recording_2_Recording_2_Segment_02_136,Black-capped Chickadee,borderline,-1.0888,all,0,False,81,86,Black-capped Chickadee,True,0.2,Black-capped Chickadee,True,0.2,Black-capped Chickadee,True,0.8,Black-capped Chickadee,True,0.6,Black-capped Chickadee,True,Black-capped Chickadee,True,https://simile-xai-audio.s3.ap-southeast-2.amazonaws.com/data_v6/bird/audio/bird_Recording_2_Recording_2_Segment_02_136.wav,data/processed/BirdSoundsDataset/audio/bird_Recording_2_Recording_2_Segment_02_136.wav,,,,
bird,bird_Recording_4_Recording_4_Segment_25_47,Black-capped Chickadee,borderline,-1.0566,all,0,False,73,86,Black-capped Chickadee,True,0.2,Black-capped Chickadee,True,0.6,Black-capped Chickadee,True,0.4,Black-capped Chickadee,True,0.6,Black-capped Chickadee,True,Black-capped Chickadee,True,https://simile-xai-audio.s3.ap-southeast-2.amazonaws.com/data_v6/bird/audio/bird_Recording_4_Recording_4_Segment_25_47.wav,data/processed/BirdSoundsDataset/audio/bird_Recording_4_Recording_4_Segment_25_47.wav,,,,
bird,bird_Recording_1_Recording_1_Segment_24_90,Black-capped Chickadee,borderline,-1.0435,all,0,False,49,86,Black-capped Chickadee,True,0.2,Black-capped Chickadee,True,0.2,Tufted Titmouse,False,0.2,Tufted Titmouse,False,0.2,Black-capped Chickadee,True,Eastern Towhee,False,https://simile-xai-audio.s3.ap-southeast-2.amazonaws.com/data_v6/bird/audio/bird_Recording_1_Recording_1_Segment_24_90.wav,data/processed/BirdSoundsDataset/audio/bird_Recording_1_Recording_1_Segment_24_90.wav,,,,
bird,bird_Recording_3_Recording_3_Segment_01_252,Black-capped Chickadee,borderline,-1.0392,all,0,False,84,86,Black-capped Chickadee,True,0.4,Black-capped Chickadee,True,0.8,Black-capped Chickadee,True,0.6,Black-capped Chickadee,True,0.8,Black-capped Chickadee,True,Eastern Towhee,False,https://simile-xai-audio.s3.ap-southeast-2.amazonaws.com/data_v6/bird/audio/bird_Recording_3_Recording_3_Segment_01_252.wav,data/processed/BirdSoundsDataset/audio/bird_Recording_3_Recording_3_Segment_01_252.wav,,,,
bird,bird_Recording_4_Recording_4_Segment_15_164,Black-capped Chickadee,borderline,-1.0152,all,0,False,72,86,Black-capped Chickadee,True,0.2,Black-capped Chickadee,True,0.4,Black-capped Chickadee,True,0.4,Black-capped Chickadee,True,0.8,Black-capped Chickadee,True,Eastern Towhee,False,https://simile-xai-audio.s3.ap-southeast-2.amazonaws.com/data_v6/bird/audio/bird_Recording_4_Recording_4_Segment_15_164.wav,data/processed/BirdSoundsDataset/audio/bird_Recording_4_Recording_4_Segment_15_164.wav,,,,
bird,bird_Recording_2_Recording_2_Segment_02_128,Black-capped Chickadee,borderline,-1.0035,all,0,False,69,86,Wood Thrush,False,0.2,Black-capped Chickadee,True,0.2,Black-capped Chickadee,True,0.0,Black-capped Chickadee,True,0.2,Black-capped Chickadee,True,Wood Thrush,False,https://simile-xai-audio.s3.ap-southeast-2.amazonaws.com/data_v6/bird/audio/bird_Recording_2_Recording_2_Segment_02_128.wav,data/processed/BirdSoundsDataset/audio/bird_Recording_2_Recording_2_Segment_02_128.wav,,,,
bird,bird_Recording_1_Recording_1_Segment_25_125,Black-capped Chickadee,borderline,-0.9963,all,0,False,18,86,Black-capped Chickadee,True,0.0,Tufted Titmouse,False,0.4,Black-capped Chickadee,True,0.4,Tufted Titmouse,False,0.2,Black-capped Chickadee,True,Tufted Titmouse,False,https://simile-xai-audio.s3.ap-southeast-2.amazonaws.com/data_v6/bird/audio/bird_Recording_1_Recording_1_Segment_25_125.wav,data/processed/BirdSoundsDataset/audio/bird_Recording_1_Recording_1_Segment_25_125.wav,,,,
bird,bird_Recording_2_Recording_2_Segment_04_212,Black-capped Chickadee,borderline,-0.9851,all,0,False,29,86,Ovenbird,False,0.0,Black-capped Chickadee,True,0.4,Wood Thrush,False,0.0,Wood Thrush,False,0.2,Black-capped Chickadee,True,Wood Thrush,False,https://simile-xai-audio.s3.ap-southeast-2.amazonaws.com/data_v6/bird/audio/bird_Recording_2_Recording_2_Segment_04_212.wav,data/processed/BirdSoundsDataset/audio/bird_Recording_2_Recording_2_Segment_04_212.wav,,,,
bird,bird_Recording_2_Recording_2_Segment_07_321,Black-capped Chickadee,clear,0.7652,all,0,False,82,86,Black-capped Chickadee,True,0.2,Black-capped Chickadee,True,0.6,Black-capped Chickadee,True,0.4,Black-capped Chickadee,True,0.6,Black-capped Chickadee,True,Black-capped Chickadee,True,https://simile-xai-audio.s3.ap-southeast-2.amazonaws.com/data_v6/bird/audio/bird_Recording_2_Recording_2_Segment_07_321.wav,data/processed/BirdSoundsDataset/audio/bird_Recording_2_Recording_2_Segment_07_321.wav,,,,
bird,bird_Recording_2_Recording_2_Segment_08_11,Black-capped Chickadee,clear,0.7543,all,0,False,86,86,Black-capped Chickadee,True,0.2,Black-capped Chickadee,True,0.8,Black-capped Chickadee,True,0.6,Black-capped Chickadee,True,0.8,Black-capped Chickadee,True,Black-capped Chickadee,True,https://simile-xai-audio.s3.ap-southeast-2.amazonaws.com/data_v6/bird/audio/bird_Recording_2_Recording_2_Segment_08_11.wav,data/processed/BirdSoundsDataset/audio/bird_Recording_2_Recording_2_Segment_08_11.wav,,,,
bird,bird_Recording_2_Recording_2_Segment_07_276,Black-capped Chickadee,clear,0.5026,all,0,False,85,86,Black-capped Chickadee,True,0.0,Black-capped Chickadee,True,0.4,Black-capped Chickadee,True,0.4,Black-capped Chickadee,True,0.6,Black-capped Chickadee,True,Black-capped Chickadee,True,https://simile-xai-audio.s3.ap-southeast-2.amazonaws.com/data_v6/bird/audio/bird_Recording_2_Recording_2_Segment_07_276.wav,data/processed/BirdSoundsDataset/audio/bird_Recording_2_Recording_2_Segment_07_276.wav,,,,
bird,bird_Recording_2_Recording_2_Segment_07_327,Black-capped Chickadee,clear,0.3641,all,0,False,83,86,Black-capped Chickadee,True,0.4,Black-capped Chickadee,True,0.4,Black-capped Chickadee,True,0.6,Black-capped Chickadee,True,0.8,Black-capped Chickadee,True,Black-capped Chickadee,True,https://simile-xai-audio.s3.ap-southeast-2.amazonaws.com/data_v6/bird/audio/bird_Recording_2_Recording_2_Segment_07_327.wav,data/processed/BirdSoundsDataset/audio/bird_Recording_2_Recording_2_Segment_07_327.wav,,,,
bird,bird_Recording_2_Recording_2_Segment_07_348,Black-capped Chickadee,clear,0.3304,all,0,False,85,86,Black-capped Chickadee,True,0.2,Black-capped Chickadee,True,0.2,Black-capped Chickadee,True,0.2,Black-capped Chickadee,True,0.6,Black-capped Chickadee,True,Black-capped Chickadee,True,https://simile-xai-audio.s3.ap-southeast-2.amazonaws.com/data_v6/bird/audio/bird_Recording_2_Recording_2_Segment_07_348.wav,data/processed/BirdSoundsDataset/audio/bird_Recording_2_Recording_2_Segment_07_348.wav,,,,
bird,bird_Recording_4_Recording_4_Segment_16_169,Black-capped Chickadee,clear,0.296,all,0,False,83,86,Black-capped Chickadee,True,0.2,Black-capped Chickadee,True,0.8,Black-capped Chickadee,True,0.6,Black-capped Chickadee,True,1.0,Black-capped Chickadee,True,Black-capped Chickadee,True,https://simile-xai-audio.s3.ap-southeast-2.amazonaws.com/data_v6/bird/audio/bird_Recording_4_Recording_4_Segment_16_169.wav,data/processed/BirdSoundsDataset/audio/bird_Recording_4_Recording_4_Segment_16_169.wav,,,,
bird,bird_Recording_2_Recording_2_Segment_07_301,Black-capped Chickadee,clear,0.2768,all,0,False,84,86,Black-capped Chickadee,True,0.0,Black-capped Chickadee,True,0.6,Black-capped Chickadee,True,0.4,Black-capped Chickadee,True,0.6,Black-capped Chickadee,True,Black-capped Chickadee,True,https://simile-xai-audio.s3.ap-southeast-2.amazonaws.com/data_v6/bird/audio/bird_Recording_2_Recording_2_Segment_07_301.wav,data/processed/BirdSoundsDataset/audio/bird_Recording_2_Recording_2_Segment_07_301.wav,,,,
bird,bird_Recording_4_Recording_4_Segment_22_263,Black-capped Chickadee,clear,0.2629,all,0,False,83,86,Black-capped Chickadee,True,0.0,Black-capped Chickadee,True,0.4,Black-capped Chickadee,True,0.4,Black-capped Chickadee,True,0.8,Black-capped Chickadee,True,Black-capped Chickadee,True,https://simile-xai-audio.s3.ap-southeast-2.amazonaws.com/data_v6/bird/audio/bird_Recording_4_Recording_4_Segment_22_263.wav,data/processed/BirdSoundsDataset/audio/bird_Recording_4_Recording_4_Segment_22_263.wav,,,,
bird,bird_Recording_4_Recording_4_Segment_22_270,Black-capped Chickadee,clear,0.196,all,0,False,84,86,Black-capped Chickadee,True,0.4,Black-capped Chickadee,True,0.6,Black-capped Chickadee,True,0.8,Black-capped Chickadee,True,0.8,Black-capped Chickadee,True,Black-capped Chickadee,True,https://simile-xai-audio.s3.ap-southeast-2.amazonaws.com/data_v6/bird/audio/bird_Recording_4_Recording_4_Segment_22_270.wav,data/processed/BirdSoundsDataset/audio/bird_Recording_4_Recording_4_Segment_22_270.wav,,,,
bird,bird_Recording_4_Recording_4_Segment_16_152,Black-capped Chickadee,clear,0.1824,all,0,False,84,86,Black-capped Chickadee,True,0.4,Black-capped Chickadee,True,0.8,Black-capped Chickadee,True,0.6,Black-capped Chickadee,True,0.8,Black-capped Chickadee,True,Black-capped Chickadee,True,https://simile-xai-audio.s3.ap-southeast-2.amazonaws.com/data_v6/bird/audio/bird_Recording_4_Recording_4_Segment_16_152.wav,data/processed/BirdSoundsDataset/audio/bird_Recording_4_Recording_4_Segment_16_152.wav,,,,
bird,bird_Recording_2_Recording_2_Segment_05_121,Black-capped Chickadee,clear,0.1452,all,0,False,64,86,Wood Thrush,False,0.0,Black-capped Chickadee,True,0.6,Black-capped Chickadee,True,0.2,Black-capped Chickadee,True,0.4,Ovenbird,False,Black-capped Chickadee,True,https://simile-xai-audio.s3.ap-southeast-2.amazonaws.com/data_v6/bird/audio/bird_Recording_2_Recording_2_Segment_05_121.wav,data/processed/BirdSoundsDataset/audio/bird_Recording_2_Recording_2_Segment_05_121.wav,,,,
bird,bird_Recording_2_Recording_2_Segment_07_236,Black-capped Chickadee,clear,0.0164,all,0,False,86,86,Black-capped Chickadee,True,0.4,Black-capped Chickadee,True,0.6,Black-capped Chickadee,True,0.8,Black-capped Chickadee,True,1.0,Black-capped Chickadee,True,Black-capped Chickadee,True,https://simile-xai-audio.s3.ap-southeast-2.amazonaws.com/data_v6/bird/audio/bird_Recording_2_Recording_2_Segment_07_236.wav,data/processed/BirdSoundsDataset/audio/bird_Recording_2_Recording_2_Segment_07_236.wav,,,,
bird,bird_Recording_4_Recording_4_Segment_16_197,Black-capped Chickadee,clear,-0.0819,all,0,False,85,86,Black-capped Chickadee,True,0.4,Black-capped Chickadee,True,0.8,Black-capped Chickadee,True,1.0,Black-capped Chickadee,True,0.8,Black-capped Chickadee,True,Black-capped Chickadee,True,https://simile-xai-audio.s3.ap-southeast-2.amazonaws.com/data_v6/bird/audio/bird_Recording_4_Recording_4_Segment_16_197.wav,data/processed/BirdSoundsDataset/audio/bird_Recording_4_Recording_4_Segment_16_197.wav,,,,
bird,bird_Recording_4_Recording_4_Segment_22_156,Black-capped Chickadee,clear,-0.11,all,0,False,84,86,Black-capped Chickadee,True,0.0,Black-capped Chickadee,True,0.4,Black-capped Chickadee,True,0.8,Black-capped Chickadee,True,1.0,Black-capped Chickadee,True,Black-capped Chickadee,True,https://simile-xai-audio.s3.ap-southeast-2.amazonaws.com/data_v6/bird/audio/bird_Recording_4_Recording_4_Segment_22_156.wav,data/processed/BirdSoundsDataset/audio/bird_Recording_4_Recording_4_Segment_22_156.wav,,,,
bird,bird_Recording_4_Recording_4_Segment_16_33,Black-capped Chickadee,clear,-0.1399,all,0,False,86,86,Black-capped Chickadee,True,0.0,Black-capped Chickadee,True,0.8,Black-capped Chickadee,True,0.8,Black-capped Chickadee,True,1.0,Black-capped Chickadee,True,Black-capped Chickadee,True,https://simile-xai-audio.s3.ap-southeast-2.amazonaws.com/data_v6/bird/audio/bird_Recording_4_Recording_4_Segment_16_33.wav,data/processed/BirdSoundsDataset/audio/bird_Recording_4_Recording_4_Segment_16_33.wav,,,,
bird,bird_Recording_2_Recording_2_Segment_11_164,Eastern Towhee,ambiguous,-1.5845,all,0,False,70,86,Eastern Towhee,True,0.2,Eastern Towhee,True,0.0,Eastern Towhee,True,0.0,Eastern Towhee,True,0.0,Eastern Towhee,True,Eastern Towhee,True,https://simile-xai-audio.s3.ap-southeast-2.amazonaws.com/data_v6/bird/audio/bird_Recording_2_Recording_2_Segment_11_164.wav,data/processed/BirdSoundsDataset/audio/bird_Recording_2_Recording_2_Segment_11_164.wav,,,,
bird,bird_Recording_1_Recording_1_Segment_09_111,Eastern Towhee,ambiguous,-1.5791,all,0,False,72,86,Eastern Towhee,True,0.2,Eastern Towhee,True,0.2,Eastern Towhee,True,0.0,Eastern Towhee,True,0.0,Eastern Towhee,True,Eastern Towhee,True,https://simile-xai-audio.s3.ap-southeast-2.amazonaws.com/data_v6/bird/audio/bird_Recording_1_Recording_1_Segment_09_111.wav,data/processed/BirdSoundsDataset/audio/bird_Recording_1_Recording_1_Segment_09_111.wav,,,,
bird,bird_Recording_1_Recording_1_Segment_09_93,Eastern Towhee,ambiguous,-1.5765,all,0,False,2,86,Black-capped Chickadee,False,0.2,Wood Thrush,False,0.0,Ovenbird,False,0.0,Ovenbird,False,0.0,Tufted Titmouse,False,Wood Thrush,False,https://simile-xai-audio.s3.ap-southeast-2.amazonaws.com/data_v6/bird/audio/bird_Recording_1_Recording_1_Segment_09_93.wav,data/processed/BirdSoundsDataset/audio/bird_Recording_1_Recording_1_Segment_09_93.wav,,,,
bird,bird_Recording_1_Recording_1_Segment_05_2,Eastern Towhee,ambiguous,-1.5069,all,0,False,77,86,Eastern Towhee,True,0.0,Eastern Towhee,True,0.0,Eastern Towhee,True,0.0,Eastern Towhee,True,0.2,Eastern Towhee,True,Wood Thrush,False,https://simile-xai-audio.s3.ap-southeast-2.amazonaws.com/data_v6/bird/audio/bird_Recording_1_Recording_1_Segment_05_2.wav,data/processed/BirdSoundsDataset/audio/bird_Recording_1_Recording_1_Segment_05_2.wav,,,,
bird,bird_Recording_1_Recording_1_Segment_15_40,Eastern Towhee,ambiguous,-1.4992,all,0,False,11,86,Tufted Titmouse,False,0.0,Tufted Titmouse,False,0.0,Tufted Titmouse,False,0.0,Tufted Titmouse,False,0.0,Tufted Titmouse,False,Tufted Titmouse,False,https://simile-xai-audio.s3.ap-southeast-2.amazonaws.com/data_v6/bird/audio/bird_Recording_1_Recording_1_Segment_15_40.wav,data/processed/BirdSoundsDataset/audio/bird_Recording_1_Recording_1_Segment_15_40.wav,,,,
bird,bird_Recording_1_Recording_1_Segment_06_189,Eastern Towhee,ambiguous,-1.3372,all,0,False,33,86,Eastern Towhee,True,0.2,Black-capped Chickadee,False,0.0,Tufted Titmouse,False,0.0,Tufted Titmouse,False,0.0,Eastern Towhee,True,Tufted Titmouse,False,https://simile-xai-audio.s3.ap-southeast-2.amazonaws.com/data_v6/bird/audio/bird_Recording_1_Recording_1_Segment_06_189.wav,data/processed/BirdSoundsDataset/audio/bird_Recording_1_Recording_1_Segment_06_189.wav,,,,
bird,bird_Recording_1_Recording_1_Segment_26_52,Eastern Towhee,ambiguous,-1.3178,all,0,False,5,86,Ovenbird,False,0.2,Black-capped Chickadee,False,0.0,Black-capped Chickadee,False,0.2,Black-capped Chickadee,False,0.0,Eastern Towhee,True,Eastern Towhee,True,https://simile-xai-audio.s3.ap-southeast-2.amazonaws.com/data_v6/bird/audio/bird_Recording_1_Recording_1_Segment_26_52.wav,data/processed/BirdSoundsDataset/audio/bird_Recording_1_Recording_1_Segment_26_52.wav,,,,
bird,bird_Recording_1_Recording_1_Segment_26_144,Eastern Towhee,ambiguous,-1.2638,all,0,False,52,86,Eastern Towhee,True,0.0,Tufted Titmouse,False,0.0,Black-capped Chickadee,False,0.0,Tufted Titmouse,False,0.0,Eastern Towhee,True,Eastern Towhee,True,https://simile-xai-audio.s3.ap-southeast-2.amazonaws.com/data_v6/bird/audio/bird_Recording_1_Recording_1_Segment_26_144.wav,data/processed/BirdSoundsDataset/audio/bird_Recording_1_Recording_1_Segment_26_144.wav,,,,
bird,bird_Recording_1_Recording_1_Segment_28_163,Eastern Towhee,ambiguous,-1.2465,all,0,False,12,86,Ovenbird,False,0.0,Eastern Towhee,True,0.0,Ovenbird,False,0.2,Ovenbird,False,0.0,Eastern Towhee,True,Ovenbird,False,https://simile-xai-audio.s3.ap-southeast-2.amazonaws.com/data_v6/bird/audio/bird_Recording_1_Recording_1_Segment_28_163.wav,data/processed/BirdSoundsDataset/audio/bird_Recording_1_Recording_1_Segment_28_163.wav,,,,
bird,bird_Recording_1_Recording_1_Segment_06_173,Eastern Towhee,ambiguous,-1.2423,all,0,False,13,86,Wood Thrush,False,0.2,Tufted Titmouse,False,0.0,Wood Thrush,False,0.0,Tufted Titmouse,False,0.0,Wood Thrush,False,Wood Thrush,False,https://simile-xai-audio.s3.ap-southeast-2.amazonaws.com/data_v6/bird/audio/bird_Recording_1_Recording_1_Segment_06_173.wav,data/processed/BirdSoundsDataset/audio/bird_Recording_1_Recording_1_Segment_06_173.wav,,,,
bird,bird_Recording_1_Recording_1_Segment_14_106,Eastern Towhee,ambiguous,-1.2357,all,0,False,17,86,Ovenbird,False,0.0,Ovenbird,False,0.0,Ovenbird,False,0.0,Ovenbird,False,0.0,Eastern Towhee,True,Ovenbird,False,https://simile-xai-audio.s3.ap-southeast-2.amazonaws.com/data_v6/bird/audio/bird_Recording_1_Recording_1_Segment_14_106.wav,data/processed/BirdSoundsDataset/audio/bird_Recording_1_Recording_1_Segment_14_106.wav,,,,
bird,bird_Recording_1_Recording_1_Segment_25_175,Eastern Towhee,ambiguous,-1.2025,all,0,False,34,86,Eastern Towhee,True,0.0,Eastern Towhee,True,0.0,Black-capped Chickadee,False,0.2,Black-capped Chickadee,False,0.0,Eastern Towhee,True,Black-capped Chickadee,False,https://simile-xai-audio.s3.ap-southeast-2.amazonaws.com/data_v6/bird/audio/bird_Recording_1_Recording_1_Segment_25_175.wav,data/processed/BirdSoundsDataset/audio/bird_Recording_1_Recording_1_Segment_25_175.wav,,,,
bird,bird_Recording_1_Recording_1_Segment_12_80,Eastern Towhee,ambiguous,-1.1731,all,0,False,77,86,Eastern Towhee,True,0.0,Eastern Towhee,True,0.0,Eastern Towhee,True,0.0,Eastern Towhee,True,0.0,Eastern Towhee,True,Wood Thrush,False,https://simile-xai-audio.s3.ap-southeast-2.amazonaws.com/data_v6/bird/audio/bird_Recording_1_Recording_1_Segment_12_80.wav,data/processed/BirdSoundsDataset/audio/bird_Recording_1_Recording_1_Segment_12_80.wav,,,,
bird,bird_Recording_1_Recording_1_Segment_11_35,Eastern Towhee,ambiguous,-1.1662,all,0,False,26,86,Ovenbird,False,0.2,Ovenbird,False,0.0,Ovenbird,False,0.0,Ovenbird,False,0.0,Eastern Towhee,True,Ovenbird,False,https://simile-xai-audio.s3.ap-southeast-2.amazonaws.com/data_v6/bird/audio/bird_Recording_1_Recording_1_Segment_11_35.wav,data/processed/BirdSoundsDataset/audio/bird_Recording_1_Recording_1_Segment_11_35.wav,,,,
bird,bird_Recording_1_Recording_1_Segment_25_96,Eastern Towhee,ambiguous,-1.1537,all,0,False,56,86,Eastern Towhee,True,0.4,Eastern Towhee,True,0.0,Tufted Titmouse,False,0.2,Black-capped Chickadee,False,0.0,Eastern Towhee,True,Eastern Towhee,True,https://simile-xai-audio.s3.ap-southeast-2.amazonaws.com/data_v6/bird/audio/bird_Recording_1_Recording_1_Segment_25_96.wav,data/processed/BirdSoundsDataset/audio/bird_Recording_1_Recording_1_Segment_25_96.wav,,,,
bird,bird_Recording_4_Recording_4_Segment_25_222,Eastern Towhee,borderline,0.1696,all,0,False,84,86,Eastern Towhee,True,0.4,Eastern Towhee,True,0.2,Eastern Towhee,True,0.2,Eastern Towhee,True,0.6,Eastern Towhee,True,Eastern Towhee,True,https://simile-xai-audio.s3.ap-southeast-2.amazonaws.com/data_v6/bird/audio/bird_Recording_4_Recording_4_Segment_25_222.wav,data/processed/BirdSoundsDataset/audio/bird_Recording_4_Recording_4_Segment_25_222.wav,,,,
bird,bird_Recording_1_Recording_1_Segment_21_69,Eastern Towhee,borderline,0.1841,all,0,False,83,86,Eastern Towhee,True,0.2,Eastern Towhee,True,0.4,Eastern Towhee,True,0.6,Eastern Towhee,True,0.4,Eastern Towhee,True,Eastern Towhee,True,https://simile-xai-audio.s3.ap-southeast-2.amazonaws.com/data_v6/bird/audio/bird_Recording_1_Recording_1_Segment_21_69.wav,data/processed/BirdSoundsDataset/audio/bird_Recording_1_Recording_1_Segment_21_69.wav,,,,
bird,bird_Recording_4_Recording_4_Segment_15_156,Eastern Towhee,borderline,0.1867,all,0,False,51,86,Eastern Towhee,True,0.6,Black-capped Chickadee,False,0.8,Eastern Towhee,True,0.4,Black-capped Chickadee,False,0.2,Eastern Towhee,True,Black-capped Chickadee,False,https://simile-xai-audio.s3.ap-southeast-2.amazonaws.com/data_v6/bird/audio/bird_Recording_4_Recording_4_Segment_15_156.wav,data/processed/BirdSoundsDataset/audio/bird_Recording_4_Recording_4_Segment_15_156.wav,,,,
bird,bird_Recording_3_Recording_3_Segment_01_324,Eastern Towhee,borderline,0.1882,all,0,False,56,86,Eastern Towhee,True,0.2,Eastern Towhee,True,0.2,Eastern Towhee,True,0.2,Black-capped Chickadee,False,0.0,Eastern Towhee,True,Eastern Towhee,True,https://simile-xai-audio.s3.ap-southeast-2.amazonaws.com/data_v6/bird/audio/bird_Recording_3_Recording_3_Segment_01_324.wav,data/processed/BirdSoundsDataset/audio/bird_Recording_3_Recording_3_Segment_01_324.wav,,,,
bird,bird_Recording_3_Recording_3_Segment_01_357,Eastern Towhee,borderline,0.1891,all,0,False,32,86,Eastern Towhee,True,0.0,Black-capped Chickadee,False,0.2,Black-capped Chickadee,False,0.0,Black-capped Chickadee,False,0.0,Eastern Towhee,True,Black-capped Chickadee,False,https://simile-xai-audio.s3.ap-southeast-2.amazonaws.com/data_v6/bird/audio/bird_Recording_3_Recording_3_Segment_01_357.wav,data/processed/BirdSoundsDataset/audio/bird_Recording_3_Recording_3_Segment_01_357.wav,,,,
bird,bird_Recording_4_Recording_4_Segment_23_26,Eastern Towhee,borderline,0.1932,all,0,False,84,86,Eastern Towhee,True,0.4,Eastern Towhee,True,0.6,Eastern Towhee,True,0.4,Eastern Towhee,True,0.6,Eastern Towhee,True,Black-capped Chickadee,False,https://simile-xai-audio.s3.ap-southeast-2.amazonaws.com/data_v6/bird/audio/bird_Recording_4_Recording_4_Segment_23_26.wav,data/processed/BirdSoundsDataset/audio/bird_Recording_4_Recording_4_Segment_23_26.wav,,,,
bird,bird_Recording_4_Recording_4_Segment_24_184,Eastern Towhee,borderline,0.1946,all,0,False,77,86,Eastern Towhee,True,0.4,Eastern Towhee,True,0.4,Eastern Towhee,True,0.0,Eastern Towhee,True,0.6,Eastern Towhee,True,Black-capped Chickadee,False,https://simile-xai-audio.s3.ap-southeast-2.amazonaws.com/data_v6/bird/audio/bird_Recording_4_Recording_4_Segment_24_184.wav,data/processed/BirdSoundsDataset/audio/bird_Recording_4_Recording_4_Segment_24_184.wav,,,,
bird,bird_Recording_1_Recording_1_Segment_20_49,Eastern Towhee,borderline,0.2214,all,0,False,83,86,Eastern Towhee,True,0.2,Eastern Towhee,True,0.4,Eastern Towhee,True,0.6,Eastern Towhee,True,0.4,Eastern Towhee,True,Eastern Towhee,True,https://simile-xai-audio.s3.ap-southeast-2.amazonaws.com/data_v6/bird/audio/bird_Recording_1_Recording_1_Segment_20_49.wav,data/processed/BirdSoundsDataset/audio/bird_Recording_1_Recording_1_Segment_20_49.wav,,,,
bird,bird_Recording_1_Recording_1_Segment_14_3,Eastern Towhee,borderline,0.2306,all,0,False,84,86,Eastern Towhee,True,0.4,Eastern Towhee,True,0.4,Eastern Towhee,True,0.8,Eastern Towhee,True,0.6,Eastern Towhee,True,Eastern Towhee,True,https://simile-xai-audio.s3.ap-southeast-2.amazonaws.com/data_v6/bird/audio/bird_Recording_1_Recording_1_Segment_14_3.wav,data/processed/BirdSoundsDataset/audio/bird_Recording_1_Recording_1_Segment_14_3.wav,,,,
bird,bird_Recording_4_Recording_4_Segment_16_56,Eastern Towhee,borderline,0.2333,all,0,False,49,86,Eastern Towhee,True,0.6,Eastern Towhee,True,0.2,Eastern Towhee,True,0.0,Black-capped Chickadee,False,0.0,Eastern Towhee,True,Black-capped Chickadee,False,https://simile-xai-audio.s3.ap-southeast-2.amazonaws.com/data_v6/bird/audio/bird_Recording_4_Recording_4_Segment_16_56.wav,data/processed/BirdSoundsDataset/audio/bird_Recording_4_Recording_4_Segment_16_56.wav,,,,
bird,bird_Recording_3_Recording_3_Segment_01_245,Eastern Towhee,borderline,0.2509,all,0,False,81,86,Eastern Towhee,True,0.0,Eastern Towhee,True,0.2,Eastern Towhee,True,0.2,Eastern Towhee,True,0.4,Eastern Towhee,True,Eastern Towhee,True,https://simile-xai-audio.s3.ap-southeast-2.amazonaws.com/data_v6/bird/audio/bird_Recording_3_Recording_3_Segment_01_245.wav,data/processed/BirdSoundsDataset/audio/bird_Recording_3_Recording_3_Segment_01_245.wav,,,,
bird,bird_Recording_2_Recording_2_Segment_10_60,Eastern Towhee,borderline,0.2522,all,0,False,84,86,Eastern Towhee,True,0.2,Eastern Towhee,True,0.4,Eastern Towhee,True,0.2,Eastern Towhee,True,0.2,Eastern Towhee,True,Eastern Towhee,True,https://simile-xai-audio.s3.ap-southeast-2.amazonaws.com/data_v6/bird/audio/bird_Recording_2_Recording_2_Segment_10_60.wav,data/processed/BirdSoundsDataset/audio/bird_Recording_2_Recording_2_Segment_10_60.wav,,,,
bird,bird_Recording_4_Recording_4_Segment_16_54,Eastern Towhee,borderline,0.253,all,0,False,24,86,Black-capped Chickadee,False,0.2,Black-capped Chickadee,False,0.2,Black-capped Chickadee,False,0.0,Black-capped Chickadee,False,0.0,Eastern Towhee,True,Black-capped Chickadee,False,https://simile-xai-audio.s3.ap-southeast-2.amazonaws.com/data_v6/bird/audio/bird_Recording_4_Recording_4_Segment_16_54.wav,data/processed/BirdSoundsDataset/audio/bird_Recording_4_Recording_4_Segment_16_54.wav,,,,
bird,bird_Recording_4_Recording_4_Segment_12_28,Eastern Towhee,borderline,0.2558,all,0,False,82,86,Eastern Towhee,True,0.8,Eastern Towhee,True,0.4,Eastern Towhee,True,0.4,Eastern Towhee,True,0.6,Eastern Towhee,True,Eastern Towhee,True,https://simile-xai-audio.s3.ap-southeast-2.amazonaws.com/data_v6/bird/audio/bird_Recording_4_Recording_4_Segment_12_28.wav,data/processed/BirdSoundsDataset/audio/bird_Recording_4_Recording_4_Segment_12_28.wav,,,,
bird,bird_Recording_2_Recording_2_Segment_12_259,Eastern Towhee,borderline,0.2579,all,0,False,80,86,Eastern Towhee,True,0.0,Eastern Towhee,True,0.2,Eastern Towhee,True,0.2,Eastern Towhee,True,0.0,Eastern Towhee,True,Ovenbird,False,https://simile-xai-audio.s3.ap-southeast-2.amazonaws.com/data_v6/bird/audio/bird_Recording_2_Recording_2_Segment_12_259.wav,data/processed/BirdSoundsDataset/audio/bird_Recording_2_Recording_2_Segment_12_259.wav,,,,
bird,bird_Recording_4_Recording_4_Segment_02_125,Eastern Towhee,clear,1.7545,all,0,False,85,86,Eastern Towhee,True,0.4,Wood Thrush,False,0.4,Eastern Towhee,True,0.8,Eastern Towhee,True,0.0,Eastern Towhee,True,Eastern Towhee,True,https://simile-xai-audio.s3.ap-southeast-2.amazonaws.com/data_v6/bird/audio/bird_Recording_4_Recording_4_Segment_02_125.wav,data/processed/BirdSoundsDataset/audio/bird_Recording_4_Recording_4_Segment_02_125.wav,,,,
bird,bird_Recording_4_Recording_4_Segment_04_196,Eastern Towhee,clear,1.7294,all,0,False,85,86,Eastern Towhee,True,0.6,Eastern Towhee,True,1.0,Eastern Towhee,True,0.8,Eastern Towhee,True,0.6,Eastern Towhee,True,Eastern Towhee,True,https://simile-xai-audio.s3.ap-southeast-2.amazonaws.com/data_v6/bird/audio/bird_Recording_4_Recording_4_Segment_04_196.wav,data/processed/BirdSoundsDataset/audio/bird_Recording_4_Recording_4_Segment_04_196.wav,,,,
bird,bird_Recording_4_Recording_4_Segment_04_225,Eastern Towhee,clear,1.7272,all,0,False,86,86,Eastern Towhee,True,0.4,Eastern Towhee,True,0.8,Eastern Towhee,True,1.0,Eastern Towhee,True,0.8,Eastern Towhee,True,Eastern Towhee,True,https://simile-xai-audio.s3.ap-southeast-2.amazonaws.com/data_v6/bird/audio/bird_Recording_4_Recording_4_Segment_04_225.wav,data/processed/BirdSoundsDataset/audio/bird_Recording_4_Recording_4_Segment_04_225.wav,,,,
bird,bird_Recording_4_Recording_4_Segment_04_232,Eastern Towhee,clear,1.7167,all,0,False,86,86,Eastern Towhee,True,0.4,Eastern Towhee,True,1.0,Eastern Towhee,True,0.8,Eastern Towhee,True,0.6,Eastern Towhee,True,Eastern Towhee,True,https://simile-xai-audio.s3.ap-southeast-2.amazonaws.com/data_v6/bird/audio/bird_Recording_4_Recording_4_Segment_04_232.wav,data/processed/BirdSoundsDataset/audio/bird_Recording_4_Recording_4_Segment_04_232.wav,,,,
bird,bird_Recording_4_Recording_4_Segment_04_0,Eastern Towhee,clear,1.6908,all,0,False,84,86,Eastern Towhee,True,0.6,Eastern Towhee,True,0.4,Eastern Towhee,True,0.6,Eastern Towhee,True,0.6,Eastern Towhee,True,Eastern Towhee,True,https://simile-xai-audio.s3.ap-southeast-2.amazonaws.com/data_v6/bird/audio/bird_Recording_4_Recording_4_Segment_04_0.wav,data/processed/BirdSoundsDataset/audio/bird_Recording_4_Recording_4_Segment_04_0.wav,,,,
bird,bird_Recording_4_Recording_4_Segment_03_114,Eastern Towhee,clear,1.6781,all,0,False,86,86,Eastern Towhee,True,0.6,Eastern Towhee,True,0.6,Eastern Towhee,True,1.0,Eastern Towhee,True,0.4,Eastern Towhee,True,Eastern Towhee,True,https://simile-xai-audio.s3.ap-southeast-2.amazonaws.com/data_v6/bird/audio/bird_Recording_4_Recording_4_Segment_03_114.wav,data/processed/BirdSoundsDataset/audio/bird_Recording_4_Recording_4_Segment_03_114.wav,,,,
bird,bird_Recording_4_Recording_4_Segment_03_159,Eastern Towhee,clear,1.6721,all,0,False,85,86,Eastern Towhee,True,0.6,Eastern Towhee,True,0.8,Eastern Towhee,True,1.0,Eastern Towhee,True,0.8,Eastern Towhee,True,Eastern Towhee,True,https://simile-xai-audio.s3.ap-southeast-2.amazonaws.com/data_v6/bird/audio/bird_Recording_4_Recording_4_Segment_03_159.wav,data/processed/BirdSoundsDataset/audio/bird_Recording_4_Recording_4_Segment_03_159.wav,,,,
bird,bird_Recording_4_Recording_4_Segment_04_210,Eastern Towhee,clear,1.6706,all,0,False,86,86,Eastern Towhee,True,0.4,Eastern Towhee,True,1.0,Eastern Towhee,True,1.0,Eastern Towhee,True,0.4,Eastern Towhee,True,Eastern Towhee,True,https://simile-xai-audio.s3.ap-southeast-2.amazonaws.com/data_v6/bird/audio/bird_Recording_4_Recording_4_Segment_04_210.wav,data/processed/BirdSoundsDataset/audio/bird_Recording_4_Recording_4_Segment_04_210.wav,,,,
bird,bird_Recording_4_Recording_4_Segment_09_140,Eastern Towhee,clear,1.6696,all,0,False,79,86,Eastern Towhee,True,0.6,Eastern Towhee,True,0.0,Eastern Towhee,True,0.2,Eastern Towhee,True,0.0,Eastern Towhee,True,Eastern Towhee,True,https://simile-xai-audio.s3.ap-southeast-2.amazonaws.com/data_v6/bird/audio/bird_Recording_4_Recording_4_Segment_09_140.wav,data/processed/BirdSoundsDataset/audio/bird_Recording_4_Recording_4_Segment_09_140.wav,,,,
bird,bird_Recording_4_Recording_4_Segment_09_139,Eastern Towhee,clear,1.6593,all,0,False,82,86,Eastern Towhee,True,0.4,Eastern Towhee,True,0.0,Eastern Towhee,True,0.6,Eastern Towhee,True,0.0,Eastern Towhee,True,Eastern Towhee,True,https://simile-xai-audio.s3.ap-southeast-2.amazonaws.com/data_v6/bird/audio/bird_Recording_4_Recording_4_Segment_09_139.wav,data/processed/BirdSoundsDataset/audio/bird_Recording_4_Recording_4_Segment_09_139.wav,,,,
bird,bird_Recording_4_Recording_4_Segment_03_180,Eastern Towhee,clear,1.6496,all,0,False,85,86,Eastern Towhee,True,0.6,Eastern Towhee,True,0.8,Eastern Towhee,True,0.4,Eastern Towhee,True,0.8,Eastern Towhee,True,Eastern Towhee,True,https://simile-xai-audio.s3.ap-southeast-2.amazonaws.com/data_v6/bird/audio/bird_Recording_4_Recording_4_Segment_03_180.wav,data/processed/BirdSoundsDataset/audio/bird_Recording_4_Recording_4_Segment_03_180.wav,,,,
bird,bird_Recording_1_Recording_1_Segment_36_12,Eastern Towhee,clear,1.6481,all,0,False,84,86,Eastern Towhee,True,0.4,Eastern Towhee,True,0.4,Eastern Towhee,True,0.6,Eastern Towhee,True,0.4,Eastern Towhee,True,Eastern Towhee,True,https://simile-xai-audio.s3.ap-southeast-2.amazonaws.com/data_v6/bird/audio/bird_Recording_1_Recording_1_Segment_36_12.wav,data/processed/BirdSoundsDataset/audio/bird_Recording_1_Recording_1_Segment_36_12.wav,,,,
bird,bird_Recording_4_Recording_4_Segment_05_67,Eastern Towhee,clear,1.6462,all,0,False,86,86,Eastern Towhee,True,0.6,Eastern Towhee,True,0.8,Eastern Towhee,True,1.0,Eastern Towhee,True,0.6,Eastern Towhee,True,Eastern Towhee,True,https://simile-xai-audio.s3.ap-southeast-2.amazonaws.com/data_v6/bird/audio/bird_Recording_4_Recording_4_Segment_05_67.wav,data/processed/BirdSoundsDataset/audio/bird_Recording_4_Recording_4_Segment_05_67.wav,,,,
bird,bird_Recording_4_Recording_4_Segment_20_40,Eastern Towhee,clear,1.6459,all,0,False,84,86,Eastern Towhee,True,0.4,Eastern Towhee,True,0.6,Eastern Towhee,True,0.6,Eastern Towhee,True,0.8,Eastern Towhee,True,Eastern Towhee,True,https://simile-xai-audio.s3.ap-southeast-2.amazonaws.com/data_v6/bird/audio/bird_Recording_4_Recording_4_Segment_20_40.wav,data/processed/BirdSoundsDataset/audio/bird_Recording_4_Recording_4_Segment_20_40.wav,,,,
bird,bird_Recording_4_Recording_4_Segment_09_31,Eastern Towhee,clear,1.6315,all,0,False,86,86,Eastern Towhee,True,0.8,Eastern Towhee,True,1.0,Eastern Towhee,True,0.8,Eastern Towhee,True,0.6,Eastern Towhee,True,Eastern Towhee,True,https://simile-xai-audio.s3.ap-southeast-2.amazonaws.com/data_v6/bird/audio/bird_Recording_4_Recording_4_Segment_09_31.wav,data/processed/BirdSoundsDataset/audio/bird_Recording_4_Recording_4_Segment_09_31.wav,,,,
bird,bird_Recording_2_Recording_2_Segment_04_104,Ovenbird,ambiguous,-1.8848,all,0,False,28,86,Ovenbird,True,0.8,Wood Thrush,False,0.0,Ovenbird,True,0.6,Wood Thrush,False,0.4,Black-capped Chickadee,False,Wood Thrush,False,https://simile-xai-audio.s3.ap-southeast-2.amazonaws.com/data_v6/bird/audio/bird_Recording_2_Recording_2_Segment_04_104.wav,data/processed/BirdSoundsDataset/audio/bird_Recording_2_Recording_2_Segment_04_104.wav,,,,
bird,bird_Recording_2_Recording_2_Segment_03_108,Ovenbird,ambiguous,-1.8382,all,0,False,81,86,Ovenbird,True,0.8,Ovenbird,True,0.0,Ovenbird,True,0.8,Ovenbird,True,0.8,Ovenbird,True,Ovenbird,True,https://simile-xai-audio.s3.ap-southeast-2.amazonaws.com/data_v6/bird/audio/bird_Recording_2_Recording_2_Segment_03_108.wav,data/processed/BirdSoundsDataset/audio/bird_Recording_2_Recording_2_Segment_03_108.wav,,,,
bird,bird_Recording_2_Recording_2_Segment_04_224,Ovenbird,ambiguous,-1.7136,all,0,False,2,86,Black-capped Chickadee,False,0.4,Black-capped Chickadee,False,0.0,Black-capped Chickadee,False,0.4,Black-capped Chickadee,False,0.2,Black-capped Chickadee,False,Black-capped Chickadee,False,https://simile-xai-audio.s3.ap-southeast-2.amazonaws.com/data_v6/bird/audio/bird_Recording_2_Recording_2_Segment_04_224.wav,data/processed/BirdSoundsDataset/audio/bird_Recording_2_Recording_2_Segment_04_224.wav,,,,
bird,bird_Recording_2_Recording_2_Segment_12_57,Ovenbird,ambiguous,-1.4548,all,0,False,59,86,Ovenbird,True,0.6,Ovenbird,True,0.0,Ovenbird,True,0.6,Ovenbird,True,0.4,Black-capped Chickadee,False,Wood Thrush,False,https://simile-xai-audio.s3.ap-southeast-2.amazonaws.com/data_v6/bird/audio/bird_Recording_2_Recording_2_Segment_12_57.wav,data/processed/BirdSoundsDataset/audio/bird_Recording_2_Recording_2_Segment_12_57.wav,,,,
bird,bird_Recording_1_Recording_1_Segment_24_98,Ovenbird,ambiguous,-1.4228,all,0,False,26,86,Ovenbird,True,0.8,Black-capped Chickadee,False,0.2,Black-capped Chickadee,False,1.0,Black-capped Chickadee,False,0.8,Ovenbird,True,Ovenbird,True,https://simile-xai-audio.s3.ap-southeast-2.amazonaws.com/data_v6/bird/audio/bird_Recording_1_Recording_1_Segment_24_98.wav,data/processed/BirdSoundsDataset/audio/bird_Recording_1_Recording_1_Segment_24_98.wav,,,,
bird,bird_Recording_1_Recording_1_Segment_35_42,Ovenbird,ambiguous,-0.9421,all,0,False,84,86,Ovenbird,True,0.6,Ovenbird,True,0.8,Ovenbird,True,0.8,Ovenbird,True,0.8,Ovenbird,True,Ovenbird,True,https://simile-xai-audio.s3.ap-southeast-2.amazonaws.com/data_v6/bird/audio/bird_Recording_1_Recording_1_Segment_35_42.wav,data/processed/BirdSoundsDataset/audio/bird_Recording_1_Recording_1_Segment_35_42.wav,,,,
bird,bird_Recording_2_Recording_2_Segment_08_139,Ovenbird,ambiguous,-0.9237,all,0,False,5,86,Eastern Towhee,False,0.8,Eastern Towhee,False,0.0,Eastern Towhee,False,0.6,Eastern Towhee,False,0.4,Eastern Towhee,False,Ovenbird,True,https://simile-xai-audio.s3.ap-southeast-2.amazonaws.com/data_v6/bird/audio/bird_Recording_2_Recording_2_Segment_08_139.wav,data/processed/BirdSoundsDataset/audio/bird_Recording_2_Recording_2_Segment_08_139.wav,,,,
bird,bird_Recording_1_Recording_1_Segment_14_20,Ovenbird,ambiguous,-0.8891,all,0,False,75,86,Ovenbird,True,0.4,Ovenbird,True,0.6,Ovenbird,True,0.6,Ovenbird,True,0.6,Ovenbird,True,Ovenbird,True,https://simile-xai-audio.s3.ap-southeast-2.amazonaws.com/data_v6/bird/audio/bird_Recording_1_Recording_1_Segment_14_20.wav,data/processed/BirdSoundsDataset/audio/bird_Recording_1_Recording_1_Segment_14_20.wav,,,,
bird,bird_Recording_2_Recording_2_Segment_08_202,Ovenbird,ambiguous,-0.8521,all,0,False,86,86,Ovenbird,True,0.6,Ovenbird,True,0.4,Ovenbird,True,0.8,Ovenbird,True,0.8,Ovenbird,True,Ovenbird,True,https://simile-xai-audio.s3.ap-southeast-2.amazonaws.com/data_v6/bird/audio/bird_Recording_2_Recording_2_Segment_08_202.wav,data/processed/BirdSoundsDataset/audio/bird_Recording_2_Recording_2_Segment_08_202.wav,,,,
bird,bird_Recording_1_Recording_1_Segment_27_8,Ovenbird,ambiguous,-0.7918,all,0,False,86,86,Ovenbird,True,0.4,Ovenbird,True,0.6,Ovenbird,True,1.0,Ovenbird,True,0.8,Ovenbird,True,Ovenbird,True,https://simile-xai-audio.s3.ap-southeast-2.amazonaws.com/data_v6/bird/audio/bird_Recording_1_Recording_1_Segment_27_8.wav,data/processed/BirdSoundsDataset/audio/bird_Recording_1_Recording_1_Segment_27_8.wav,,,,
bird,bird_Recording_1_Recording_1_Segment_14_145,Ovenbird,ambiguous,-0.7309,all,0,False,86,86,Ovenbird,True,0.8,Ovenbird,True,0.6,Ovenbird,True,1.0,Ovenbird,True,0.6,Ovenbird,True,Ovenbird,True,https://simile-xai-audio.s3.ap-southeast-2.amazonaws.com/data_v6/bird/audio/bird_Recording_1_Recording_1_Segment_14_145.wav,data/processed/BirdSoundsDataset/audio/bird_Recording_1_Recording_1_Segment_14_145.wav,,,,
bird,bird_Recording_1_Recording_1_Segment_23_116,Ovenbird,ambiguous,-0.7295,all,0,False,85,86,Ovenbird,True,0.4,Ovenbird,True,0.8,Ovenbird,True,0.8,Ovenbird,True,0.8,Ovenbird,True,Ovenbird,True,https://simile-xai-audio.s3.ap-southeast-2.amazonaws.com/data_v6/bird/audio/bird_Recording_1_Recording_1_Segment_23_116.wav,data/processed/BirdSoundsDataset/audio/bird_Recording_1_Recording_1_Segment_23_116.wav,,,,
bird,bird_Recording_1_Recording_1_Segment_08_187,Ovenbird,ambiguous,-0.7281,all,0,False,84,86,Ovenbird,True,0.4,Ovenbird,True,0.6,Ovenbird,True,1.0,Ovenbird,True,0.6,Ovenbird,True,Ovenbird,True,https://simile-xai-audio.s3.ap-southeast-2.amazonaws.com/data_v6/bird/audio/bird_Recording_1_Recording_1_Segment_08_187.wav,data/processed/BirdSoundsDataset/audio/bird_Recording_1_Recording_1_Segment_08_187.wav,,,,
bird,bird_Recording_1_Recording_1_Segment_24_73,Ovenbird,ambiguous,-0.7145,all,0,False,86,86,Ovenbird,True,0.6,Ovenbird,True,0.6,Ovenbird,True,1.0,Ovenbird,True,0.6,Ovenbird,True,Ovenbird,True,https://simile-xai-audio.s3.ap-southeast-2.amazonaws.com/data_v6/bird/audio/bird_Recording_1_Recording_1_Segment_24_73.wav,data/processed/BirdSoundsDataset/audio/bird_Recording_1_Recording_1_Segment_24_73.wav,,,,
bird,bird_Recording_1_Recording_1_Segment_13_105,Ovenbird,borderline,-0.6903,all,0,False,86,86,Ovenbird,True,0.4,Ovenbird,True,0.8,Ovenbird,True,0.8,Ovenbird,True,0.8,Ovenbird,True,Ovenbird,True,https://simile-xai-audio.s3.ap-southeast-2.amazonaws.com/data_v6/bird/audio/bird_Recording_1_Recording_1_Segment_13_105.wav,data/processed/BirdSoundsDataset/audio/bird_Recording_1_Recording_1_Segment_13_105.wav,,,,
bird,bird_Recording_1_Recording_1_Segment_26_135,Ovenbird,borderline,-0.6697,all,0,False,86,86,Ovenbird,True,0.4,Ovenbird,True,0.8,Ovenbird,True,1.0,Ovenbird,True,0.8,Ovenbird,True,Ovenbird,True,https://simile-xai-audio.s3.ap-southeast-2.amazonaws.com/data_v6/bird/audio/bird_Recording_1_Recording_1_Segment_26_135.wav,data/processed/BirdSoundsDataset/audio/bird_Recording_1_Recording_1_Segment_26_135.wav,,,,
bird,bird_Recording_1_Recording_1_Segment_13_84,Ovenbird,borderline,-0.5794,all,0,False,86,86,Ovenbird,True,0.6,Ovenbird,True,0.6,Ovenbird,True,0.8,Ovenbird,True,0.6,Ovenbird,True,Ovenbird,True,https://simile-xai-audio.s3.ap-southeast-2.amazonaws.com/data_v6/bird/audio/bird_Recording_1_Recording_1_Segment_13_84.wav,data/processed/BirdSoundsDataset/audio/bird_Recording_1_Recording_1_Segment_13_84.wav,,,,
bird,bird_Recording_1_Recording_1_Segment_10_177,Ovenbird,borderline,-0.4872,all,0,False,82,86,Ovenbird,True,0.2,Ovenbird,True,0.4,Ovenbird,True,0.8,Ovenbird,True,0.6,Ovenbird,True,Wood Thrush,False,https://simile-xai-audio.s3.ap-southeast-2.amazonaws.com/data_v6/bird/audio/bird_Recording_1_Recording_1_Segment_10_177.wav,data/processed/BirdSoundsDataset/audio/bird_Recording_1_Recording_1_Segment_10_177.wav,,,,
bird,bird_Recording_1_Recording_1_Segment_24_4,Ovenbird,borderline,-0.4821,all,0,False,86,86,Ovenbird,True,0.4,Ovenbird,True,0.6,Ovenbird,True,1.0,Ovenbird,True,0.8,Ovenbird,True,Ovenbird,True,https://simile-xai-audio.s3.ap-southeast-2.amazonaws.com/data_v6/bird/audio/bird_Recording_1_Recording_1_Segment_24_4.wav,data/processed/BirdSoundsDataset/audio/bird_Recording_1_Recording_1_Segment_24_4.wav,,,,
bird,bird_Recording_1_Recording_1_Segment_15_182,Ovenbird,borderline,-0.4646,all,0,False,80,86,Ovenbird,True,0.6,Ovenbird,True,0.6,Ovenbird,True,1.0,Ovenbird,True,0.8,Wood Thrush,False,Ovenbird,True,https://simile-xai-audio.s3.ap-southeast-2.amazonaws.com/data_v6/bird/audio/bird_Recording_1_Recording_1_Segment_15_182.wav,data/processed/BirdSoundsDataset/audio/bird_Recording_1_Recording_1_Segment_15_182.wav,,,,
bird,bird_Recording_1_Recording_1_Segment_29_164,Ovenbird,borderline,-0.4221,all,0,False,86,86,Ovenbird,True,0.2,Ovenbird,True,1.0,Ovenbird,True,1.0,Ovenbird,True,0.8,Ovenbird,True,Ovenbird,True,https://simile-xai-audio.s3.ap-southeast-2.amazonaws.com/data_v6/bird/audio/bird_Recording_1_Recording_1_Segment_29_164.wav,data/processed/BirdSoundsDataset/audio/bird_Recording_1_Recording_1_Segment_29_164.wav,,,,
bird,bird_Recording_1_Recording_1_Segment_30_43,Ovenbird,borderline,-0.4175,all,0,False,86,86,Ovenbird,True,0.4,Ovenbird,True,1.0,Ovenbird,True,1.0,Ovenbird,True,0.8,Ovenbird,True,Ovenbird,True,https://simile-xai-audio.s3.ap-southeast-2.amazonaws.com/data_v6/bird/audio/bird_Recording_1_Recording_1_Segment_30_43.wav,data/processed/BirdSoundsDataset/audio/bird_Recording_1_Recording_1_Segment_30_43.wav,,,,
bird,bird_Recording_1_Recording_1_Segment_22_99,Ovenbird,borderline,-0.376,all,0,False,86,86,Ovenbird,True,0.4,Ovenbird,True,0.8,Ovenbird,True,1.0,Ovenbird,True,0.8,Ovenbird,True,Ovenbird,True,https://simile-xai-audio.s3.ap-southeast-2.amazonaws.com/data_v6/bird/audio/bird_Recording_1_Recording_1_Segment_22_99.wav,data/processed/BirdSoundsDataset/audio/bird_Recording_1_Recording_1_Segment_22_99.wav,,,,
bird,bird_Recording_1_Recording_1_Segment_32_68,Ovenbird,borderline,-0.3204,all,0,False,86,86,Ovenbird,True,0.6,Ovenbird,True,0.8,Ovenbird,True,1.0,Ovenbird,True,0.6,Ovenbird,True,Ovenbird,True,https://simile-xai-audio.s3.ap-southeast-2.amazonaws.com/data_v6/bird/audio/bird_Recording_1_Recording_1_Segment_32_68.wav,data/processed/BirdSoundsDataset/audio/bird_Recording_1_Recording_1_Segment_32_68.wav,,,,
bird,bird_Recording_1_Recording_1_Segment_11_119,Ovenbird,borderline,-0.3073,all,0,False,79,86,Ovenbird,True,0.4,Ovenbird,True,0.6,Wood Thrush,False,0.6,Ovenbird,True,0.6,Ovenbird,True,Ovenbird,True,https://simile-xai-audio.s3.ap-southeast-2.amazonaws.com/data_v6/bird/audio/bird_Recording_1_Recording_1_Segment_11_119.wav,data/processed/BirdSoundsDataset/audio/bird_Recording_1_Recording_1_Segment_11_119.wav,,,,
bird,bird_Recording_1_Recording_1_Segment_29_52,Ovenbird,borderline,-0.2262,all,0,False,86,86,Ovenbird,True,0.6,Ovenbird,True,0.8,Ovenbird,True,1.0,Ovenbird,True,1.0,Ovenbird,True,Ovenbird,True,https://simile-xai-audio.s3.ap-southeast-2.amazonaws.com/data_v6/bird/audio/bird_Recording_1_Recording_1_Segment_29_52.wav,data/processed/BirdSoundsDataset/audio/bird_Recording_1_Recording_1_Segment_29_52.wav,,,,
bird,bird_Recording_1_Recording_1_Segment_10_156,Ovenbird,borderline,-0.1247,all,0,False,86,86,Ovenbird,True,0.2,Ovenbird,True,0.6,Ovenbird,True,0.8,Ovenbird,True,0.6,Ovenbird,True,Ovenbird,True,https://simile-xai-audio.s3.ap-southeast-2.amazonaws.com/data_v6/bird/audio/bird_Recording_1_Recording_1_Segment_10_156.wav,data/processed/BirdSoundsDataset/audio/bird_Recording_1_Recording_1_Segment_10_156.wav,,,,
bird,bird_Recording_1_Recording_1_Segment_31_136,Ovenbird,clear,0.3783,all,0,False,86,86,Ovenbird,True,0.6,Ovenbird,True,0.8,Ovenbird,True,0.8,Ovenbird,True,0.6,Ovenbird,True,Ovenbird,True,https://simile-xai-audio.s3.ap-southeast-2.amazonaws.com/data_v6/bird/audio/bird_Recording_1_Recording_1_Segment_31_136.wav,data/processed/BirdSoundsDataset/audio/bird_Recording_1_Recording_1_Segment_31_136.wav,,,,
bird,bird_Recording_1_Recording_1_Segment_18_168,Ovenbird,clear,0.3241,all,0,False,86,86,Ovenbird,True,0.4,Ovenbird,True,0.8,Ovenbird,True,1.0,Ovenbird,True,0.8,Ovenbird,True,Ovenbird,True,https://simile-xai-audio.s3.ap-southeast-2.amazonaws.com/data_v6/bird/audio/bird_Recording_1_Recording_1_Segment_18_168.wav,data/processed/BirdSoundsDataset/audio/bird_Recording_1_Recording_1_Segment_18_168.wav,,,,
bird,bird_Recording_1_Recording_1_Segment_18_49,Ovenbird,clear,0.2711,all,0,False,86,86,Ovenbird,True,0.6,Ovenbird,True,0.8,Ovenbird,True,0.8,Ovenbird,True,0.8,Ovenbird,True,Ovenbird,True,https://simile-xai-audio.s3.ap-southeast-2.amazonaws.com/data_v6/bird/audio/bird_Recording_1_Recording_1_Segment_18_49.wav,data/processed/BirdSoundsDataset/audio/bird_Recording_1_Recording_1_Segment_18_49.wav,,,,
bird,bird_Recording_1_Recording_1_Segment_16_85,Ovenbird,clear,0.2403,all,0,False,86,86,Ovenbird,True,0.6,Ovenbird,True,0.8,Ovenbird,True,0.8,Ovenbird,True,0.8,Ovenbird,True,Ovenbird,True,https://simile-xai-audio.s3.ap-southeast-2.amazonaws.com/data_v6/bird/audio/bird_Recording_1_Recording_1_Segment_16_85.wav,data/processed/BirdSoundsDataset/audio/bird_Recording_1_Recording_1_Segment_16_85.wav,,,,
bird,bird_Recording_1_Recording_1_Segment_16_158,Ovenbird,clear,0.1716,all,0,False,86,86,Ovenbird,True,0.4,Ovenbird,True,0.8,Ovenbird,True,1.0,Ovenbird,True,0.8,Ovenbird,True,Ovenbird,True,https://simile-xai-audio.s3.ap-southeast-2.amazonaws.com/data_v6/bird/audio/bird_Recording_1_Recording_1_Segment_16_158.wav,data/processed/BirdSoundsDataset/audio/bird_Recording_1_Recording_1_Segment_16_158.wav,,,,
bird,bird_Recording_1_Recording_1_Segment_20_32,Ovenbird,clear,0.1502,all,0,False,86,86,Ovenbird,True,0.6,Ovenbird,True,0.8,Ovenbird,True,1.0,Ovenbird,True,0.6,Ovenbird,True,Ovenbird,True,https://simile-xai-audio.s3.ap-southeast-2.amazonaws.com/data_v6/bird/audio/bird_Recording_1_Recording_1_Segment_20_32.wav,data/processed/BirdSoundsDataset/audio/bird_Recording_1_Recording_1_Segment_20_32.wav,,,,
bird,bird_Recording_1_Recording_1_Segment_18_189,Ovenbird,clear,0.06,all,0,False,86,86,Ovenbird,True,0.6,Ovenbird,True,0.8,Ovenbird,True,1.0,Ovenbird,True,0.8,Ovenbird,True,Ovenbird,True,https://simile-xai-audio.s3.ap-southeast-2.amazonaws.com/data_v6/bird/audio/bird_Recording_1_Recording_1_Segment_18_189.wav,data/processed/BirdSoundsDataset/audio/bird_Recording_1_Recording_1_Segment_18_189.wav,,,,
bird,bird_Recording_1_Recording_1_Segment_19_28,Ovenbird,clear,0.0355,all,0,False,86,86,Ovenbird,True,0.6,Ovenbird,True,0.8,Ovenbird,True,1.0,Ovenbird,True,0.8,Ovenbird,True,Ovenbird,True,https://simile-xai-audio.s3.ap-southeast-2.amazonaws.com/data_v6/bird/audio/bird_Recording_1_Recording_1_Segment_19_28.wav,data/processed/BirdSoundsDataset/audio/bird_Recording_1_Recording_1_Segment_19_28.wav,,,,
bird,bird_Recording_1_Recording_1_Segment_30_141,Ovenbird,clear,0.0129,all,0,False,86,86,Ovenbird,True,0.4,Ovenbird,True,0.8,Ovenbird,True,0.8,Ovenbird,True,0.6,Ovenbird,True,Ovenbird,True,https://simile-xai-audio.s3.ap-southeast-2.amazonaws.com/data_v6/bird/audio/bird_Recording_1_Recording_1_Segment_30_141.wav,data/processed/BirdSoundsDataset/audio/bird_Recording_1_Recording_1_Segment_30_141.wav,,,,
bird,bird_Recording_1_Recording_1_Segment_13_48,Ovenbird,clear,-0.0014,all,0,False,86,86,Ovenbird,True,0.6,Ovenbird,True,0.8,Ovenbird,True,1.0,Ovenbird,True,0.8,Ovenbird,True,Ovenbird,True,https://simile-xai-audio.s3.ap-southeast-2.amazonaws.com/data_v6/bird/audio/bird_Recording_1_Recording_1_Segment_13_48.wav,data/processed/BirdSoundsDataset/audio/bird_Recording_1_Recording_1_Segment_13_48.wav,,,,
bird,bird_Recording_1_Recording_1_Segment_22_56,Ovenbird,clear,-0.0291,all,0,False,86,86,Ovenbird,True,0.2,Ovenbird,True,0.8,Ovenbird,True,1.0,Ovenbird,True,0.8,Ovenbird,True,Ovenbird,True,https://simile-xai-audio.s3.ap-southeast-2.amazonaws.com/data_v6/bird/audio/bird_Recording_1_Recording_1_Segment_22_56.wav,data/processed/BirdSoundsDataset/audio/bird_Recording_1_Recording_1_Segment_22_56.wav,,,,
bird,bird_Recording_1_Recording_1_Segment_11_16,Ovenbird,clear,-0.105,all,0,False,86,86,Ovenbird,True,0.4,Ovenbird,True,0.6,Ovenbird,True,0.8,Ovenbird,True,0.6,Ovenbird,True,Ovenbird,True,https://simile-xai-audio.s3.ap-southeast-2.amazonaws.com/data_v6/bird/audio/bird_Recording_1_Recording_1_Segment_11_16.wav,data/processed/BirdSoundsDataset/audio/bird_Recording_1_Recording_1_Segment_11_16.wav,,,,
bird,bird_Recording_1_Recording_1_Segment_23_81,Ovenbird,clear,-0.1162,all,0,False,85,86,Ovenbird,True,0.4,Ovenbird,True,0.8,Ovenbird,True,1.0,Ovenbird,True,0.8,Ovenbird,True,Ovenbird,True,https://simile-xai-audio.s3.ap-southeast-2.amazonaws.com/data_v6/bird/audio/bird_Recording_1_Recording_1_Segment_23_81.wav,data/processed/BirdSoundsDataset/audio/bird_Recording_1_Recording_1_Segment_23_81.wav,,,,
bird,bird_Recording_1_Recording_1_Segment_09_59,Ovenbird,clear,-0.117,all,0,False,17,86,Ovenbird,True,0.4,Ovenbird,True,0.8,Wood Thrush,False,0.8,Ovenbird,True,0.8,Wood Thrush,False,Ovenbird,True,https://simile-xai-audio.s3.ap-southeast-2.amazonaws.com/data_v6/bird/audio/bird_Recording_1_Recording_1_Segment_09_59.wav,data/processed/BirdSoundsDataset/audio/bird_Recording_1_Recording_1_Segment_09_59.wav,,,,
bird,bird_Recording_4_Recording_4_Segment_12_177,Tufted Titmouse,ambiguous,-2.0626,all,0,False,10,86,Eastern Towhee,False,0.0,Eastern Towhee,False,0.0,Eastern Towhee,False,0.0,Eastern Towhee,False,0.0,Eastern Towhee,False,Eastern Towhee,False,https://simile-xai-audio.s3.ap-southeast-2.amazonaws.com/data_v6/bird/audio/bird_Recording_4_Recording_4_Segment_12_177.wav,data/processed/BirdSoundsDataset/audio/bird_Recording_4_Recording_4_Segment_12_177.wav,,,,
bird,bird_Recording_4_Recording_4_Segment_15_133,Tufted Titmouse,ambiguous,-2.0376,all,0,False,0,86,Eastern Towhee,False,0.2,Eastern Towhee,False,0.0,Eastern Towhee,False,0.0,Eastern Towhee,False,0.0,Eastern Towhee,False,Black-capped Chickadee,False,https://simile-xai-audio.s3.ap-southeast-2.amazonaws.com/data_v6/bird/audio/bird_Recording_4_Recording_4_Segment_15_133.wav,data/processed/BirdSoundsDataset/audio/bird_Recording_4_Recording_4_Segment_15_133.wav,,,,
bird,bird_Recording_4_Recording_4_Segment_26_205,Tufted Titmouse,ambiguous,-1.8425,all,0,False,2,86,Black-capped Chickadee,False,0.0,Black-capped Chickadee,False,0.2,Black-capped Chickadee,False,0.0,Eastern Towhee,False,0.0,Tufted Titmouse,True,Tufted Titmouse,True,https://simile-xai-audio.s3.ap-southeast-2.amazonaws.com/data_v6/bird/audio/bird_Recording_4_Recording_4_Segment_26_205.wav,data/processed/BirdSoundsDataset/audio/bird_Recording_4_Recording_4_Segment_26_205.wav,,,,
bird,bird_Recording_4_Recording_4_Segment_12_173,Tufted Titmouse,ambiguous,-1.7658,all,0,False,21,86,Tufted Titmouse,True,0.0,Eastern Towhee,False,0.0,Eastern Towhee,False,0.0,Eastern Towhee,False,0.4,Tufted Titmouse,True,Eastern Towhee,False,https://simile-xai-audio.s3.ap-southeast-2.amazonaws.com/data_v6/bird/audio/bird_Recording_4_Recording_4_Segment_12_173.wav,data/processed/BirdSoundsDataset/audio/bird_Recording_4_Recording_4_Segment_12_173.wav,,,,
bird,bird_Recording_4_Recording_4_Segment_11_59,Tufted Titmouse,ambiguous,-1.7214,all,0,False,71,86,Tufted Titmouse,True,0.0,Tufted Titmouse,True,0.2,Tufted Titmouse,True,0.2,Tufted Titmouse,True,0.0,Tufted Titmouse,True,Tufted Titmouse,True,https://simile-xai-audio.s3.ap-southeast-2.amazonaws.com/data_v6/bird/audio/bird_Recording_4_Recording_4_Segment_11_59.wav,data/processed/BirdSoundsDataset/audio/bird_Recording_4_Recording_4_Segment_11_59.wav,,,,
bird,bird_Recording_4_Recording_4_Segment_12_162,Tufted Titmouse,ambiguous,-1.7099,all,0,False,0,86,Eastern Towhee,False,0.0,Eastern Towhee,False,0.0,Eastern Towhee,False,0.0,Eastern Towhee,False,0.0,Eastern Towhee,False,Eastern Towhee,False,https://simile-xai-audio.s3.ap-southeast-2.amazonaws.com/data_v6/bird/audio/bird_Recording_4_Recording_4_Segment_12_162.wav,data/processed/BirdSoundsDataset/audio/bird_Recording_4_Recording_4_Segment_12_162.wav,,,,
bird,bird_Recording_1_Recording_1_Segment_35_22,Tufted Titmouse,ambiguous,-1.6608,all,0,False,83,86,Tufted Titmouse,True,0.0,Tufted Titmouse,True,0.6,Tufted Titmouse,True,0.8,Tufted Titmouse,True,0.8,Tufted Titmouse,True,Tufted Titmouse,True,https://simile-xai-audio.s3.ap-southeast-2.amazonaws.com/data_v6/bird/audio/bird_Recording_1_Recording_1_Segment_35_22.wav,data/processed/BirdSoundsDataset/audio/bird_Recording_1_Recording_1_Segment_35_22.wav,,,,
bird,bird_Recording_4_Recording_4_Segment_26_130,Tufted Titmouse,ambiguous,-1.6604,all,0,False,6,86,Eastern Towhee,False,0.0,Eastern Towhee,False,0.0,Eastern Towhee,False,0.0,Eastern Towhee,False,0.4,Eastern Towhee,False,Tufted Titmouse,True,https://simile-xai-audio.s3.ap-southeast-2.amazonaws.com/data_v6/bird/audio/bird_Recording_4_Recording_4_Segment_26_130.wav,data/processed/BirdSoundsDataset/audio/bird_Recording_4_Recording_4_Segment_26_130.wav,,,,
bird,bird_Recording_1_Recording_1_Segment_10_66,Tufted Titmouse,ambiguous,-1.6425,all,0,False,36,86,Tufted Titmouse,True,0.0,Ovenbird,False,0.4,Ovenbird,False,0.0,Ovenbird,False,0.2,Tufted Titmouse,True,Ovenbird,False,https://simile-xai-audio.s3.ap-southeast-2.amazonaws.com/data_v6/bird/audio/bird_Recording_1_Recording_1_Segment_10_66.wav,data/processed/BirdSoundsDataset/audio/bird_Recording_1_Recording_1_Segment_10_66.wav,,,,
bird,bird_Recording_1_Recording_1_Segment_22_122,Tufted Titmouse,ambiguous,-1.6402,all,0,False,2,86,Eastern Towhee,False,0.0,Wood Thrush,False,0.2,Wood Thrush,False,0.0,Wood Thrush,False,0.2,Wood Thrush,False,Eastern Towhee,False,https://simile-xai-audio.s3.ap-southeast-2.amazonaws.com/data_v6/bird/audio/bird_Recording_1_Recording_1_Segment_22_122.wav,data/processed/BirdSoundsDataset/audio/bird_Recording_1_Recording_1_Segment_22_122.wav,,,,
bird,bird_Recording_1_Recording_1_Segment_19_134,Tufted Titmouse,ambiguous,-1.6352,all,0,False,79,86,Tufted Titmouse,True,0.4,Tufted Titmouse,True,0.4,Tufted Titmouse,True,0.2,Tufted Titmouse,True,0.4,Tufted Titmouse,True,Eastern Towhee,False,https://simile-xai-audio.s3.ap-southeast-2.amazonaws.com/data_v6/bird/audio/bird_Recording_1_Recording_1_Segment_19_134.wav,data/processed/BirdSoundsDataset/audio/bird_Recording_1_Recording_1_Segment_19_134.wav,,,,
bird,bird_Recording_1_Recording_1_Segment_11_150,Tufted Titmouse,ambiguous,-1.6324,all,0,False,81,86,Tufted Titmouse,True,0.4,Tufted Titmouse,True,0.4,Tufted Titmouse,True,0.6,Tufted Titmouse,True,0.6,Tufted Titmouse,True,Tufted Titmouse,True,https://simile-xai-audio.s3.ap-southeast-2.amazonaws.com/data_v6/bird/audio/bird_Recording_1_Recording_1_Segment_11_150.wav,data/processed/BirdSoundsDataset/audio/bird_Recording_1_Recording_1_Segment_11_150.wav,,,,
bird,bird_Recording_1_Recording_1_Segment_10_88,Tufted Titmouse,ambiguous,-1.5153,all,0,False,0,86,Ovenbird,False,0.4,Ovenbird,False,0.4,Ovenbird,False,0.2,Ovenbird,False,0.2,Ovenbird,False,Ovenbird,False,https://simile-xai-audio.s3.ap-southeast-2.amazonaws.com/data_v6/bird/audio/bird_Recording_1_Recording_1_Segment_10_88.wav,data/processed/BirdSoundsDataset/audio/bird_Recording_1_Recording_1_Segment_10_88.wav,,,,
bird,bird_Recording_1_Recording_1_Segment_06_49,Tufted Titmouse,ambiguous,-1.5026,all,0,False,4,86,Wood Thrush,False,0.0,Wood Thrush,False,0.0,Black-capped Chickadee,False,0.0,Wood Thrush,False,0.0,Ovenbird,False,Black-capped Chickadee,False,https://simile-xai-audio.s3.ap-southeast-2.amazonaws.com/data_v6/bird/audio/bird_Recording_1_Recording_1_Segment_06_49.wav,data/processed/BirdSoundsDataset/audio/bird_Recording_1_Recording_1_Segment_06_49.wav,,,,
bird,bird_Recording_4_Recording_4_Segment_24_229,Tufted Titmouse,ambiguous,-1.4958,all,0,False,47,86,Tufted Titmouse,True,0.0,Eastern Towhee,False,0.0,Eastern Towhee,False,0.4,Eastern Towhee,False,0.4,Tufted Titmouse,True,Eastern Towhee,False,https://simile-xai-audio.s3.ap-southeast-2.amazonaws.com/data_v6/bird/audio/bird_Recording_4_Recording_4_Segment_24_229.wav,data/processed/BirdSoundsDataset/audio/bird_Recording_4_Recording_4_Segment_24_229.wav,,,,
bird,bird_Recording_1_Recording_1_Segment_22_139,Tufted Titmouse,borderline,-1.4135,all,0,False,83,86,Tufted Titmouse,True,0.2,Tufted Titmouse,True,0.6,Tufted Titmouse,True,0.8,Tufted Titmouse,True,1.0,Tufted Titmouse,True,Tufted Titmouse,True,https://simile-xai-audio.s3.ap-southeast-2.amazonaws.com/data_v6/bird/audio/bird_Recording_1_Recording_1_Segment_22_139.wav,data/processed/BirdSoundsDataset/audio/bird_Recording_1_Recording_1_Segment_22_139.wav,,,,
bird,bird_Recording_1_Recording_1_Segment_11_29,Tufted Titmouse,borderline,-1.4094,all,0,False,7,86,Wood Thrush,False,0.4,Wood Thrush,False,0.2,Wood Thrush,False,0.0,Wood Thrush,False,0.2,Wood Thrush,False,Wood Thrush,False,https://simile-xai-audio.s3.ap-southeast-2.amazonaws.com/data_v6/bird/audio/bird_Recording_1_Recording_1_Segment_11_29.wav,data/processed/BirdSoundsDataset/audio/bird_Recording_1_Recording_1_Segment_11_29.wav,,,,
bird,bird_Recording_1_Recording_1_Segment_32_20,Tufted Titmouse,borderline,-1.3731,all,0,False,85,86,Tufted Titmouse,True,0.4,Tufted Titmouse,True,0.8,Tufted Titmouse,True,0.8,Tufted Titmouse,True,1.0,Tufted Titmouse,True,Tufted Titmouse,True,https://simile-xai-audio.s3.ap-southeast-2.amazonaws.com/data_v6/bird/audio/bird_Recording_1_Recording_1_Segment_32_20.wav,data/processed/BirdSoundsDataset/audio/bird_Recording_1_Recording_1_Segment_32_20.wav,,,,
bird,bird_Recording_1_Recording_1_Segment_06_299,Tufted Titmouse,borderline,-1.3384,all,0,False,7,86,Tufted Titmouse,True,0.4,Eastern Towhee,False,0.2,Tufted Titmouse,True,0.0,Tufted Titmouse,True,0.4,Eastern Towhee,False,Eastern Towhee,False,https://simile-xai-audio.s3.ap-southeast-2.amazonaws.com/data_v6/bird/audio/bird_Recording_1_Recording_1_Segment_06_299.wav,data/processed/BirdSoundsDataset/audio/bird_Recording_1_Recording_1_Segment_06_299.wav,,,,
bird,bird_Recording_1_Recording_1_Segment_07_267,Tufted Titmouse,borderline,-1.2989,all,0,False,83,86,Tufted Titmouse,True,0.2,Tufted Titmouse,True,0.4,Tufted Titmouse,True,0.2,Tufted Titmouse,True,0.8,Tufted Titmouse,True,Tufted Titmouse,True,https://simile-xai-audio.s3.ap-southeast-2.amazonaws.com/data_v6/bird/audio/bird_Recording_1_Recording_1_Segment_07_267.wav,data/processed/BirdSoundsDataset/audio/bird_Recording_1_Recording_1_Segment_07_267.wav,,,,
bird,bird_Recording_1_Recording_1_Segment_12_36,Tufted Titmouse,borderline,-1.2922,all,0,False,0,86,Ovenbird,False,0.2,Ovenbird,False,0.4,Ovenbird,False,0.0,Ovenbird,False,0.2,Ovenbird,False,Ovenbird,False,https://simile-xai-audio.s3.ap-southeast-2.amazonaws.com/data_v6/bird/audio/bird_Recording_1_Recording_1_Segment_12_36.wav,data/processed/BirdSoundsDataset/audio/bird_Recording_1_Recording_1_Segment_12_36.wav,,,,
bird,bird_Recording_1_Recording_1_Segment_14_52,Tufted Titmouse,borderline,-1.268,all,0,False,83,86,Tufted Titmouse,True,0.2,Tufted Titmouse,True,0.6,Tufted Titmouse,True,1.0,Tufted Titmouse,True,1.0,Tufted Titmouse,True,Tufted Titmouse,True,https://simile-xai-audio.s3.ap-southeast-2.amazonaws.com/data_v6/bird/audio/bird_Recording_1_Recording_1_Segment_14_52.wav,data/processed/BirdSoundsDataset/audio/bird_Recording_1_Recording_1_Segment_14_52.wav,,,,
bird,bird_Recording_4_Recording_4_Segment_12_204,Tufted Titmouse,borderline,-1.2564,all,0,False,76,86,Tufted Titmouse,True,0.0,Tufted Titmouse,True,0.2,Tufted Titmouse,True,0.4,Tufted Titmouse,True,0.4,Tufted Titmouse,True,Tufted Titmouse,True,https://simile-xai-audio.s3.ap-southeast-2.amazonaws.com/data_v6/bird/audio/bird_Recording_4_Recording_4_Segment_12_204.wav,data/processed/BirdSoundsDataset/audio/bird_Recording_4_Recording_4_Segment_12_204.wav,,,,
bird,bird_Recording_1_Recording_1_Segment_19_125,Tufted Titmouse,borderline,-1.2473,all,0,False,16,86,Eastern Towhee,False,0.2,Eastern Towhee,False,0.8,Eastern Towhee,False,0.6,Tufted Titmouse,True,0.8,Eastern Towhee,False,Eastern Towhee,False,https://simile-xai-audio.s3.ap-southeast-2.amazonaws.com/data_v6/bird/audio/bird_Recording_1_Recording_1_Segment_19_125.wav,data/processed/BirdSoundsDataset/audio/bird_Recording_1_Recording_1_Segment_19_125.wav,,,,
bird,bird_Recording_1_Recording_1_Segment_23_139,Tufted Titmouse,borderline,-1.2394,all,0,False,82,86,Tufted Titmouse,True,0.4,Tufted Titmouse,True,0.2,Tufted Titmouse,True,0.2,Tufted Titmouse,True,0.4,Tufted Titmouse,True,Tufted Titmouse,True,https://simile-xai-audio.s3.ap-southeast-2.amazonaws.com/data_v6/bird/audio/bird_Recording_1_Recording_1_Segment_23_139.wav,data/processed/BirdSoundsDataset/audio/bird_Recording_1_Recording_1_Segment_23_139.wav,,,,
bird,bird_Recording_1_Recording_1_Segment_24_229,Tufted Titmouse,borderline,-1.2175,all,0,False,82,86,Tufted Titmouse,True,0.0,Tufted Titmouse,True,0.2,Tufted Titmouse,True,0.6,Tufted Titmouse,True,0.4,Tufted Titmouse,True,Tufted Titmouse,True,https://simile-xai-audio.s3.ap-southeast-2.amazonaws.com/data_v6/bird/audio/bird_Recording_1_Recording_1_Segment_24_229.wav,data/processed/BirdSoundsDataset/audio/bird_Recording_1_Recording_1_Segment_24_229.wav,,,,
bird,bird_Recording_4_Recording_4_Segment_26_76,Tufted Titmouse,borderline,-1.1761,all,0,False,83,86,Tufted Titmouse,True,0.2,Tufted Titmouse,True,0.2,Tufted Titmouse,True,0.4,Tufted Titmouse,True,1.0,Tufted Titmouse,True,Tufted Titmouse,True,https://simile-xai-audio.s3.ap-southeast-2.amazonaws.com/data_v6/bird/audio/bird_Recording_4_Recording_4_Segment_26_76.wav,data/processed/BirdSoundsDataset/audio/bird_Recording_4_Recording_4_Segment_26_76.wav,,,,
bird,bird_Recording_1_Recording_1_Segment_12_147,Tufted Titmouse,borderline,-1.1743,all,0,False,82,86,Tufted Titmouse,True,0.4,Tufted Titmouse,True,0.4,Tufted Titmouse,True,0.8,Tufted Titmouse,True,1.0,Tufted Titmouse,True,Wood Thrush,False,https://simile-xai-audio.s3.ap-southeast-2.amazonaws.com/data_v6/bird/audio/bird_Recording_1_Recording_1_Segment_12_147.wav,data/processed/BirdSoundsDataset/audio/bird_Recording_1_Recording_1_Segment_12_147.wav,,,,
bird,bird_Recording_1_Recording_1_Segment_08_118,Tufted Titmouse,borderline,-1.17,all,0,False,80,86,Tufted Titmouse,True,0.4,Tufted Titmouse,True,0.2,Tufted Titmouse,True,0.6,Tufted Titmouse,True,0.4,Tufted Titmouse,True,Tufted Titmouse,True,https://simile-xai-audio.s3.ap-southeast-2.amazonaws.com/data_v6/bird/audio/bird_Recording_1_Recording_1_Segment_08_118.wav,data/processed/BirdSoundsDataset/audio/bird_Recording_1_Recording_1_Segment_08_118.wav,,,,
bird,bird_Recording_1_Recording_1_Segment_36_30,Tufted Titmouse,borderline,-1.1418,all,0,False,85,86,Tufted Titmouse,True,0.0,Tufted Titmouse,True,0.2,Tufted Titmouse,True,0.8,Tufted Titmouse,True,0.8,Tufted Titmouse,True,Tufted Titmouse,True,https://simile-xai-audio.s3.ap-southeast-2.amazonaws.com/data_v6/bird/audio/bird_Recording_1_Recording_1_Segment_36_30.wav,data/processed/BirdSoundsDataset/audio/bird_Recording_1_Recording_1_Segment_36_30.wav,,,,
bird,bird_Recording_1_Recording_1_Segment_23_10,Tufted Titmouse,clear,0.2283,all,0,False,85,86,Tufted Titmouse,True,0.6,Tufted Titmouse,True,0.4,Tufted Titmouse,True,0.6,Tufted Titmouse,True,0.6,Tufted Titmouse,True,Tufted Titmouse,True,https://simile-xai-audio.s3.ap-southeast-2.amazonaws.com/data_v6/bird/audio/bird_Recording_1_Recording_1_Segment_23_10.wav,data/processed/BirdSoundsDataset/audio/bird_Recording_1_Recording_1_Segment_23_10.wav,,,,
bird,bird_Recording_1_Recording_1_Segment_23_9,Tufted Titmouse,clear,0.1502,all,0,False,85,86,Tufted Titmouse,True,0.4,Tufted Titmouse,True,0.2,Tufted Titmouse,True,0.4,Tufted Titmouse,True,0.6,Tufted Titmouse,True,Tufted Titmouse,True,https://simile-xai-audio.s3.ap-southeast-2.amazonaws.com/data_v6/bird/audio/bird_Recording_1_Recording_1_Segment_23_9.wav,data/processed/BirdSoundsDataset/audio/bird_Recording_1_Recording_1_Segment_23_9.wav,,,,
bird,bird_Recording_1_Recording_1_Segment_22_204,Tufted Titmouse,clear,0.0942,all,0,False,86,86,Tufted Titmouse,True,0.4,Tufted Titmouse,True,0.6,Tufted Titmouse,True,0.6,Tufted Titmouse,True,1.0,Tufted Titmouse,True,Tufted Titmouse,True,https://simile-xai-audio.s3.ap-southeast-2.amazonaws.com/data_v6/bird/audio/bird_Recording_1_Recording_1_Segment_22_204.wav,data/processed/BirdSoundsDataset/audio/bird_Recording_1_Recording_1_Segment_22_204.wav,,,,
bird,bird_Recording_1_Recording_1_Segment_36_76,Tufted Titmouse,clear,-0.1575,all,0,False,85,86,Tufted Titmouse,True,0.4,Tufted Titmouse,True,0.8,Tufted Titmouse,True,1.0,Tufted Titmouse,True,0.8,Tufted Titmouse,True,Tufted Titmouse,True,https://simile-xai-audio.s3.ap-southeast-2.amazonaws.com/data_v6/bird/audio/bird_Recording_1_Recording_1_Segment_36_76.wav,data/processed/BirdSoundsDataset/audio/bird_Recording_1_Recording_1_Segment_36_76.wav,,,,
bird,bird_Recording_1_Recording_1_Segment_36_95,Tufted Titmouse,clear,-0.4339,all,0,False,72,86,Eastern Towhee,False,0.2,Tufted Titmouse,True,0.2,Tufted Titmouse,True,0.8,Tufted Titmouse,True,0.8,Tufted Titmouse,True,Tufted Titmouse,True,https://simile-xai-audio.s3.ap-southeast-2.amazonaws.com/data_v6/bird/audio/bird_Recording_1_Recording_1_Segment_36_95.wav,data/processed/BirdSoundsDataset/audio/bird_Recording_1_Recording_1_Segment_36_95.wav,,,,
bird,bird_Recording_1_Recording_1_Segment_32_1,Tufted Titmouse,clear,-0.4589,all,0,False,85,86,Tufted Titmouse,True,0.0,Tufted Titmouse,True,0.6,Tufted Titmouse,True,1.0,Tufted Titmouse,True,0.8,Tufted Titmouse,True,Tufted Titmouse,True,https://simile-xai-audio.s3.ap-southeast-2.amazonaws.com/data_v6/bird/audio/bird_Recording_1_Recording_1_Segment_32_1.wav,data/processed/BirdSoundsDataset/audio/bird_Recording_1_Recording_1_Segment_32_1.wav,,,,
bird,bird_Recording_1_Recording_1_Segment_36_55,Tufted Titmouse,clear,-0.5496,all,0,False,84,86,Tufted Titmouse,True,0.2,Tufted Titmouse,True,0.4,Tufted Titmouse,True,1.0,Tufted Titmouse,True,0.8,Tufted Titmouse,True,Tufted Titmouse,True,https://simile-xai-audio.s3.ap-southeast-2.amazonaws.com/data_v6/bird/audio/bird_Recording_1_Recording_1_Segment_36_55.wav,data/processed/BirdSoundsDataset/audio/bird_Recording_1_Recording_1_Segment_36_55.wav,,,,
bird,bird_Recording_1_Recording_1_Segment_31_141,Tufted Titmouse,clear,-0.6293,all,0,False,85,86,Tufted Titmouse,True,0.0,Tufted Titmouse,True,0.4,Tufted Titmouse,True,1.0,Tufted Titmouse,True,1.0,Tufted Titmouse,True,Tufted Titmouse,True,https://simile-xai-audio.s3.ap-southeast-2.amazonaws.com/data_v6/bird/audio/bird_Recording_1_Recording_1_Segment_31_141.wav,data/processed/BirdSoundsDataset/audio/bird_Recording_1_Recording_1_Segment_31_141.wav,,,,
bird,bird_Recording_1_Recording_1_Segment_08_67,Tufted Titmouse,clear,-0.6891,all,0,False,3,86,Wood Thrush,False,0.0,Wood Thrush,False,0.0,Wood Thrush,False,0.0,Wood Thrush,False,0.4,Wood Thrush,False,Wood Thrush,False,https://simile-xai-audio.s3.ap-southeast-2.amazonaws.com/data_v6/bird/audio/bird_Recording_1_Recording_1_Segment_08_67.wav,data/processed/BirdSoundsDataset/audio/bird_Recording_1_Recording_1_Segment_08_67.wav,,,,
bird,bird_Recording_1_Recording_1_Segment_10_83,Tufted Titmouse,clear,-0.7671,all,0,False,85,86,Tufted Titmouse,True,0.4,Tufted Titmouse,True,0.6,Tufted Titmouse,True,0.8,Tufted Titmouse,True,0.8,Tufted Titmouse,True,Tufted Titmouse,True,https://simile-xai-audio.s3.ap-southeast-2.amazonaws.com/data_v6/bird/audio/bird_Recording_1_Recording_1_Segment_10_83.wav,data/processed/BirdSoundsDataset/audio/bird_Recording_1_Recording_1_Segment_10_83.wav,,,,
bird,bird_Recording_1_Recording_1_Segment_23_179,Tufted Titmouse,clear,-0.8352,all,0,False,85,86,Tufted Titmouse,True,0.2,Tufted Titmouse,True,0.4,Tufted Titmouse,True,0.8,Tufted Titmouse,True,1.0,Tufted Titmouse,True,Tufted Titmouse,True,https://simile-xai-audio.s3.ap-southeast-2.amazonaws.com/data_v6/bird/audio/bird_Recording_1_Recording_1_Segment_23_179.wav,data/processed/BirdSoundsDataset/audio/bird_Recording_1_Recording_1_Segment_23_179.wav,,,,
bird,bird_Recording_1_Recording_1_Segment_36_25,Tufted Titmouse,clear,-0.8572,all,0,False,64,86,Tufted Titmouse,True,0.2,Eastern Towhee,False,0.4,Tufted Titmouse,True,0.6,Eastern Towhee,False,0.8,Tufted Titmouse,True,Eastern Towhee,False,https://simile-xai-audio.s3.ap-southeast-2.amazonaws.com/data_v6/bird/audio/bird_Recording_1_Recording_1_Segment_36_25.wav,data/processed/BirdSoundsDataset/audio/bird_Recording_1_Recording_1_Segment_36_25.wav,,,,
bird,bird_Recording_1_Recording_1_Segment_08_21,Tufted Titmouse,clear,-0.8708,all,0,False,84,86,Tufted Titmouse,True,0.2,Tufted Titmouse,True,0.4,Tufted Titmouse,True,0.6,Tufted Titmouse,True,0.8,Tufted Titmouse,True,Tufted Titmouse,True,https://simile-xai-audio.s3.ap-southeast-2.amazonaws.com/data_v6/bird/audio/bird_Recording_1_Recording_1_Segment_08_21.wav,data/processed/BirdSoundsDataset/audio/bird_Recording_1_Recording_1_Segment_08_21.wav,,,,
bird,bird_Recording_1_Recording_1_Segment_36_52,Tufted Titmouse,clear,-0.8949,all,0,False,85,86,Tufted Titmouse,True,0.4,Tufted Titmouse,True,0.4,Tufted Titmouse,True,0.8,Tufted Titmouse,True,0.8,Tufted Titmouse,True,Tufted Titmouse,True,https://simile-xai-audio.s3.ap-southeast-2.amazonaws.com/data_v6/bird/audio/bird_Recording_1_Recording_1_Segment_36_52.wav,data/processed/BirdSoundsDataset/audio/bird_Recording_1_Recording_1_Segment_36_52.wav,,,,
bird,bird_Recording_1_Recording_1_Segment_25_141,Tufted Titmouse,clear,-0.9005,all,0,False,72,86,Tufted Titmouse,True,0.0,Tufted Titmouse,True,0.2,Tufted Titmouse,True,0.2,Tufted Titmouse,True,0.4,Tufted Titmouse,True,Tufted Titmouse,True,https://simile-xai-audio.s3.ap-southeast-2.amazonaws.com/data_v6/bird/audio/bird_Recording_1_Recording_1_Segment_25_141.wav,data/processed/BirdSoundsDataset/audio/bird_Recording_1_Recording_1_Segment_25_141.wav,,,,
bird,bird_Recording_4_Recording_4_Segment_12_8,Wood Thrush,ambiguous,-2.24,all,0,False,0,86,Eastern Towhee,False,0.0,Eastern Towhee,False,0.0,Eastern Towhee,False,0.0,Eastern Towhee,False,0.4,Eastern Towhee,False,Eastern Towhee,False,https://simile-xai-audio.s3.ap-southeast-2.amazonaws.com/data_v6/bird/audio/bird_Recording_4_Recording_4_Segment_12_8.wav,data/processed/BirdSoundsDataset/audio/bird_Recording_4_Recording_4_Segment_12_8.wav,,,,
bird,bird_Recording_1_Recording_1_Segment_15_194,Wood Thrush,ambiguous,-1.8812,all,0,False,8,86,Ovenbird,False,0.0,Ovenbird,False,0.0,Ovenbird,False,0.0,Ovenbird,False,0.2,Wood Thrush,True,Wood Thrush,True,https://simile-xai-audio.s3.ap-southeast-2.amazonaws.com/data_v6/bird/audio/bird_Recording_1_Recording_1_Segment_15_194.wav,data/processed/BirdSoundsDataset/audio/bird_Recording_1_Recording_1_Segment_15_194.wav,,,,
bird,bird_Recording_2_Recording_2_Segment_13_91,Wood Thrush,ambiguous,-1.5732,all,0,False,17,86,Ovenbird,False,0.0,Ovenbird,False,0.0,Ovenbird,False,0.0,Ovenbird,False,0.2,Wood Thrush,True,Ovenbird,False,https://simile-xai-audio.s3.ap-southeast-2.amazonaws.com/data_v6/bird/audio/bird_Recording_2_Recording_2_Segment_13_91.wav,data/processed/BirdSoundsDataset/audio/bird_Recording_2_Recording_2_Segment_13_91.wav,,,,
bird,bird_Recording_4_Recording_4_Segment_07_40,Wood Thrush,ambiguous,-1.5712,all,0,False,0,86,Eastern Towhee,False,0.0,Eastern Towhee,False,0.2,Eastern Towhee,False,0.0,Eastern Towhee,False,0.4,Eastern Towhee,False,Eastern Towhee,False,https://simile-xai-audio.s3.ap-southeast-2.amazonaws.com/data_v6/bird/audio/bird_Recording_4_Recording_4_Segment_07_40.wav,data/processed/BirdSoundsDataset/audio/bird_Recording_4_Recording_4_Segment_07_40.wav,,,,
bird,bird_Recording_1_Recording_1_Segment_07_91,Wood Thrush,ambiguous,-1.4771,all,0,False,4,86,Eastern Towhee,False,0.2,Eastern Towhee,False,0.2,Eastern Towhee,False,0.6,Eastern Towhee,False,0.6,Black-capped Chickadee,False,Eastern Towhee,False,https://simile-xai-audio.s3.ap-southeast-2.amazonaws.com/data_v6/bird/audio/bird_Recording_1_Recording_1_Segment_07_91.wav,data/processed/BirdSoundsDataset/audio/bird_Recording_1_Recording_1_Segment_07_91.wav,,,,
bird,bird_Recording_1_Recording_1_Segment_08_111,Wood Thrush,ambiguous,-1.4681,all,0,False,75,86,Wood Thrush,True,0.2,Wood Thrush,True,0.0,Tufted Titmouse,False,0.0,Wood Thrush,True,0.2,Wood Thrush,True,Wood Thrush,True,https://simile-xai-audio.s3.ap-southeast-2.amazonaws.com/data_v6/bird/audio/bird_Recording_1_Recording_1_Segment_08_111.wav,data/processed/BirdSoundsDataset/audio/bird_Recording_1_Recording_1_Segment_08_111.wav,,,,
bird,bird_Recording_1_Recording_1_Segment_16_52,Wood Thrush,ambiguous,-1.4512,all,0,False,80,86,Wood Thrush,True,0.2,Wood Thrush,True,0.0,Wood Thrush,True,0.0,Wood Thrush,True,0.4,Wood Thrush,True,Wood Thrush,True,https://simile-xai-audio.s3.ap-southeast-2.amazonaws.com/data_v6/bird/audio/bird_Recording_1_Recording_1_Segment_16_52.wav,data/processed/BirdSoundsDataset/audio/bird_Recording_1_Recording_1_Segment_16_52.wav,,,,
bird,bird_Recording_1_Recording_1_Segment_06_271,Wood Thrush,ambiguous,-1.4229,all,0,False,78,86,Wood Thrush,True,0.8,Wood Thrush,True,0.6,Wood Thrush,True,0.4,Wood Thrush,True,0.6,Wood Thrush,True,Eastern Towhee,False,https://simile-xai-audio.s3.ap-southeast-2.amazonaws.com/data_v6/bird/audio/bird_Recording_1_Recording_1_Segment_06_271.wav,data/processed/BirdSoundsDataset/audio/bird_Recording_1_Recording_1_Segment_06_271.wav,,,,
bird,bird_Recording_2_Recording_2_Segment_11_208,Wood Thrush,ambiguous,-1.4225,all,0,False,71,86,Wood Thrush,True,0.0,Wood Thrush,True,0.2,Wood Thrush,True,0.4,Wood Thrush,True,0.8,Wood Thrush,True,Wood Thrush,True,https://simile-xai-audio.s3.ap-southeast-2.amazonaws.com/data_v6/bird/audio/bird_Recording_2_Recording_2_Segment_11_208.wav,data/processed/BirdSoundsDataset/audio/bird_Recording_2_Recording_2_Segment_11_208.wav,,,,
bird,bird_Recording_1_Recording_1_Segment_07_227,Wood Thrush,ambiguous,-1.3435,all,0,False,78,86,Wood Thrush,True,0.2,Wood Thrush,True,0.0,Wood Thrush,True,0.2,Wood Thrush,True,0.2,Wood Thrush,True,Ovenbird,False,https://simile-xai-audio.s3.ap-southeast-2.amazonaws.com/data_v6/bird/audio/bird_Recording_1_Recording_1_Segment_07_227.wav,data/processed/BirdSoundsDataset/audio/bird_Recording_1_Recording_1_Segment_07_227.wav,,,,
bird,bird_Recording_1_Recording_1_Segment_14_142,Wood Thrush,ambiguous,-1.2985,all,0,False,30,86,Wood Thrush,True,0.4,Wood Thrush,True,0.0,Tufted Titmouse,False,0.0,Tufted Titmouse,False,0.2,Wood Thrush,True,Eastern Towhee,False,https://simile-xai-audio.s3.ap-southeast-2.amazonaws.com/data_v6/bird/audio/bird_Recording_1_Recording_1_Segment_14_142.wav,data/processed/BirdSoundsDataset/audio/bird_Recording_1_Recording_1_Segment_14_142.wav,,,,
bird,bird_Recording_1_Recording_1_Segment_05_37,Wood Thrush,ambiguous,-1.2609,all,0,False,82,86,Wood Thrush,True,0.2,Wood Thrush,True,0.2,Wood Thrush,True,1.0,Wood Thrush,True,0.4,Wood Thrush,True,Eastern Towhee,False,https://simile-xai-audio.s3.ap-southeast-2.amazonaws.com/data_v6/bird/audio/bird_Recording_1_Recording_1_Segment_05_37.wav,data/processed/BirdSoundsDataset/audio/bird_Recording_1_Recording_1_Segment_05_37.wav,,,,
bird,bird_Recording_1_Recording_1_Segment_06_79,Wood Thrush,ambiguous,-1.2545,all,0,False,73,86,Wood Thrush,True,0.4,Wood Thrush,True,0.2,Wood Thrush,True,0.2,Wood Thrush,True,0.4,Wood Thrush,True,Wood Thrush,True,https://simile-xai-audio.s3.ap-southeast-2.amazonaws.com/data_v6/bird/audio/bird_Recording_1_Recording_1_Segment_06_79.wav,data/processed/BirdSoundsDataset/audio/bird_Recording_1_Recording_1_Segment_06_79.wav,,,,
bird,bird_Recording_1_Recording_1_Segment_05_125,Wood Thrush,ambiguous,-1.2357,all,0,False,85,86,Wood Thrush,True,0.2,Wood Thrush,True,0.8,Wood Thrush,True,1.0,Wood Thrush,True,1.0,Wood Thrush,True,Wood Thrush,True,https://simile-xai-audio.s3.ap-southeast-2.amazonaws.com/data_v6/bird/audio/bird_Recording_1_Recording_1_Segment_05_125.wav,data/processed/BirdSoundsDataset/audio/bird_Recording_1_Recording_1_Segment_05_125.wav,,,,
bird,bird_Recording_1_Recording_1_Segment_10_89,Wood Thrush,ambiguous,-1.2189,all,0,False,80,86,Wood Thrush,True,0.2,Wood Thrush,True,0.0,Wood Thrush,True,0.6,Wood Thrush,True,0.4,Wood Thrush,True,Wood Thrush,True,https://simile-xai-audio.s3.ap-southeast-2.amazonaws.com/data_v6/bird/audio/bird_Recording_1_Recording_1_Segment_10_89.wav,data/processed/BirdSoundsDataset/audio/bird_Recording_1_Recording_1_Segment_10_89.wav,,,,
bird,bird_Recording_1_Recording_1_Segment_15_73,Wood Thrush,borderline,-0.6436,all,0,False,82,86,Wood Thrush,True,0.6,Wood Thrush,True,0.4,Wood Thrush,True,0.8,Wood Thrush,True,0.8,Wood Thrush,True,Wood Thrush,True,https://simile-xai-audio.s3.ap-southeast-2.amazonaws.com/data_v6/bird/audio/bird_Recording_1_Recording_1_Segment_15_73.wav,data/processed/BirdSoundsDataset/audio/bird_Recording_1_Recording_1_Segment_15_73.wav,,,,
bird,bird_Recording_1_Recording_1_Segment_10_45,Wood Thrush,borderline,-0.6409,all,0,False,69,86,Wood Thrush,True,0.8,Wood Thrush,True,0.0,Wood Thrush,True,0.2,Tufted Titmouse,False,0.4,Wood Thrush,True,Wood Thrush,True,https://simile-xai-audio.s3.ap-southeast-2.amazonaws.com/data_v6/bird/audio/bird_Recording_1_Recording_1_Segment_10_45.wav,data/processed/BirdSoundsDataset/audio/bird_Recording_1_Recording_1_Segment_10_45.wav,,,,
bird,bird_Recording_1_Recording_1_Segment_10_103,Wood Thrush,borderline,-0.6156,all,0,False,85,86,Wood Thrush,True,0.2,Wood Thrush,True,0.2,Wood Thrush,True,0.8,Wood Thrush,True,0.6,Wood Thrush,True,Wood Thrush,True,https://simile-xai-audio.s3.ap-southeast-2.amazonaws.com/data_v6/bird/audio/bird_Recording_1_Recording_1_Segment_10_103.wav,data/processed/BirdSoundsDataset/audio/bird_Recording_1_Recording_1_Segment_10_103.wav,,,,
bird,bird_Recording_1_Recording_1_Segment_14_178,Wood Thrush,borderline,-0.6015,all,0,False,3,86,Tufted Titmouse,False,0.6,Tufted Titmouse,False,0.6,Tufted Titmouse,False,0.4,Eastern Towhee,False,0.4,Tufted Titmouse,False,Tufted Titmouse,False,https://simile-xai-audio.s3.ap-southeast-2.amazonaws.com/data_v6/bird/audio/bird_Recording_1_Recording_1_Segment_14_178.wav,data/processed/BirdSoundsDataset/audio/bird_Recording_1_Recording_1_Segment_14_178.wav,,,,
bird,bird_Recording_1_Recording_1_Segment_21_128,Wood Thrush,borderline,-0.5792,all,0,False,15,86,Black-capped Chickadee,False,0.0,Tufted Titmouse,False,0.0,Tufted Titmouse,False,0.0,Eastern Towhee,False,0.0,Wood Thrush,True,Black-capped Chickadee,False,https://simile-xai-audio.s3.ap-southeast-2.amazonaws.com/data_v6/bird/audio/bird_Recording_1_Recording_1_Segment_21_128.wav,data/processed/BirdSoundsDataset/audio/bird_Recording_1_Recording_1_Segment_21_128.wav,,,,
bird,bird_Recording_2_Recording_2_Segment_14_206,Wood Thrush,borderline,-0.5617,all,0,False,50,86,Eastern Towhee,False,0.2,Eastern Towhee,False,0.0,Wood Thrush,True,0.6,Wood Thrush,True,0.8,Wood Thrush,True,Wood Thrush,True,https://simile-xai-audio.s3.ap-southeast-2.amazonaws.com/data_v6/bird/audio/bird_Recording_2_Recording_2_Segment_14_206.wav,data/processed/BirdSoundsDataset/audio/bird_Recording_2_Recording_2_Segment_14_206.wav,,,,
bird,bird_Recording_1_Recording_1_Segment_05_62,Wood Thrush,borderline,-0.5552,all,0,False,84,86,Wood Thrush,True,0.2,Wood Thrush,True,0.4,Wood Thrush,True,0.8,Wood Thrush,True,1.0,Wood Thrush,True,Wood Thrush,True,https://simile-xai-audio.s3.ap-southeast-2.amazonaws.com/data_v6/bird/audio/bird_Recording_1_Recording_1_Segment_05_62.wav,data/processed/BirdSoundsDataset/audio/bird_Recording_1_Recording_1_Segment_05_62.wav,,,,
bird,bird_Recording_1_Recording_1_Segment_11_32,Wood Thrush,borderline,-0.5482,all,0,False,82,86,Wood Thrush,True,0.2,Wood Thrush,True,0.2,Wood Thrush,True,0.6,Wood Thrush,True,0.4,Wood Thrush,True,Wood Thrush,True,https://simile-xai-audio.s3.ap-southeast-2.amazonaws.com/data_v6/bird/audio/bird_Recording_1_Recording_1_Segment_11_32.wav,data/processed/BirdSoundsDataset/audio/bird_Recording_1_Recording_1_Segment_11_32.wav,,,,
bird,bird_Recording_2_Recording_2_Segment_05_261,Wood Thrush,borderline,-0.5311,all,0,False,20,86,Ovenbird,False,0.2,Black-capped Chickadee,False,0.2,Wood Thrush,True,0.2,Ovenbird,False,0.2,Wood Thrush,True,Black-capped Chickadee,False,https://simile-xai-audio.s3.ap-southeast-2.amazonaws.com/data_v6/bird/audio/bird_Recording_2_Recording_2_Segment_05_261.wav,data/processed/BirdSoundsDataset/audio/bird_Recording_2_Recording_2_Segment_05_261.wav,,,,
bird,bird_Recording_2_Recording_2_Segment_04_233,Wood Thrush,borderline,-0.502,all,0,False,82,86,Wood Thrush,True,0.6,Wood Thrush,True,0.8,Wood Thrush,True,0.8,Wood Thrush,True,0.8,Wood Thrush,True,Wood Thrush,True,https://simile-xai-audio.s3.ap-southeast-2.amazonaws.com/data_v6/bird/audio/bird_Recording_2_Recording_2_Segment_04_233.wav,data/processed/BirdSoundsDataset/audio/bird_Recording_2_Recording_2_Segment_04_233.wav,,,,
bird,bird_Recording_1_Recording_1_Segment_12_13,Wood Thrush,borderline,-0.498,all,0,False,83,86,Wood Thrush,True,0.4,Wood Thrush,True,0.6,Wood Thrush,True,0.8,Wood Thrush,True,0.8,Wood Thrush,True,Tufted Titmouse,False,https://simile-xai-audio.s3.ap-southeast-2.amazonaws.com/data_v6/bird/audio/bird_Recording_1_Recording_1_Segment_12_13.wav,data/processed/BirdSoundsDataset/audio/bird_Recording_1_Recording_1_Segment_12_13.wav,,,,
bird,bird_Recording_1_Recording_1_Segment_09_33,Wood Thrush,borderline,-0.498,all,0,False,86,86,Wood Thrush,True,0.6,Wood Thrush,True,1.0,Wood Thrush,True,1.0,Wood Thrush,True,0.8,Wood Thrush,True,Wood Thrush,True,https://simile-xai-audio.s3.ap-southeast-2.amazonaws.com/data_v6/bird/audio/bird_Recording_1_Recording_1_Segment_09_33.wav,data/processed/BirdSoundsDataset/audio/bird_Recording_1_Recording_1_Segment_09_33.wav,,,,
bird,bird_Recording_2_Recording_2_Segment_10_200,Wood Thrush,borderline,-0.4878,all,0,False,84,86,Wood Thrush,True,0.4,Wood Thrush,True,0.6,Wood Thrush,True,0.6,Wood Thrush,True,1.0,Wood Thrush,True,Wood Thrush,True,https://simile-xai-audio.s3.ap-southeast-2.amazonaws.com/data_v6/bird/audio/bird_Recording_2_Recording_2_Segment_10_200.wav,data/processed/BirdSoundsDataset/audio/bird_Recording_2_Recording_2_Segment_10_200.wav,,,,
bird,bird_Recording_2_Recording_2_Segment_04_181,Wood Thrush,borderline,-0.4652,all,0,False,1,86,Black-capped Chickadee,False,0.4,Black-capped Chickadee,False,0.8,Wood Thrush,True,0.6,Black-capped Chickadee,False,0.6,Black-capped Chickadee,False,Black-capped Chickadee,False,https://simile-xai-audio.s3.ap-southeast-2.amazonaws.com/data_v6/bird/audio/bird_Recording_2_Recording_2_Segment_04_181.wav,data/processed/BirdSoundsDataset/audio/bird_Recording_2_Recording_2_Segment_04_181.wav,,,,
bird,bird_Recording_2_Recording_2_Segment_04_274,Wood Thrush,borderline,-0.4407,all,0,False,2,86,Black-capped Chickadee,False,0.2,Black-capped Chickadee,False,0.4,Black-capped Chickadee,False,0.2,Black-capped Chickadee,False,0.4,Black-capped Chickadee,False,Black-capped Chickadee,False,https://simile-xai-audio.s3.ap-southeast-2.amazonaws.com/data_v6/bird/audio/bird_Recording_2_Recording_2_Segment_04_274.wav,data/processed/BirdSoundsDataset/audio/bird_Recording_2_Recording_2_Segment_04_274.wav,,,,
bird,bird_Recording_2_Recording_2_Segment_03_143,Wood Thrush,clear,1.676,all,0,False,86,86,Wood Thrush,True,0.8,Wood Thrush,True,0.8,Wood Thrush,True,0.8,Wood Thrush,True,1.0,Wood Thrush,True,Wood Thrush,True,https://simile-xai-audio.s3.ap-southeast-2.amazonaws.com/data_v6/bird/audio/bird_Recording_2_Recording_2_Segment_03_143.wav,data/processed/BirdSoundsDataset/audio/bird_Recording_2_Recording_2_Segment_03_143.wav,,,,
bird,bird_Recording_2_Recording_2_Segment_03_188,Wood Thrush,clear,1.6568,all,0,False,86,86,Wood Thrush,True,0.8,Wood Thrush,True,0.8,Wood Thrush,True,0.8,Wood Thrush,True,1.0,Wood Thrush,True,Wood Thrush,True,https://simile-xai-audio.s3.ap-southeast-2.amazonaws.com/data_v6/bird/audio/bird_Recording_2_Recording_2_Segment_03_188.wav,data/processed/BirdSoundsDataset/audio/bird_Recording_2_Recording_2_Segment_03_188.wav,,,,
bird,bird_Recording_2_Recording_2_Segment_03_197,Wood Thrush,clear,1.6533,all,0,False,86,86,Wood Thrush,True,0.6,Wood Thrush,True,0.8,Wood Thrush,True,1.0,Wood Thrush,True,1.0,Wood Thrush,True,Wood Thrush,True,https://simile-xai-audio.s3.ap-southeast-2.amazonaws.com/data_v6/bird/audio/bird_Recording_2_Recording_2_Segment_03_197.wav,data/processed/BirdSoundsDataset/audio/bird_Recording_2_Recording_2_Segment_03_197.wav,,,,
bird,bird_Recording_2_Recording_2_Segment_06_74,Wood Thrush,clear,1.5903,all,0,False,86,86,Wood Thrush,True,0.6,Wood Thrush,True,0.8,Wood Thrush,True,1.0,Wood Thrush,True,1.0,Wood Thrush,True,Wood Thrush,True,https://simile-xai-audio.s3.ap-southeast-2.amazonaws.com/data_v6/bird/audio/bird_Recording_2_Recording_2_Segment_06_74.wav,data/processed/BirdSoundsDataset/audio/bird_Recording_2_Recording_2_Segment_06_74.wav,,,,
bird,bird_Recording_2_Recording_2_Segment_03_139,Wood Thrush,clear,1.5178,all,0,False,85,86,Wood Thrush,True,0.6,Wood Thrush,True,0.8,Wood Thrush,True,0.6,Wood Thrush,True,1.0,Wood Thrush,True,Wood Thrush,True,https://simile-xai-audio.s3.ap-southeast-2.amazonaws.com/data_v6/bird/audio/bird_Recording_2_Recording_2_Segment_03_139.wav,data/processed/BirdSoundsDataset/audio/bird_Recording_2_Recording_2_Segment_03_139.wav,,,,
bird,bird_Recording_2_Recording_2_Segment_03_80,Wood Thrush,clear,1.4893,all,0,False,80,86,Wood Thrush,True,0.6,Wood Thrush,True,0.8,Wood Thrush,True,1.0,Wood Thrush,True,0.8,Wood Thrush,True,Wood Thrush,True,https://simile-xai-audio.s3.ap-southeast-2.amazonaws.com/data_v6/bird/audio/bird_Recording_2_Recording_2_Segment_03_80.wav,data/processed/BirdSoundsDataset/audio/bird_Recording_2_Recording_2_Segment_03_80.wav,,,,
bird,bird_Recording_2_Recording_2_Segment_01_125,Wood Thrush,clear,1.2973,all,0,False,86,86,Wood Thrush,True,0.4,Wood Thrush,True,0.8,Wood Thrush,True,0.8,Wood Thrush,True,1.0,Wood Thrush,True,Wood Thrush,True,https://simile-xai-audio.s3.ap-southeast-2.amazonaws.com/data_v6/bird/audio/bird_Recording_2_Recording_2_Segment_01_125.wav,data/processed/BirdSoundsDataset/audio/bird_Recording_2_Recording_2_Segment_01_125.wav,,,,
bird,bird_Recording_2_Recording_2_Segment_02_25,Wood Thrush,clear,1.2682,all,0,False,86,86,Wood Thrush,True,0.8,Wood Thrush,True,0.8,Wood Thrush,True,0.8,Wood Thrush,True,1.0,Wood Thrush,True,Wood Thrush,True,https://simile-xai-audio.s3.ap-southeast-2.amazonaws.com/data_v6/bird/audio/bird_Recording_2_Recording_2_Segment_02_25.wav,data/processed/BirdSoundsDataset/audio/bird_Recording_2_Recording_2_Segment_02_25.wav,,,,
bird,bird_Recording_2_Recording_2_Segment_03_96,Wood Thrush,clear,1.2068,all,0,False,85,86,Wood Thrush,True,0.6,Wood Thrush,True,0.8,Wood Thrush,True,1.0,Wood Thrush,True,0.8,Wood Thrush,True,Wood Thrush,True,https://simile-xai-audio.s3.ap-southeast-2.amazonaws.com/data_v6/bird/audio/bird_Recording_2_Recording_2_Segment_03_96.wav,data/processed/BirdSoundsDataset/audio/bird_Recording_2_Recording_2_Segment_03_96.wav,,,,
bird,bird_Recording_2_Recording_2_Segment_03_192,Wood Thrush,clear,1.1725,all,0,False,85,86,Wood Thrush,True,0.8,Wood Thrush,True,0.8,Wood Thrush,True,0.6,Wood Thrush,True,0.8,Wood Thrush,True,Wood Thrush,True,https://simile-xai-audio.s3.ap-southeast-2.amazonaws.com/data_v6/bird/audio/bird_Recording_2_Recording_2_Segment_03_192.wav,data/processed/BirdSoundsDataset/audio/bird_Recording_2_Recording_2_Segment_03_192.wav,,,,
bird,bird_Recording_2_Recording_2_Segment_03_31,Wood Thrush,clear,1.1701,all,0,False,85,86,Wood Thrush,True,0.6,Wood Thrush,True,0.6,Wood Thrush,True,0.8,Wood Thrush,True,1.0,Wood Thrush,True,Wood Thrush,True,https://simile-xai-audio.s3.ap-southeast-2.amazonaws.com/data_v6/bird/audio/bird_Recording_2_Recording_2_Segment_03_31.wav,data/processed/BirdSoundsDataset/audio/bird_Recording_2_Recording_2_Segment_03_31.wav,,,,
bird,bird_Recording_2_Recording_2_Segment_03_103,Wood Thrush,clear,1.1541,all,0,False,85,86,Wood Thrush,True,0.4,Wood Thrush,True,0.6,Wood Thrush,True,0.6,Wood Thrush,True,0.8,Wood Thrush,True,Wood Thrush,True,https://simile-xai-audio.s3.ap-southeast-2.amazonaws.com/data_v6/bird/audio/bird_Recording_2_Recording_2_Segment_03_103.wav,data/processed/BirdSoundsDataset/audio/bird_Recording_2_Recording_2_Segment_03_103.wav,,,,
bird,bird_Recording_2_Recording_2_Segment_02_2,Wood Thrush,clear,1.1146,all,0,False,86,86,Wood Thrush,True,0.6,Wood Thrush,True,0.8,Wood Thrush,True,0.8,Wood Thrush,True,0.8,Wood Thrush,True,Wood Thrush,True,https://simile-xai-audio.s3.ap-southeast-2.amazonaws.com/data_v6/bird/audio/bird_Recording_2_Recording_2_Segment_02_2.wav,data/processed/BirdSoundsDataset/audio/bird_Recording_2_Recording_2_Segment_02_2.wav,,,,
bird,bird_Recording_2_Recording_2_Segment_04_115,Wood Thrush,clear,1.0894,all,0,False,85,86,Wood Thrush,True,0.8,Wood Thrush,True,0.8,Wood Thrush,True,0.8,Wood Thrush,True,0.8,Wood Thrush,True,Black-capped Chickadee,False,https://simile-xai-audio.s3.ap-southeast-2.amazonaws.com/data_v6/bird/audio/bird_Recording_2_Recording_2_Segment_04_115.wav,data/processed/BirdSoundsDataset/audio/bird_Recording_2_Recording_2_Segment_04_115.wav,,,,
bird,bird_Recording_2_Recording_2_Segment_04_25,Wood Thrush,clear,1.0518,all,0,False,86,86,Wood Thrush,True,0.6,Wood Thrush,True,0.8,Wood Thrush,True,1.0,Wood Thrush,True,1.0,Wood Thrush,True,Wood Thrush,True,https://simile-xai-audio.s3.ap-southeast-2.amazonaws.com/data_v6/bird/audio/bird_Recording_2_Recording_2_Segment_04_25.wav,data/processed/BirdSoundsDataset/audio/bird_Recording_2_Recording_2_Segment_04_25.wav,,,,
